,pitch_type,game_date,release_speed,release_pos_x,release_pos_z,player_name,batter,pitcher,events,description,spin_dir,spin_rate_deprecated,break_angle_deprecated,break_length_deprecated,zone,des,game_type,stand,p_throws,home_team,away_team,type,hit_location,bb_type,balls,strikes,game_year,pfx_x,pfx_z,plate_x,plate_z,on_3b,on_2b,on_1b,outs_when_up,inning,inning_topbot,hc_x,hc_y,tfs_deprecated,tfs_zulu_deprecated,umpire,sv_id,vx0,vy0,vz0,ax,ay,az,sz_top,sz_bot,hit_distance_sc,launch_speed,launch_angle,effective_speed,release_spin_rate,release_extension,game_pk,fielder_2,fielder_3,fielder_4,fielder_5,fielder_6,fielder_7,fielder_8,fielder_9,release_pos_y,estimated_ba_using_speedangle,estimated_woba_using_speedangle,woba_value,woba_denom,babip_value,iso_value,launch_speed_angle,at_bat_number,pitch_number,pitch_name,home_score,away_score,bat_score,fld_score,post_away_score,post_home_score,post_bat_score,post_fld_score,if_fielding_alignment,of_fielding_alignment,spin_axis,delta_home_win_exp,delta_run_exp,bat_speed,swing_length,estimated_slg_using_speedangle,delta_pitcher_run_exp,hyper_speed,home_score_diff,bat_score_diff,home_win_exp,bat_win_exp,age_pit_legacy,age_bat_legacy,age_pit,age_bat,n_thruorder_pitcher,n_priorpa_thisgame_player_at_bat,pitcher_days_since_prev_game,batter_days_since_prev_game,pitcher_days_until_next_game,batter_days_until_next_game,api_break_z_with_gravity,api_break_x_arm,api_break_x_batter_in,arm_angle,attack_angle,attack_direction,swing_path_tilt,intercept_ball_minus_batter_pos_x_inches,intercept_ball_minus_batter_pos_y_inches
0,FS,2025-11-01,87.5,-1.64,6.08,"Guerrero Jr., Vladimir",665489,660271,,ball,,,,,14,Ball,W,R,R,TOR,LAD,B,,,0,0,2025,-0.72,0.38,1.94,0.8,,543807.0,,1,3,Bot,,,,,,,10.192764648773784,-126.74274873715268,-7.275612084796826,-10.03489232409599,28.79237226369483,-26.63255365461762,3.67,1.59,,,,87.5,1246,6.8,813024,669257,518692,500743,571970,605141,571771,669242,606192,53.71,,,,,,,,22,1,Split-Finger,0,0,0,0,0,0,0,0,Standard,Standard,230,0.035,0.028,,,,-0.028,,0,0,0.5773238003373861,0.5773238003373861,30,26,31,26,2,1,4,1,,,2.65,0.72,0.72,46.4,,,,,
1,SI,2025-11-01,97.0,-1.45,5.94,"Guerrero Jr., Vladimir",665489,607192,field_out,hit_into_play,,,,,5,"Vladimir Guerrero Jr. grounds out, third baseman Max Muncy to first baseman Freddie Freeman.",W,R,R,TOR,LAD,X,5.0,ground_ball,1,0,2025,-1.27,1.1,-0.13,2.44,665926.0,,,2,6,Bot,105.38,160.71,,,,,6.646785017745798,-140.93576347327905,-6.401902550324896,-18.49084793944236,37.55763566791948,-16.181866972662547,3.67,1.61,5.0,77.0,-28.0,98.8,2381,7.7,813024,669257,518692,500743,571970,605141,571771,669242,606192,52.75,0.046,0.044,0.0,1.0,0.0,0.0,2.0,57,2,Sinker,4,2,4,2,2,4,4,2,Standard,Standard,190,-0.016,-0.302,78.4,7.3,0.059,0.302,88.0,2,2,0.8400295029086581,0.8400295029086581,31,26,32,26,2,3,1,1,,,1.36,1.27,1.27,53.9,-5.89560579903846,5.569962487451357,32.04720580626785,32.83852690227382,26.645299978137427
2,SL,2025-11-01,88.9,-1.44,5.97,"Guerrero Jr., Vladimir",665489,607192,,ball,,,,,14,Ball,W,R,R,TOR,LAD,B,,,0,0,2025,0.07,-0.33,1.11,1.95,665926.0,,,2,6,Bot,,,,,,,6.2465090417974825,-129.30316351469656,-3.126726529206209,-0.533567460227699,27.792876394004665,-35.42579980273732,3.6,1.71,,,,90.7,2613,7.5,813024,669257,518692,500743,571970,605141,571771,669242,606192,53.0,,,,,,,,57,1,Slider,4,2,4,2,2,4,4,2,Standard,Standard,48,0.008,0.028,,,,-0.028,,2,2,0.8400295029086581,0.8400295029086581,31,26,32,26,2,3,1,1,,,3.23,-0.07,-0.07,55.4,,,,,
3,FF,2025-11-01,96.9,-2.01,5.25,"Guerrero Jr., Vladimir",665489,808967,double,hit_into_play,,,,,11,Vladimir Guerrero Jr. doubles (5) on a line drive to left fielder Enrique Hernández.,W,R,R,TOR,LAD,X,7.0,line_drive,3,2,2025,-0.61,1.54,-0.84,3.18,,,,0,11,Bot,42.95,114.89,,,,,4.518908967461919,-141.06066395234168,-3.4934683076249646,-9.146990531546487,34.60719424417645,-11.079126583865776,3.67,1.61,291.0,89.8,21.0,96.9,2284,6.5,813024,669257,518692,808975,571970,605141,571771,681909,681624,54.04,0.291,0.307,1.25,1.0,1.0,1.0,3.0,96,6,4-Seam Fastball,4,5,4,5,5,4,4,5,Standard,Strategic,218,0.234,0.631,74.7,7.0,0.44,-0.631,89.8,-1,-1,0.2035566696733863,0.2035566696733863,26,26,27,26,1,5,1,1,,,0.9,0.61,0.61,38.9,7.529482819883715,-14.931355123851406,30.96901212204304,24.214118091928423,30.655963307920366
4,FS,2025-11-01,91.3,-2.04,5.18,"Guerrero Jr., Vladimir",665489,808967,,ball,,,,,11,Ball,W,R,R,TOR,LAD,B,,,2,2,2025,-0.7,-0.05,-1.1,3.13,,,,0,11,Bot,,,,,,,3.869863209564208,-132.89991334627473,0.8416289394286836,-9.162119586470308,28.635462408582583,-33.21896510531522,3.67,1.51,,,,91.5,1324,6.4,813024,669257,518692,808975,571970,605141,571771,681909,681624,54.07,,,,,,,,96,5,Split-Finger,4,5,4,5,5,4,4,5,Standard,Strategic,239,-0.01,0.112,,,,-0.112,,-1,-1,0.2035566696733863,0.2035566696733863,26,26,27,26,1,5,1,1,,,2.79,0.7,0.7,38.2,,,,,
5,FF,2025-11-01,96.2,-1.91,5.14,"Guerrero Jr., Vladimir",665489,808967,,called_strike,,,,,4,Called Strike,W,R,R,TOR,LAD,S,,,2,1,2025,-0.55,1.47,-0.6,2.75,,,,0,11,Bot,,,,,,,4.736369942166038,-140.02135659344304,-4.094974265889702,-8.316999860560571,33.83822479067637,-12.13490059763136,3.62,1.6,,,,96.2,2377,6.4,813024,669257,518692,808975,571970,605141,571771,681909,681624,54.06,,,,,,,,96,4,4-Seam Fastball,4,5,4,5,5,4,4,5,Strategic,Standard,209,-0.01,-0.073,,,,0.073,,-1,-1,0.2035566696733863,0.2035566696733863,26,26,27,26,1,5,1,1,,,1.0,0.55,0.55,37.9,,,,,
6,FC,2025-11-01,91.2,-2.0,5.14,"Guerrero Jr., Vladimir",665489,808967,,called_strike,,,,,5,Called Strike,W,R,R,TOR,LAD,S,,,2,0,2025,0.5,0.43,-0.19,2.68,,,,0,11,Bot,,,,,,,3.483319444405855,-132.8819809808871,-1.2346413838506043,5.198285728787626,27.826658892201127,-27.023354243262126,3.67,1.59,,,,91.5,2627,6.3,813024,669257,518692,808975,571970,605141,571771,681909,681624,54.18,,,,,,,,96,3,Cutter,4,5,4,5,5,4,4,5,Strategic,Standard,159,-0.01,-0.072,,,,0.072,,-1,-1,0.2035566696733863,0.2035566696733863,26,26,27,26,1,5,1,1,,,2.3,-0.5,-0.5,36.9,,,,,
7,FS,2025-11-01,92.1,-1.83,5.21,"Guerrero Jr., Vladimir",665489,808967,,ball,,,,,14,Ball,W,R,R,TOR,LAD,B,,,1,0,2025,-1.15,0.41,0.97,0.97,,,,0,11,Bot,,,,,,,9.651323225110238,-133.718505383064,-5.811185273962728,-15.965500831674651,29.981408328552583,-26.08780235206608,3.65,1.51,,,,92.4,1540,6.7,813024,669257,518692,808975,571970,605141,571771,681909,681624,53.84,,,,,,,,96,2,Split-Finger,4,5,4,5,5,4,4,5,Standard,Standard,232,-0.01,0.077,,,,-0.077,,-1,-1,0.2035566696733863,0.2035566696733863,26,26,27,26,1,5,1,1,,,2.3,1.15,1.15,39.2,,,,,
8,FC,2025-11-01,91.1,-2.07,5.18,"Guerrero Jr., Vladimir",665489,808967,,ball,,,,,14,Ball,W,R,R,TOR,LAD,B,,,0,0,2025,0.59,0.46,1.02,1.8,,,,0,11,Bot,,,,,,,6.537578290848838,-132.63481823643548,-3.614130850222184,5.584131163189935,27.626923790891,-26.158693619684765,3.67,1.66,,,,91.5,2689,6.4,813024,669257,518692,808975,571970,605141,571771,681909,681624,54.06,,,,,,,,96,1,Cutter,4,5,4,5,5,4,4,5,Standard,Standard,152,-0.01,0.041,,,,-0.041,,-1,-1,0.2035566696733863,0.2035566696733863,26,26,27,26,1,5,1,1,,,2.28,-0.59,-0.59,35.1,,,,,
9,FF,2025-11-01,99.6,-2.27,5.51,"Guerrero Jr., Vladimir",665489,660271,strikeout_double_play,called_strike,,,,,9,"Vladimir Guerrero Jr. called out on strikes and George Springer caught stealing 2nd, catcher Will Smith to second baseman Miguel Rojas to catcher Will Smith.",W,R,R,TOR,LAD,S,2.0,,3,2,2025,-0.35,0.95,0.54,2.19,,,543807.0,1,1,Bot,,,,,,,8.613870138836658,-144.73189290065858,-5.96807611673368,-7.066397281278456,35.529849184874955,-17.570900652020818,3.58,1.58,,,,100.1,2563,6.8,813024,669257,518692,500743,571970,605141,571771,669242,606192,53.75,,0.0,0.0,1.0,0.0,0.0,,7,6,4-Seam Fastball,0,0,0,0,0,0,0,0,Standard,Standard,211,-0.051,-0.32,,,,0.32,,0,0,0.5505129551270388,0.5505129551270388,30,26,31,26,1,0,4,1,,,1.36,0.35,0.35,30.1,,,,,
10,CU,2025-11-01,79.2,-1.98,6.01,"Guerrero Jr., Vladimir",665489,660271,,foul,,,,,9,Foul,W,R,R,TOR,LAD,S,,,3,1,2025,0.88,-1.21,0.63,1.88,,,543807.0,1,1,Bot,,,,,,,4.073602220236377,-115.23282632036847,0.1164955743390288,6.9488845741160965,24.1702454745406,-43.09495500087766,3.67,1.61,2.0,82.8,-43.0,79.2,2604,6.6,813024,669257,518692,500743,571970,605141,571771,669242,606192,53.88,,,,,,,,7,5,Curveball,0,0,0,0,0,0,0,0,Standard,Standard,46,-0.001,-0.085,74.1,8.1,,0.085,88.0,0,0,0.5505129551270388,0.5505129551270388,30,26,31,26,1,0,4,1,,,4.88,-0.88,-0.88,42.1,3.365915257769489,-24.20702586006696,26.43607233854624,41.27690775360301,42.538031061788885
11,FF,2025-11-01,100.2,-2.22,5.59,"Guerrero Jr., Vladimir",665489,660271,,ball,,,,,14,Ball,W,R,R,TOR,LAD,B,,,2,1,2025,-0.42,1.38,1.39,1.2,,,543807.0,1,1,Bot,,,,,,,11.029147977680172,-145.27434027304776,-10.078709851678225,-8.527320939038008,34.77045931622722,-10.34481394965078,3.63,1.69,,,,100.8,2581,6.9,813024,669257,518692,500743,571970,605141,571771,669242,606192,53.62,,,,,,,,7,4,4-Seam Fastball,0,0,0,0,0,0,0,0,Standard,Standard,215,-0.001,0.109,,,,-0.109,,0,0,0.5505129551270388,0.5505129551270388,30,26,31,26,1,0,4,1,,,0.91,0.42,0.42,32.9,,,,,
12,CH,2025-11-01,85.5,2.17,6.44,"Guerrero Jr., Vladimir",665489,605483,field_out,hit_into_play,,,,,12,Vladimir Guerrero Jr. flies out sharply to center fielder Tommy Edman.,W,R,L,TOR,LAD,X,8.0,fly_ball,3,0,2025,1.17,0.87,0.87,3.1,,,,0,9,Bot,131.84,47.27,,,,,-5.473737775318376,-124.28732781466772,-3.300168926996949,13.26186258043103,27.056076119871243,-22.760694254054965,3.67,1.61,375.0,100.5,32.0,85.8,1813,6.7,813024,669257,518692,500743,571970,605141,571771,669242,606192,53.79,0.403,0.762,0.0,1.0,0.0,0.0,6.0,77,4,Changeup,4,4,4,4,4,4,4,4,Standard,Standard,133,-0.062,-0.529,78.8,7.4,1.463,0.529,100.5,0,0,0.6385866145035767,0.6385866145035767,32,26,33,26,1,4,3,1,,,2.28,1.17,-1.17,56.6,7.598310131115073,2.3093929546449656,21.78374490621305,44.806689724758726,32.7258026627149
13,CU,2025-11-01,78.6,-1.83,6.1,"Guerrero Jr., Vladimir",665489,660271,,swinging_strike,,,,,8,Swinging Strike,W,R,R,TOR,LAD,S,,,2,0,2025,1.03,-1.16,-0.13,1.75,,,543807.0,1,1,Bot,,,,,,,1.7982324552200069,-114.40791227843172,-0.3215095307998439,8.517080873875177,24.478143805710385,-42.44223124130453,3.67,1.61,,,,78.4,2608,6.5,813024,669257,518692,500743,571970,605141,571771,669242,606192,53.99,,,,,,,,7,3,Curveball,0,0,0,0,0,0,0,0,Standard,Standard,41,-0.001,-0.062,75.6,8.4,,0.062,,0,0,0.5505129551270388,0.5505129551270388,30,26,31,26,1,0,4,1,,,4.9,-1.03,-1.03,45.0,18.71366575082265,-45.12286383447636,22.871064406542303,31.29266789430362,63.932407510968616
14,FF,2025-11-01,99.8,-2.25,5.65,"Guerrero Jr., Vladimir",665489,660271,,ball,,,,,14,Ball,W,R,R,TOR,LAD,B,,,1,0,2025,-0.33,1.33,0.7,0.94,,,543807.0,1,1,Bot,,,,,,,8.945587889730364,-144.7969860866246,-10.747303053775708,-6.723248496153673,34.491170856772776,-11.089650169921972,3.66,1.71,,,,100.3,2682,6.8,813024,669257,518692,500743,571970,605141,571771,669242,606192,53.74,,,,,,,,7,2,4-Seam Fastball,0,0,0,0,0,0,0,0,Standard,Standard,217,-0.001,0.068,,,,-0.068,,0,0,0.5505129551270388,0.5505129551270388,30,26,31,26,1,0,4,1,,,0.98,0.33,0.33,34.2,,,,,
15,SL,2025-11-01,88.8,2.01,6.47,"Guerrero Jr., Vladimir",665489,605483,,ball,,,,,13,Ball,W,R,L,TOR,LAD,B,,,2,0,2025,-0.14,0.46,-0.89,1.08,,,,0,9,Bot,,,,,,,-6.866321611158252,-128.95646690217643,-8.14928444558798,-0.0376458867844924,27.55669346248784,-25.458450962311165,3.67,1.64,,,,89.4,2468,6.8,813024,669257,518692,500743,571970,605141,571771,669242,606192,53.68,,,,,,,,77,3,Slider,4,4,4,4,4,4,4,4,Standard,Standard,181,-0.005,0.152,,,,-0.152,,0,0,0.6385866145035767,0.6385866145035767,32,26,33,26,1,4,3,1,,,2.45,-0.14,0.14,56.6,,,,,
16,SL,2025-11-01,90.1,2.0,6.51,"Guerrero Jr., Vladimir",665489,605483,,ball,,,,,14,Ball,W,R,L,TOR,LAD,B,,,1,0,2025,0.01,0.57,0.65,1.21,,,,0,9,Bot,,,,,,,-3.3886712427640884,-130.96510414396647,-8.423480647634609,0.9292149596379516,29.6540896712552,-23.98120917986768,3.67,1.66,,,,90.5,2416,6.7,813024,669257,518692,500743,571970,605141,571771,669242,606192,53.76,,,,,,,,77,2,Slider,4,4,4,4,4,4,4,4,Standard,Standard,162,-0.005,0.077,,,,-0.077,,0,0,0.6385866145035767,0.6385866145035767,32,26,33,26,1,4,3,1,,,2.26,0.01,-0.01,56.5,,,,,
17,SL,2025-11-01,91.3,-1.98,6.06,"Guerrero Jr., Vladimir",665489,660271,,ball,,,,,14,Ball,W,R,R,TOR,LAD,B,,,0,0,2025,0.11,0.17,0.38,1.27,,,543807.0,1,1,Bot,,,,,,,5.739573306217132,-132.86584866866448,-6.592895856185731,0.108553572418268,27.349895373249524,-28.977601064593426,3.67,1.62,,,,92.1,2641,6.7,813024,669257,518692,500743,571970,605141,571771,669242,606192,53.83,,,,,,,,7,1,Slider,0,0,0,0,0,0,0,0,Standard,Standard,137,-0.001,0.035,,,,-0.035,,0,0,0.5505129551270388,0.5505129551270388,30,26,31,26,1,0,4,1,,,2.55,-0.11,-0.11,43.4,,,,,
18,CH,2025-11-01,83.9,2.33,6.36,"Guerrero Jr., Vladimir",665489,605483,,ball,,,,,14,Ball,W,R,L,TOR,LAD,B,,,0,0,2025,1.22,0.7,1.42,2.51,,,,0,9,Bot,,,,,,,-4.535161848718018,-122.0134978339902,-3.8285679741883736,13.043867701552111,26.99252424207547,-24.676958916075044,3.67,1.75,,,,84.1,1754,6.7,813024,669257,518692,500743,571970,605141,571771,669242,606192,53.76,,,,,,,,77,1,Changeup,4,4,4,4,4,4,4,4,Standard,Standard,127,-0.005,0.041,,,,-0.041,,0,0,0.6385866145035767,0.6385866145035767,32,26,33,26,1,4,3,1,,,2.58,1.22,-1.22,54.9,,,,,
19,SI,2025-11-01,97.4,-1.56,5.87,"Guerrero Jr., Vladimir",665489,607192,field_out,hit_into_play,,,,,5,Vladimir Guerrero Jr. lines out to center fielder Tommy Edman.,W,R,R,TOR,LAD,X,8.0,line_drive,3,1,2025,-0.95,1.25,0.27,2.41,,665926.0,543807.0,2,4,Bot,150.5,69.13,,,,,7.314731481331556,-141.47983648831612,-6.766273924892504,-14.4695394372058,35.16725558604489,-13.96766148191358,3.67,1.61,328.0,93.5,20.0,99.8,2540,7.9,813024,669257,518692,500743,571970,605141,571771,669242,606192,52.61,0.254,0.258,0.0,1.0,0.0,0.0,4.0,37,5,Sinker,3,1,3,1,1,3,3,1,Standard,Standard,192,-0.02,-0.392,79.0,7.6,0.374,0.392,93.5,2,2,0.7814697816736415,0.7814697816736415,31,26,32,26,1,2,1,1,,,1.18,0.95,0.95,52.8,-2.7121981382825258,4.433168700950347,29.442086641358447,38.26134760707802,29.036379843278286
20,CU,2025-11-01,81.8,-1.5,5.98,"Guerrero Jr., Vladimir",665489,607192,,blocked_ball,,,,,14,Ball In Dirt,W,R,R,TOR,LAD,B,,,2,1,2025,0.51,-1.5,2.01,0.83,,665926.0,543807.0,2,4,Bot,,,,,,,7.106375004052449,-118.844620699782,-2.103159273499948,3.310183430523343,24.636594687202237,-46.10523054765793,3.67,1.69,,,,83.5,2772,7.7,813024,669257,518692,500743,571970,605141,571771,669242,606192,52.82,,,,,,,,37,4,Curveball,3,1,3,1,1,3,3,1,Standard,Standard,20,0.008,0.109,,,,-0.109,,2,2,0.7814697816736415,0.7814697816736415,31,26,32,26,1,2,1,1,,,4.94,-0.51,-0.51,62.7,,,,,
21,FF,2025-11-01,96.6,-1.43,5.97,"Guerrero Jr., Vladimir",665489,607192,,ball,,,,,12,Ball,W,R,R,TOR,LAD,B,,,1,1,2025,-0.26,1.51,0.4,3.77,,665926.0,543807.0,2,4,Bot,,,,,,,5.618545047858427,-140.65721405154872,-3.873947319287661,-4.673261982161025,30.521772903417105,-11.437532029876648,3.65,1.67,,,,99.6,2448,7.8,813024,669257,518692,500743,571970,605141,571771,669242,606192,52.68,,,,,,,,37,3,4-Seam Fastball,3,1,3,1,1,3,3,1,Standard,Standard,194,0.008,0.03,,,,-0.03,,2,2,0.7814697816736415,0.7814697816736415,31,26,32,26,1,2,1,1,,,0.92,0.26,0.26,54.5,,,,,
22,SI,2025-11-01,96.2,-1.61,5.92,"Guerrero Jr., Vladimir",665489,607192,,called_strike,,,,,5,Called Strike,W,R,R,TOR,LAD,S,,,1,0,2025,-1.06,1.16,0.04,2.3,,665926.0,543807.0,2,4,Bot,,,,,,,6.991050372190288,-139.8607929033866,-6.831650485479049,-15.523048707311675,30.68636612150439,-15.616301609008076,3.67,1.6,,,,98.9,2235,7.8,813024,669257,518692,500743,571970,605141,571771,669242,606192,52.73,,,,,,,,37,2,Sinker,3,1,3,1,1,3,3,1,Standard,Standard,194,0.008,-0.052,,,,0.052,,2,2,0.7814697816736415,0.7814697816736415,31,26,32,26,1,2,1,1,,,1.3,1.06,1.06,51.9,,,,,
23,SI,2025-11-01,96.3,-1.82,5.96,"Guerrero Jr., Vladimir",665489,607192,,ball,,,,,11,Ball,W,R,R,TOR,LAD,B,,,0,0,2025,-1.0,1.11,-0.82,4.36,,665926.0,543807.0,2,4,Bot,,,,,,,5.061118207922751,-140.23260160332995,-1.2452772846022324,-14.3138417260634,30.583482439100823,-17.39408579827528,3.67,1.61,,,,98.9,2371,7.6,813024,669257,518692,500743,571970,605141,571771,669242,606192,52.89,,,,,,,,37,1,Sinker,3,1,3,1,1,3,3,1,Standard,Standard,191,0.008,0.024,,,,-0.024,,2,2,0.7814697816736415,0.7814697816736415,31,26,32,26,1,2,1,1,,,1.34,1.0,1.0,52.7,,,,,
24,CU,2025-10-31,77.8,-1.6,5.35,"Guerrero Jr., Vladimir",665489,808967,double,hit_into_play,,,,,14,Vladimir Guerrero Jr. doubles (4) on a line drive to left fielder Enrique Hernández.,W,R,R,TOR,LAD,X,7.0,line_drive,1,1,2025,1.02,-1.49,0.84,1.89,,,,2,6,Bot,45.63,107.71,,,,,3.3703543617574536,-113.08193480471108,2.4015487962408786,7.902410273723316,24.426124843565688,-45.58419920376625,3.66,1.6,299.0,88.3,21.0,77.7,2867,6.7,813025,669257,518692,500743,571970,605141,571771,669242,606192,53.83,0.4,0.41,1.25,1.0,1.0,1.0,3.0,44,3,Curveball,1,3,1,3,3,1,1,3,Standard,Standard,35,0.022,0.595,74.0,8.3,0.545,-0.595,88.3,-2,-2,0.1999148093204427,0.1999148093204427,26,26,27,26,3,2,6,2,1.0,1.0,5.33,-1.02,-1.02,47.0,5.212841142778784,-26.555328832547268,28.72796542788341,43.09026804930312,49.82570603401436
25,FC,2025-10-31,90.2,-1.93,5.09,"Guerrero Jr., Vladimir",665489,808967,,ball,,,,,14,Ball,W,R,R,TOR,LAD,B,,,0,1,2025,0.63,0.15,1.66,1.23,,,,2,6,Bot,,,,,,,7.616118288991689,-131.1511321437649,-4.00369991725622,5.761588701930321,26.729194282352346,-29.79682911197346,3.56,1.43,,,,90.8,2567,6.6,813025,669257,518692,500743,571970,605141,571771,669242,606192,53.87,,,,,,,,44,2,Cutter,1,3,1,3,3,1,1,3,Standard,Standard,160,-0.01,0.027,,,,-0.027,,-2,-2,0.1999148093204427,0.1999148093204427,26,26,27,26,3,2,6,2,1.0,1.0,2.65,-0.63,-0.63,35.5,,,,,
26,FS,2025-10-31,90.3,-1.96,5.12,"Guerrero Jr., Vladimir",665489,808967,,called_strike,,,,,4,Called Strike,W,R,R,TOR,LAD,S,,,0,0,2025,-0.71,0.2,-0.74,2.73,,,,2,6,Bot,,,,,,,4.576376915258257,-131.50131044294338,-0.4220605277492329,-9.160901109641234,28.044545789384244,-29.98606865004358,3.63,1.41,,,,90.7,1271,6.5,813025,669257,518692,500743,571970,605141,571771,669242,606192,53.99,,,,,,,,44,1,Split-Finger,1,3,1,3,3,1,1,3,Standard,Standard,247,-0.01,-0.043,,,,0.043,,-2,-2,0.1999148093204427,0.1999148093204427,26,26,27,26,3,2,6,2,1.0,1.0,2.59,0.71,0.71,36.6,,,,,
27,FS,2025-10-31,91.7,-1.81,5.33,"Guerrero Jr., Vladimir",665489,808967,strikeout,called_strike,,,,,7,Vladimir Guerrero Jr. called out on strikes.,W,R,R,TOR,LAD,S,2.0,,1,2,2025,-0.66,-0.12,-0.51,1.62,,,,0,4,Bot,,,,,,,4.739974578749353,-133.48005199594635,-3.271255705253833,-8.902977152882164,29.63793464303556,-33.11755135869647,3.63,1.49,,,,92.1,1380,6.6,813025,669257,518692,500743,571970,605141,571771,669242,606192,53.89,,0.0,0.0,1.0,0.0,0.0,,29,4,Split-Finger,1,3,1,3,3,1,1,3,Standard,Standard,243,-0.04,-0.189,,,,0.189,,-2,-2,0.3107221542211919,0.3107221542211919,26,26,27,26,2,1,6,2,1.0,1.0,2.84,0.66,0.66,39.9,,,,,
28,FS,2025-10-31,91.9,-1.87,5.21,"Guerrero Jr., Vladimir",665489,808967,,swinging_strike,,,,,8,Swinging Strike,W,R,R,TOR,LAD,S,,,1,1,2025,-1.0,-0.09,0.16,1.56,,,,0,4,Bot,,,,,,,7.365401922038884,-133.60113833532185,-3.132337700297076,-13.634643646063434,31.830596093948877,-32.721339059232754,3.66,1.6,,,,92.0,1405,6.6,813025,669257,518692,500743,571970,605141,571771,669242,606192,53.86,,,,,,,,29,3,Split-Finger,1,3,1,3,3,1,1,3,Standard,Standard,237,-0.011,-0.061,81.4,8.0,,0.061,,-2,-2,0.3107221542211919,0.3107221542211919,26,26,27,26,2,1,6,2,1.0,1.0,2.82,1.0,1.0,36.8,7.736819168240388,-18.97447363423873,35.778835974093745,35.3315813907971,41.533028185818175
29,SI,2025-10-31,93.6,-1.79,5.29,"Guerrero Jr., Vladimir",665489,808967,,ball,,,,,11,Ball,W,R,R,TOR,LAD,B,,,0,1,2025,-1.17,1.11,-1.24,3.36,,,,0,4,Bot,,,,,,,4.004837184853487,-136.1042895389708,-1.607994622253882,-15.33507787807972,34.11420580440851,-18.39039418527431,3.59,1.51,,,,93.5,2234,6.6,813025,669257,518692,500743,571970,605141,571771,669242,606192,53.88,,,,,,,,29,2,Sinker,1,3,1,3,3,1,1,3,Standard,Standard,212,-0.011,0.031,,,,-0.031,,-2,-2,0.3107221542211919,0.3107221542211919,26,26,27,26,2,1,6,2,1.0,1.0,1.53,1.17,1.17,40.3,,,,,
30,FC,2025-10-31,91.9,-1.96,5.27,"Guerrero Jr., Vladimir",665489,808967,,called_strike,,,,,9,Called Strike,W,R,R,TOR,LAD,S,,,0,0,2025,0.63,0.64,0.76,2.21,,,,0,4,Bot,,,,,,,5.563550353084182,-133.80653162265864,-3.2990678495716868,6.300205626372959,29.235726941147377,-23.997506386976884,3.68,1.56,,,,92.2,2463,6.5,813025,669257,518692,500743,571970,605141,571771,669242,606192,54.03,,,,,,,,29,1,Cutter,1,3,1,3,3,1,1,3,Standard,Standard,180,-0.011,-0.039,,,,0.039,,-2,-2,0.3107221542211919,0.3107221542211919,26,26,27,26,2,1,6,2,1.0,1.0,2.06,-0.63,-0.63,40.2,,,,,
31,FF,2025-10-31,98.8,-2.17,6.08,"Guerrero Jr., Vladimir",665489,808963,walk,ball,,,,,11,Vladimir Guerrero Jr. walks. George Springer to 2nd.,W,R,R,TOR,LAD,B,,,3,2,2025,-0.55,1.27,-0.22,4.22,,,543807.0,1,8,Bot,,,,,,,6.692286667486026,-143.7410858896439,-2.6038834584158157,-9.23931157404108,35.00162307125585,-14.258843293292015,3.57,1.53,,,,100.0,2300,7.1,813025,669257,518692,500743,571970,605141,571771,669242,681624,53.44,,0.691497,0.7,1.0,0.0,0.0,,62,7,4-Seam Fastball,1,3,1,3,3,1,1,3,Standard,Standard,222,0.066,0.266,,,,-0.266,,-2,-2,0.1783160799595239,0.1783160799595239,23,26,24,26,1,3,4,2,,1.0,1.08,0.55,0.55,44.1,,,,,
32,FS,2025-10-31,85.4,-2.11,6.1,"Guerrero Jr., Vladimir",665489,808963,,ball,,,,,11,Ball,W,R,R,TOR,LAD,B,,,2,2,2025,0.13,-0.61,-1.31,3.55,,,543807.0,1,8,Bot,,,,,,,1.640746819793247,-124.26521420045044,1.6148416421948448,1.0136114516209431,27.572753466248823,-39.03868712966877,3.61,1.45,,,,86.1,498,7.0,813025,669257,518692,500743,571970,605141,571771,669242,681624,53.51,,,,,,,,62,6,Split-Finger,1,3,1,3,3,1,1,3,Standard,Standard,345,-0.011,0.098,,,,-0.098,,-2,-2,0.1783160799595239,0.1783160799595239,23,26,24,26,1,3,4,2,,1.0,3.76,-0.13,-0.13,46.5,,,,,
33,FS,2025-10-31,86.3,-1.99,6.16,"Guerrero Jr., Vladimir",665489,808963,,foul,,,,,13,Foul,W,R,R,TOR,LAD,S,,,2,2,2025,-0.78,-0.72,-0.72,0.38,,,543807.0,1,8,Bot,,,,,,,4.679837130998366,-125.4771777947462,-6.034332926218815,-9.194483037953557,29.89152816007245,-38.467023279658896,3.66,1.6,,,,87.2,478,7.3,813025,669257,518692,500743,571970,605141,571771,669242,681624,53.17,,,,,,,,62,5,Split-Finger,1,3,1,3,3,1,1,3,Standard,Standard,296,-0.011,0.0,64.7,9.0,,0.0,,-2,-2,0.1783160799595239,0.1783160799595239,23,26,24,26,1,3,4,2,,1.0,3.83,0.78,0.78,48.0,21.96643398728438,-32.789292168470226,45.6239308190494,25.8002170701764,48.99769513513894
34,FS,2025-10-31,85.9,-2.02,6.1,"Guerrero Jr., Vladimir",665489,808963,,ball,,,,,7,Ball,W,R,R,TOR,LAD,B,,,1,2,2025,-0.31,-0.44,-0.53,1.65,,,543807.0,1,8,Bot,,,,,,,4.216273836847188,-124.94766792578288,-3.293323459612433,-4.231302550269702,30.37123122522712,-36.19765765373236,3.51,1.57,,,,86.5,514,7.2,813025,669257,518692,500743,571970,605141,571771,669242,681624,53.31,,,,,,,,62,4,Split-Finger,1,3,1,3,3,1,1,3,Standard,Standard,323,-0.011,0.044,,,,-0.044,,-2,-2,0.1783160799595239,0.1783160799595239,23,26,24,26,1,3,4,2,,1.0,3.59,0.31,0.31,48.6,,,,,
35,FS,2025-10-31,86.0,-2.03,6.09,"Guerrero Jr., Vladimir",665489,808963,,swinging_strike,,,,,13,Swinging Strike,W,R,R,TOR,LAD,S,,,1,1,2025,-1.25,-0.17,-0.88,1.34,,,543807.0,1,8,Bot,,,,,,,5.347568273281135,-125.02821378970395,-4.609201144413466,-14.158558148996812,28.96664940639017,-33.10593237041666,3.66,1.6,,,,86.8,510,7.2,813025,669257,518692,500743,571970,605141,571771,669242,681624,53.34,,,,,,,,62,3,Split-Finger,1,3,1,3,3,1,1,3,Standard,Standard,293,-0.011,-0.056,81.0,9.1,,0.056,,-2,-2,0.1783160799595239,0.1783160799595239,23,26,24,26,1,3,4,2,,1.0,3.3,1.25,1.25,49.3,25.79322488378284,-52.71437873310485,31.3235179001184,24.298572165472656,62.03201127360134
36,FS,2025-10-31,87.0,-2.06,6.08,"Guerrero Jr., Vladimir",665489,808963,,ball,,,,,13,Ball,W,R,R,TOR,LAD,B,,,0,1,2025,-0.19,-0.74,-1.2,1.09,,,543807.0,1,8,Bot,,,,,,,2.486011796541653,-126.45935915638836,-4.16235665812102,-2.655010529102102,30.99248781885607,-39.20836358454941,3.59,1.53,,,,87.3,503,7.0,813025,669257,518692,500743,571970,605141,571771,669242,681624,53.5,,,,,,,,62,2,Split-Finger,1,3,1,3,3,1,1,3,Standard,Standard,307,-0.011,0.019,,,,-0.019,,-2,-2,0.1783160799595239,0.1783160799595239,23,26,24,26,1,3,4,2,,1.0,3.81,0.19,0.19,47.7,,,,,
37,FS,2025-10-31,85.6,-1.94,6.14,"Guerrero Jr., Vladimir",665489,808963,,called_strike,,,,,4,Called Strike,W,R,R,TOR,LAD,S,,,0,0,2025,0.28,-0.46,-0.67,2.94,,,543807.0,1,8,Bot,,,,,,,2.4564413884271734,-124.5972446262643,-0.2671350172690403,2.3752624169116667,28.30996323599441,-37.07608827483379,3.59,1.53,,,,86.2,502,6.9,813025,669257,518692,500743,571970,605141,571771,669242,681624,53.55,,,,,,,,62,1,Split-Finger,1,3,1,3,3,1,1,3,Standard,Standard,323,-0.011,-0.04,,,,0.04,,-2,-2,0.1783160799595239,0.1783160799595239,23,26,24,26,1,3,4,2,,1.0,3.6,-0.28,-0.28,48.5,,,,,
38,CU,2025-10-31,79.1,-1.59,5.48,"Guerrero Jr., Vladimir",665489,808967,grounded_into_double_play,hit_into_play,,,,,5,"Vladimir Guerrero Jr. grounds into a double play, third baseman Max Muncy to second baseman Miguel Rojas to first baseman Freddie Freeman. Nathan Lukes out at 2nd. Vladimir Guerrero Jr. out at 1st.",W,R,R,TOR,LAD,X,5.0,ground_ball,1,1,2025,0.99,-1.56,-0.13,2.35,,,664770.0,1,1,Bot,105.88,167.8,,,,,1.3332192884715035,-115.04029881063433,3.054219970904997,8.336081042697842,25.71135727734336,-46.74868712480193,3.66,1.6,18.0,106.2,-7.0,78.9,2872,6.6,813025,669257,518692,500743,571970,605141,571771,669242,606192,53.88,0.334,0.301,0.0,1.0,0.0,0.0,2.0,6,3,Curveball,0,0,0,0,0,0,0,0,Standard,Standard,34,-0.051,-0.297,81.4,7.6,0.344,0.297,106.2,0,0,0.5505129551270388,0.5505129551270388,26,26,27,26,1,0,6,2,1.0,1.0,5.27,-0.99,-0.99,48.3,6.460482764821316,-14.820787018978251,27.79447623018192,33.022196124547584,41.91104396920255
39,FS,2025-10-31,91.4,-1.98,5.26,"Guerrero Jr., Vladimir",665489,808967,,ball,,,,,13,Ball,W,R,R,TOR,LAD,B,,,0,1,2025,-0.99,-0.13,-1.07,2.16,,,664770.0,1,1,Bot,,,,,,,4.451708845499201,-133.00808863504906,-1.6131593589060529,-12.757320625457716,30.52469320608564,-33.54395078441158,3.58,1.47,,,,91.5,1265,6.5,813025,669257,518692,500743,571970,605141,571771,669242,606192,54.0,,,,,,,,6,2,Split-Finger,0,0,0,0,0,0,0,0,Standard,Standard,241,-0.001,0.019,,,,-0.019,,0,0,0.5505129551270388,0.5505129551270388,26,26,27,26,1,0,6,2,1.0,1.0,2.87,0.99,0.99,38.7,,,,,
40,FC,2025-10-31,91.3,-2.14,5.27,"Guerrero Jr., Vladimir",665489,808967,,called_strike,,,,,6,Called Strike,W,R,R,TOR,LAD,S,,,0,0,2025,0.6,0.51,0.76,2.27,,,664770.0,1,1,Bot,,,,,,,6.039506153609941,-132.94827996618196,-2.782047136053005,5.876655537272612,28.043566391964006,-25.735874320271968,3.6,1.46,,,,91.7,2611,6.4,813025,669257,518692,500743,571970,605141,571771,669242,606192,54.06,,,,,,,,6,1,Cutter,0,0,0,0,0,0,0,0,Standard,Standard,173,-0.001,-0.04,,,,0.04,,0,0,0.5505129551270388,0.5505129551270388,26,26,27,26,1,0,6,2,1.0,1.0,2.22,-0.6,-0.6,39.3,,,,,
41,FF,2025-10-29,95.9,1.71,6.48,"Guerrero Jr., Vladimir",665489,605483,grounded_into_double_play,hit_into_play,,,,,1,"Vladimir Guerrero Jr. grounds into a double play, pitcher Blake Snell to second baseman Tommy Edman to first baseman Freddie Freeman. Davis Schneider out at 2nd. Vladimir Guerrero Jr. out at 1st.",W,R,L,LAD,TOR,X,1.0,ground_ball,0,2,2025,0.18,1.44,-0.37,3.32,,,676914.0,0,5,Top,127.68,181.49,,,,,-5.952449423791032,-139.34972689567613,-5.989922850260009,3.7902044647607713,33.514932968142546,-12.332972953862525,3.66,1.6,9.0,78.3,-18.0,96.3,2425,6.8,813022,669257,518692,669242,571970,605141,669743,571771,606192,53.72,0.057,0.054,0.0,1.0,0.0,0.0,2.0,36,3,4-Seam Fastball,1,3,3,1,3,1,3,1,Standard,Standard,161,0.047,-0.24,67.3,5.9,0.064,0.24,88.0,-2,2,0.2216873869763171,0.7783126130236828,32,26,33,26,3,2,5,1,3.0,2.0,1.06,0.18,-0.18,57.9,-7.491515587045894,13.674353662855555,28.35470511965702,29.09569464096797,19.747392950755817
42,SL,2025-10-29,90.2,2.0,6.46,"Guerrero Jr., Vladimir",665489,605483,,foul,,,,,6,Foul,W,R,L,LAD,TOR,S,,,0,1,2025,0.04,0.61,0.51,2.79,,,676914.0,0,5,Top,,,,,,,-3.8182729284563326,-131.30458025819928,-4.443947612204161,1.3205182968867717,30.097863187347272,-24.375240871028986,3.66,1.6,184.0,70.9,32.0,90.4,2317,6.6,813022,669257,518692,669242,571970,605141,669743,571771,606192,53.91,,,,,,,,36,2,Slider,1,3,3,1,3,1,3,1,Standard,Standard,168,-0.009,-0.053,72.9,6.4,,0.053,88.0,-2,2,0.2216873869763171,0.7783126130236828,32,26,33,26,3,2,5,1,3.0,2.0,2.21,0.04,-0.04,55.5,-16.62843968306311,24.24523814206925,34.10930648724756,39.632582830202416,14.787228364905268
43,CH,2025-10-29,85.9,2.18,6.37,"Guerrero Jr., Vladimir",665489,605483,,called_strike,,,,,6,Called Strike,W,R,L,LAD,TOR,S,,,0,0,2025,1.09,0.78,0.76,2.35,,,676914.0,0,5,Top,,,,,,,-5.626668348163481,-124.98815638658245,-4.858819010725433,12.600299856166794,25.902950109713583,-23.18968897355819,3.74,1.6,,,,86.3,1640,6.6,813022,669257,518692,669242,571970,605141,669743,571771,606192,53.88,,,,,,,,36,1,Changeup,1,3,3,1,3,1,3,1,Standard,Standard,132,-0.009,-0.043,,,,0.043,,-2,2,0.2216873869763171,0.7783126130236828,32,26,33,26,3,2,5,1,3.0,2.0,2.31,1.09,-1.09,50.0,,,,,
44,CU,2025-10-29,81.2,1.86,6.54,"Guerrero Jr., Vladimir",665489,605483,walk,ball,,,,,13,Vladimir Guerrero Jr. walks.,W,R,L,LAD,TOR,B,,,3,1,2025,-1.31,-0.5,-0.46,1.36,,,,1,3,Top,,,,,,,-2.721324590091931,-118.23856650933514,-4.016008583287928,-11.68457251807965,23.66581726310492,-36.29620348784732,3.6,1.6,,,,81.9,2617,6.9,813022,669257,518692,669242,571970,605141,669743,571771,606192,53.64,,0.691497,0.7,1.0,0.0,0.0,,18,5,Curveball,0,2,2,0,2,0,2,0,Standard,Standard,327,-0.028,0.253,,,,-0.253,,-2,2,0.3058168468569627,0.6941831531430372,32,26,33,26,2,1,5,1,3.0,2.0,3.97,-1.31,1.31,60.9,,,,,
45,SL,2025-10-29,90.0,2.05,6.5,"Guerrero Jr., Vladimir",665489,605483,,ball,,,,,13,Ball,W,R,L,LAD,TOR,B,,,2,1,2025,-0.39,0.59,-1.14,2.16,,,,1,3,Top,,,,,,,-7.1288037853684685,-130.86052800407015,-6.129876539434354,-3.0766808025233146,25.895540246627743,-24.305089640087303,3.66,1.6,,,,90.8,2447,6.7,813022,669257,518692,669242,571970,605141,669743,571771,606192,53.8,,,,,,,,18,4,Slider,0,2,2,0,2,0,2,0,Standard,Standard,165,-0.01,0.121,,,,-0.121,,-2,2,0.3058168468569627,0.6941831531430372,32,26,33,26,2,1,5,1,3.0,2.0,2.21,-0.39,0.39,55.2,,,,,
46,CU,2025-10-29,81.7,1.97,6.49,"Guerrero Jr., Vladimir",665489,605483,,ball,,,,,13,Ball,W,R,L,LAD,TOR,B,,,1,1,2025,-0.93,-0.63,-0.54,0.51,,,,1,3,Top,,,,,,,-3.886600179361293,-118.7963842805527,-5.651418048163396,-7.9682957541818205,24.226952060178352,-37.21480292584114,3.6,1.54,,,,82.2,2598,6.8,813022,669257,518692,669242,571970,605141,669743,571771,606192,53.67,,,,,,,,18,3,Curveball,0,2,2,0,2,0,2,0,Standard,Standard,324,-0.01,0.055,,,,-0.055,,-2,2,0.3058168468569627,0.6941831531430372,32,26,33,26,2,1,5,1,3.0,2.0,4.07,-0.93,0.93,59.7,,,,,
47,CH,2025-10-29,85.7,2.23,6.29,"Guerrero Jr., Vladimir",665489,605483,,swinging_strike,,,,,6,Swinging Strike,W,R,L,LAD,TOR,S,,,1,0,2025,1.04,1.08,0.7,2.33,,,,1,3,Top,,,,,,,-5.783108243965725,-124.5690017482215,-5.316825883722954,11.967688012960416,24.99910365851089,-20.07587788933058,3.66,1.6,,,,86.5,1971,6.9,813022,669257,518692,669242,571970,605141,669743,571771,606192,53.63,,,,,,,,18,2,Changeup,0,2,2,0,2,0,2,0,Standard,Standard,130,-0.01,-0.049,78.3,8.6,,0.049,,-2,2,0.3058168468569627,0.6941831531430372,32,26,33,26,2,1,5,1,3.0,2.0,2.03,1.04,-1.04,51.8,15.278004430750256,-28.92074302049129,24.84174166025956,42.51230222117258,49.96282777769258
48,FF,2025-10-29,96.9,1.98,6.53,"Guerrero Jr., Vladimir",665489,605483,,ball,,,,,12,Ball,W,R,L,LAD,TOR,B,,,0,0,2025,0.44,1.64,0.08,4.04,,,,1,3,Top,,,,,,,-6.13523109966483,-140.94618259089518,-4.84857336198045,7.300763858816451,33.863901572467974,-9.503775257801315,3.66,1.6,,,,97.6,2533,6.8,813022,669257,518692,669242,571970,605141,669743,571771,606192,53.67,,,,,,,,18,1,4-Seam Fastball,0,2,2,0,2,0,2,0,Standard,Standard,158,-0.01,0.039,,,,-0.039,,-2,2,0.3058168468569627,0.6941831531430372,32,26,33,26,2,1,5,1,3.0,2.0,0.81,0.44,-0.44,55.9,,,,,
49,FF,2025-10-29,99.9,-1.64,5.8,"Guerrero Jr., Vladimir",665489,683618,walk,ball,,,,,12,Vladimir Guerrero Jr. walks. Addison Barger scores. Andrés Giménez to 2nd. Wild pitch by pitcher Edgardo Henriquez.,W,R,R,LAD,TOR,B,,,3,2,2025,-0.18,1.16,2.03,3.62,680718.0,,665926.0,2,7,Top,,,,,,,10.629755332807925,-145.10537649028026,-3.365542084380963,-5.051575309611618,33.32130553085028,-15.196897279234603,3.58,1.6,,,,100.7,2326,6.8,813022,669257,518692,669242,571970,605141,669743,571771,606192,53.73,,0.691497,0.7,1.0,0.0,0.0,,51,6,4-Seam Fastball,1,3,3,1,4,1,4,1,Strategic,Standard,211,-0.084,0.175,,,,-0.175,,-2,2,0.1850661259690857,0.8149338740309142,23,26,23,26,1,3,2,1,,2.0,1.13,0.18,0.18,41.6,,,,,
50,FF,2025-10-29,99.0,-1.75,5.83,"Guerrero Jr., Vladimir",665489,683618,,foul,,,,,6,Foul,W,R,R,LAD,TOR,S,,,3,1,2025,-0.71,1.33,0.55,2.28,680718.0,,665926.0,2,7,Top,,,,,,,7.969595553046214,-143.896120126242,-7.4009524987528,-11.68766242534114,33.33656457007805,-12.152227178754575,3.66,1.6,198.0,74.7,57.0,99.7,2618,6.7,813022,669257,518692,669242,571970,605141,669743,571771,606192,53.79,,,,,,,,51,5,4-Seam Fastball,1,3,3,1,3,1,3,1,Standard,Standard,210,-0.01,-0.053,77.8,7.6,,0.053,88.0,-2,2,0.1850661259690857,0.8149338740309142,23,26,23,26,1,3,2,1,,2.0,1.0,0.71,0.71,41.8,-8.067505775764529,2.055557682936048,29.985503914199125,41.45781042709204,26.969824099534176
51,CU,2025-10-29,82.4,-1.78,6.04,"Guerrero Jr., Vladimir",665489,683618,,ball,,,,,11,Ball,W,R,R,LAD,TOR,B,,,2,1,2025,1.01,-0.96,-1.22,3.26,680718.0,,665926.0,2,7,Top,,,,,,,-0.6879273005549899,-119.95585024899128,2.077707898264237,9.862972907695738,23.681430673740596,-42.09766920088993,3.58,1.6,,,,82.5,2823,6.4,813022,669257,518692,669242,571970,605141,669743,571771,606192,54.13,,,,,,,,51,4,Curveball,1,3,3,1,3,1,3,1,Standard,Standard,47,-0.01,0.065,,,,-0.065,,-2,2,0.1850661259690857,0.8149338740309142,23,26,23,26,1,3,2,1,,2.0,4.32,-1.01,-1.01,44.2,,,,,
52,ST,2025-10-29,85.7,-2.95,6.08,"Guerrero Jr., Vladimir",665489,595014,field_out,hit_into_play,,,,,14,"Vladimir Guerrero Jr. grounds out, pitcher Blake Treinen to first baseman Freddie Freeman.",W,R,R,LAD,TOR,X,1.0,ground_ball,1,2,2025,0.93,0.17,1.28,2.17,,,,0,9,Top,128.19,179.46,,,,,8.000347512963803,-124.5739872245187,-3.23382785729006,7.9309029513221,26.540828396459624,-29.949566372637463,3.66,1.6,8.0,100.2,-16.0,84.2,2656,5.5,813022,669257,518692,669242,571970,605141,669743,571771,606192,54.97,0.151,0.138,0.0,1.0,0.0,0.0,2.0,67,4,Sweeper,1,6,6,1,6,1,6,1,Standard,Standard,44,0.0,-0.189,66.5,7.6,0.151,0.189,100.2,-5,5,0.0064088937540457,0.9935911062459544,37,26,37,26,1,4,1,1,,2.0,2.96,-0.93,-0.93,28.8,-1.5639953588658184,8.587959405664128,21.717234828572725,49.94050557893438,30.371917278030693
53,SI,2025-10-29,97.0,-2.74,6.2,"Guerrero Jr., Vladimir",665489,595014,,foul,,,,,7,Foul,W,R,R,LAD,TOR,S,,,1,1,2025,-1.55,0.27,-0.61,2.24,,,,0,9,Top,,,,,,,9.089532561848294,-140.83037581411503,-5.548379065251342,-22.687398318777745,33.82020937245874,-27.434483826896205,3.66,1.6,3.0,100.9,-35.0,95.4,2308,5.6,813022,669257,518692,669242,571970,605141,669743,571771,606192,54.88,,,,,,,,67,3,Sinker,1,6,6,1,6,1,6,1,Standard,Standard,230,-0.001,-0.061,86.7,8.4,,0.061,100.9,-5,5,0.0064088937540457,0.9935911062459544,37,26,37,26,1,4,1,1,,2.0,2.17,1.55,1.55,33.1,8.201935531636314,-27.566433941303732,29.962397734791107,26.553941174512254,39.64397407828272
54,FF,2025-10-29,100.0,-1.75,5.9,"Guerrero Jr., Vladimir",665489,683618,,ball,,,,,11,Ball,W,R,R,LAD,TOR,B,,,1,1,2025,-0.85,1.38,-0.29,4.2,680718.0,,665926.0,2,7,Top,,,,,,,6.05456222218086,-145.49435600170477,-2.5539703896831853,-13.519526297680102,35.42786982591133,-12.229403910104848,3.62,1.6,,,,100.2,2610,6.5,813022,669257,518692,669242,571970,605141,669743,571771,606192,53.98,,,,,,,,51,3,4-Seam Fastball,1,3,3,1,3,1,3,1,Standard,Standard,209,-0.01,0.03,,,,-0.03,,-2,2,0.1850661259690857,0.8149338740309142,23,26,23,26,1,3,2,1,,2.0,0.91,0.85,0.85,45.1,,,,,
55,FF,2025-10-29,96.0,1.97,6.54,"Guerrero Jr., Vladimir",665489,605483,home_run,hit_into_play,,,,,4,Vladimir Guerrero Jr. homers (8) on a fly ball to left field.,W,R,L,LAD,TOR,X,,fly_ball,0,1,2025,0.4,1.69,-0.47,2.42,,,,0,1,Top,19.6,78.68,,,,,-7.386113756369265,-139.3307797830533,-9.152754108240243,6.837332469390964,31.612162635549726,-8.25836473279679,3.66,1.6,394.0,104.4,24.0,96.5,2582,6.7,813022,669257,518692,669242,571970,605141,669743,571771,606192,53.76,0.763,1.353,2.0,1.0,0.0,3.0,6.0,2,2,4-Seam Fastball,0,1,1,0,2,0,2,0,Strategic,Standard,157,-0.098,1.154,87.4,8.2,2.529,-1.154,104.4,-1,1,0.4036496919088079,0.596350308091192,32,26,33,26,1,0,5,1,3.0,2.0,0.8,0.4,-0.4,53.4,8.596998669926137,-22.82755727628008,35.09837139969901,27.85960898953239,36.76208652062434
56,FF,2025-10-29,99.7,-1.81,5.85,"Guerrero Jr., Vladimir",665489,683618,,swinging_strike,,,,,2,Swinging Strike,W,R,R,LAD,TOR,S,,,1,0,2025,-0.74,1.35,-0.2,3.54,680718.0,,665926.0,2,7,Top,,,,,,,6.191567402143018,-145.0745472296776,-4.15545078742663,-11.848080856935264,34.255123391699705,-12.39072821623665,3.66,1.6,,,,100.2,2553,6.6,813022,669257,518692,669242,571970,605141,669743,571771,606192,53.93,,,,,,,,51,2,4-Seam Fastball,1,3,3,1,3,1,3,1,Standard,Standard,207,-0.01,-0.037,75.7,6.3,,0.037,,-2,2,0.1850661259690857,0.8149338740309142,23,26,23,26,1,3,2,1,,2.0,0.95,0.74,0.74,41.5,-9.309337131674672,19.387054508606663,23.353025495957947,33.02166405090637,20.657964556357545
57,SI,2025-10-29,95.5,-2.87,6.18,"Guerrero Jr., Vladimir",665489,595014,,foul,,,,,4,Foul,W,R,R,LAD,TOR,S,,,1,0,2025,-1.41,0.46,-0.41,2.5,,,,0,9,Top,,,,,,,9.486509081996344,-138.67386460528104,-4.976273086310979,-20.306611028798077,33.048056496184444,-25.29268337289089,3.66,1.6,6.0,92.3,-24.0,93.9,2287,5.6,813022,669257,518692,669242,571970,605141,669743,571771,606192,54.89,,,,,,,,67,2,Sinker,1,6,6,1,6,1,6,1,Standard,Standard,230,-0.001,-0.05,81.6,8.2,,0.05,92.3,-5,5,0.0064088937540457,0.9935911062459544,37,26,37,26,1,4,1,1,,2.0,2.07,1.41,1.41,30.7,8.000758335262274,-28.24408036026484,23.876388578678696,31.18218296722813,45.4497456083098
58,FF,2025-10-29,96.8,1.93,6.55,"Guerrero Jr., Vladimir",665489,605483,,called_strike,,,,,7,Called Strike,W,R,L,LAD,TOR,S,,,0,0,2025,0.44,1.6,-0.51,1.94,,,,0,1,Top,,,,,,,-7.564149620890404,-140.45722170280945,-10.47796639240873,7.459464797627925,31.175829173048648,-8.816418328879355,3.74,1.66,,,,97.6,2554,6.9,813022,669257,518692,669242,571970,605141,669743,571771,606192,53.63,,,,,,,,2,1,4-Seam Fastball,0,1,1,0,1,0,1,0,Strategic,Standard,159,-0.005,-0.039,,,,0.039,,-1,1,0.4036496919088079,0.596350308091192,32,26,33,26,1,0,5,1,3.0,2.0,0.85,0.44,-0.44,54.2,,,,,
59,FC,2025-10-29,91.7,-2.79,6.23,"Guerrero Jr., Vladimir",665489,595014,,ball,,,,,12,Ball,W,R,R,LAD,TOR,B,,,0,0,2025,0.03,0.65,0.92,2.63,,,,0,9,Top,,,,,,,9.188584423891973,-133.33509991541823,-4.614971843448459,-1.4605702917523122,27.019192951721063,-23.650477569316998,3.65,1.59,,,,90.8,2552,5.6,813022,669257,518692,669242,571970,605141,669743,571771,606192,54.86,,,,,,,,67,1,Cutter,1,6,6,1,6,1,6,1,Standard,Standard,220,-0.001,0.041,,,,-0.041,,-5,5,0.0064088937540457,0.9935911062459544,37,26,37,26,1,4,1,1,,2.0,2.06,-0.03,-0.03,32.9,,,,,
60,SI,2025-10-29,99.3,-1.84,5.9,"Guerrero Jr., Vladimir",665489,683618,,ball,,,,,11,Ball,W,R,R,LAD,TOR,B,,,0,0,2025,-1.3,1.07,-0.68,4.38,680718.0,,665926.0,2,7,Top,,,,,,,6.238019414112318,-144.54454803878903,-1.2371041975077794,-19.68390650912614,34.91995568004969,-17.15384599948053,3.63,1.6,,,,99.5,2235,6.5,813022,669257,518692,669242,571970,605141,669743,571771,606192,54.03,,,,,,,,51,1,Sinker,1,3,3,1,3,1,3,1,Standard,Standard,213,-0.01,0.009,,,,-0.009,,-2,2,0.1850661259690857,0.8149338740309142,23,26,23,26,1,3,2,1,,2.0,1.25,1.3,1.3,39.5,,,,,
61,FF,2025-10-28,99.0,-2.05,5.74,"Guerrero Jr., Vladimir",665489,660271,field_out,hit_into_play,,,,,4,Vladimir Guerrero Jr. lines out to center fielder Andy Pages.,W,R,R,LAD,TOR,X,8.0,line_drive,1,2,2025,-0.23,1.12,-0.28,2.43,,,664770.0,2,5,Top,143.86,79.03,,,,,5.38973770352407,-143.9758245367423,-6.255714726053172,-4.393169745022087,32.71983760644473,-15.404311877082574,3.64,1.6,302.0,95.2,17.0,99.8,2515,6.7,813023,669257,518692,669242,571970,605141,571771,681624,606192,53.81,0.594,0.586,0.0,1.0,0.0,0.0,4.0,37,4,4-Seam Fastball,1,2,2,1,2,1,2,1,Standard,Standard,213,0.016,-0.182,75.6,6.9,0.779,0.182,95.2,-1,1,0.3905760472024949,0.6094239527975052,30,26,31,26,3,2,11,1,4.0,1.0,1.21,0.23,0.23,34.9,-9.304524195465806,1.99163426514396,35.61769730120284,31.3825204466128,26.721165601227028
62,CU,2025-10-28,79.2,-1.85,6.01,"Guerrero Jr., Vladimir",665489,660271,,swinging_strike,,,,,9,Swinging Strike,W,R,R,LAD,TOR,S,,,1,1,2025,0.99,-1.11,0.42,1.71,,,664770.0,2,5,Top,,,,,,,3.131063139551644,-115.17455952282548,-0.407828700763569,8.012186214178369,24.4374086903038,-42.10819580794757,3.64,1.6,,,,79.3,2665,6.7,813023,669257,518692,669242,571970,605141,571771,681624,606192,53.79,,,,,,,,37,3,Curveball,1,2,2,1,2,1,2,1,Standard,Standard,41,-0.009,-0.073,77.6,8.7,,0.073,,-1,1,0.3905760472024949,0.6094239527975052,30,26,31,26,3,2,11,1,4.0,1.0,4.79,-0.99,-0.99,42.0,13.11262409191736,-38.714456843655775,22.003590300205808,38.60227012135961,59.07173976252896
63,FF,2025-10-28,98.8,-2.11,5.8,"Guerrero Jr., Vladimir",665489,660271,,ball,,,,,11,Ball,W,R,R,LAD,TOR,B,,,0,1,2025,-0.58,1.29,-1.3,2.81,,,664770.0,2,5,Top,,,,,,,3.591718947168466,-143.75014647696608,-5.754831745196899,-8.918143668767147,32.53003523146898,-13.190938794960164,3.64,1.59,,,,99.3,2421,6.5,813023,669257,518692,669242,571970,605141,571771,681624,606192,53.96,,,,,,,,37,2,4-Seam Fastball,1,2,2,1,2,1,2,1,Standard,Standard,211,-0.009,0.027,,,,-0.027,,-1,1,0.3905760472024949,0.6094239527975052,30,26,31,26,3,2,11,1,4.0,1.0,1.04,0.58,0.58,37.1,,,,,
64,FF,2025-10-28,99.0,-2.02,5.71,"Guerrero Jr., Vladimir",665489,660271,,swinging_strike,,,,,5,Swinging Strike,W,R,R,LAD,TOR,S,,,0,0,2025,-0.32,1.22,-0.06,2.84,,,664770.0,2,5,Top,,,,,,,6.117231725048462,-144.00580275324447,-5.291289875347857,-5.918936772538217,33.779358626059285,-14.128085091046136,3.64,1.6,,,,99.6,2482,6.7,813023,669257,518692,669242,571970,605141,571771,681624,606192,53.83,,,,,,,,37,1,4-Seam Fastball,1,2,2,1,2,1,2,1,Standard,Standard,210,-0.009,-0.042,83.0,7.7,,0.042,,-1,1,0.3905760472024949,0.6094239527975052,30,26,31,26,3,2,11,1,4.0,1.0,1.11,0.32,0.32,34.7,0.1015810973981403,-7.65842573975765,30.09623677382688,34.16283669861068,29.08320750091588
65,ST,2025-10-28,85.1,-2.19,5.6,"Guerrero Jr., Vladimir",665489,660271,home_run,hit_into_play,,,,,2,Vladimir Guerrero Jr. homers (7) on a fly ball to left center field. Nathan Lukes scores.,W,R,R,LAD,TOR,X,,fly_ball,2,1,2025,0.81,0.32,-0.12,3.34,,,664770.0,1,3,Top,76.65,47.24,,,,,3.245297253719773,-123.91588502469374,0.4145072079440095,7.640375909608519,26.522368755548733,-29.24579575101767,3.64,1.6,395.0,102.7,25.0,85.4,2548,6.6,813023,669257,518692,669242,571970,605141,571771,681624,606192,53.92,0.683,1.195,2.0,1.0,0.0,3.0,6.0,20,4,Sweeper,1,0,0,1,2,1,2,1,Standard,Standard,69,-0.205,1.424,72.8,7.1,2.231,-1.424,102.7,1,-1,0.6086474424126166,0.3913525575873834,30,26,31,26,2,1,11,1,4.0,1.0,2.84,-0.81,-0.81,32.2,7.830562148246723,-11.411976519983472,18.39911886070881,32.658442827784704,35.23659144452858
66,FF,2025-10-28,97.4,-2.09,5.65,"Guerrero Jr., Vladimir",665489,660271,,foul,,,,,8,Foul,W,R,R,LAD,TOR,S,,,2,0,2025,-0.29,1.03,-0.06,2.03,,,664770.0,1,3,Top,,,,,,,6.168837299859566,-141.62279562037676,-6.627788880975229,-5.307041206242292,31.103514107743408,-17.001601065838656,3.64,1.6,183.0,68.4,57.0,98.3,2306,6.7,813023,669257,518692,669242,571970,605141,571771,681624,606192,53.78,,,,,,,,20,3,4-Seam Fastball,1,0,0,1,0,1,0,1,Standard,Standard,213,0.005,-0.062,79.8,8.2,,0.062,88.0,1,-1,0.6086474424126166,0.3913525575873834,30,26,31,26,2,1,11,1,4.0,1.0,1.37,0.29,0.29,35.7,-0.1727194263475313,-16.733577323677874,35.0083931231522,33.1461310263978,34.427272634818536
67,CU,2025-10-28,78.7,-1.87,6.07,"Guerrero Jr., Vladimir",665489,660271,,ball,,,,,11,Ball,W,R,R,LAD,TOR,B,,,1,0,2025,0.77,-0.99,-0.97,3.33,,,664770.0,1,3,Top,,,,,,,0.5281969945059142,-114.60024392787712,2.780729854405152,6.643402049209976,21.90335963774132,-41.60762661755657,3.64,1.66,,,,79.2,2486,6.7,813023,669257,518692,669242,571970,605141,571771,681624,606192,53.81,,,,,,,,20,2,Curveball,1,0,0,1,0,1,0,1,Standard,Standard,43,0.005,0.068,,,,-0.068,,1,-1,0.6086474424126166,0.3913525575873834,30,26,31,26,2,1,11,1,4.0,1.0,4.67,-0.77,-0.77,43.0,,,,,
68,SL,2025-10-28,88.2,-1.78,6.02,"Guerrero Jr., Vladimir",665489,660271,,ball,,,,,14,Ball,W,R,R,LAD,TOR,B,,,0,0,2025,0.24,-0.15,0.4,1.07,,,664770.0,1,3,Top,,,,,,,4.832495020676303,-128.33900375577446,-5.69232597228373,1.7115424087868407,25.768404971517,-32.848823454582075,3.64,1.67,,,,89.1,2449,6.8,813023,669257,518692,669242,571970,605141,571771,681624,606192,53.71,,,,,,,,20,1,Slider,1,0,0,1,0,1,0,1,Standard,Standard,78,0.005,0.035,,,,-0.035,,1,-1,0.6086474424126166,0.3913525575873834,30,26,31,26,2,1,11,1,4.0,1.0,3.07,-0.24,-0.24,42.2,,,,,
69,FF,2025-10-28,94.7,1.18,5.86,"Guerrero Jr., Vladimir",665489,676263,single,hit_into_play,,,,,5,Vladimir Guerrero Jr. singles on a line drive to right fielder Teoscar Hernández.,W,R,L,LAD,TOR,X,9.0,line_drive,0,1,2025,0.64,1.79,-0.06,2.56,,,,0,9,Top,179.73,127.57,,,,,-4.694636838628053,-137.64278694478526,-6.904667169319578,9.251223352708957,33.89356157000038,-8.175564323151411,3.64,1.6,183.0,70.0,20.0,94.6,2600,6.5,813023,669257,518692,669242,571970,605141,669743,571771,606192,53.97,0.886,0.815,0.9,1.0,1.0,0.0,4.0,69,2,4-Seam Fastball,1,6,6,1,6,1,6,1,Standard,Standard,152,-0.001,0.477,74.4,6.7,0.95,-0.477,88.0,-5,5,0.0064088937540457,0.9935911062459544,26,26,26,26,1,4,1,1,,1.0,0.78,0.64,-0.64,54.1,-14.372503614155658,14.323136528548073,37.84028907400252,34.35570628677252,20.20617336493593
70,SL,2025-10-28,88.5,1.35,5.91,"Guerrero Jr., Vladimir",665489,676263,,foul,,,,,13,Foul,W,R,L,LAD,TOR,S,,,0,0,2025,-0.39,0.54,-1.22,1.79,,,,0,9,Top,,,,,,,-5.441558486436175,-128.68721461833348,-5.103245116730433,-3.189351635901664,27.996608315417788,-25.303690649837566,3.64,1.6,6.0,100.2,-16.0,88.6,2431,6.5,813023,669257,518692,669242,571970,605141,669743,571771,606192,54.02,,,,,,,,69,1,Slider,1,6,6,1,6,1,6,1,Standard,Standard,174,-0.001,-0.039,80.3,8.4,,0.039,100.2,-5,5,0.0064088937540457,0.9935911062459544,26,26,26,26,1,4,1,1,,1.0,2.39,-0.39,0.39,52.9,14.331633829009457,-27.227892750684475,39.27845920514735,21.17238410380136,43.560442764570816
71,ST,2025-10-28,86.9,-2.39,5.54,"Guerrero Jr., Vladimir",665489,660271,strikeout,swinging_strike,,,,,14,Vladimir Guerrero Jr. strikes out swinging.,W,R,R,LAD,TOR,S,2.0,,0,2,2025,0.89,0.56,1.44,1.35,,,,1,1,Top,,,,,,,7.3980289825708,-126.4127393196077,-5.066140081155331,8.170856616329429,24.726540523909573,-25.293333294496485,3.64,1.6,,,,87.6,2680,6.6,813023,669257,518692,669242,571970,605141,571771,681624,606192,53.85,,0.0,0.0,1.0,0.0,0.0,,2,3,Sweeper,0,0,0,0,0,0,0,0,Standard,Standard,67,0.015,-0.163,64.9,9.3,,0.163,,0,0,0.5219503847176113,0.4780496152823886,30,26,31,26,1,0,11,1,4.0,1.0,2.45,-0.89,-0.89,31.2,24.910782283830997,-41.98290670914005,30.865035647699955,47.65371059315485,58.02230587178731
72,ST,2025-10-28,86.3,-2.43,5.62,"Guerrero Jr., Vladimir",665489,660271,,called_strike,,,,,6,Called Strike,W,R,R,LAD,TOR,S,,,0,1,2025,0.99,0.34,0.75,2.95,,,,1,1,Top,,,,,,,5.566192759070586,-125.61016846828896,-0.7940155612847489,9.279776160604468,26.95104505430544,-28.635118468340345,3.64,1.67,,,,86.5,2596,6.5,813023,669257,518692,669242,571970,605141,571771,681624,606192,53.96,,,,,,,,2,2,Sweeper,0,0,0,0,0,0,0,0,Standard,Standard,73,0.0,-0.052,,,,0.052,,0,0,0.5219503847176113,0.4780496152823886,30,26,31,26,1,0,11,1,4.0,1.0,2.73,-0.99,-0.99,32.5,,,,,
73,FF,2025-10-28,97.4,-2.08,5.73,"Guerrero Jr., Vladimir",665489,660271,,foul,,,,,14,Foul,W,R,R,LAD,TOR,S,,,0,0,2025,-0.64,1.25,0.99,2.24,,,,1,1,Top,,,,,,,9.693974626226204,-141.49832200724623,-6.749814933213521,-10.733040781847013,30.968101340519585,-14.01986766333228,3.64,1.6,202.0,77.2,21.0,97.6,2387,6.4,813023,669257,518692,669242,571970,605141,571771,681624,606192,54.12,,,,,,,,2,1,4-Seam Fastball,0,0,0,0,0,0,0,0,Standard,Standard,213,0.0,-0.039,77.6,8.4,,0.039,88.0,0,0,0.5219503847176113,0.4780496152823886,30,26,31,26,1,0,11,1,4.0,1.0,1.16,0.64,0.64,33.2,5.902887976440605,-12.270282355623284,29.29447862789645,45.68744729698022,40.166406447030326
74,SI,2025-10-27,97.0,-1.64,5.77,"Guerrero Jr., Vladimir",665489,607192,field_out,hit_into_play,,,,,5,Vladimir Guerrero Jr. flies out to right fielder Teoscar Hernández.,W,R,R,LAD,TOR,X,9.0,fly_ball,1,2,2025,-0.83,1.28,0.24,2.27,,,664770.0,0,5,Top,190.4,129.12,,,,,7.117270999411245,-141.07967861254954,-6.957924337474688,-12.648819743322402,29.186969927138836,-13.66266598249949,3.63,1.6,236.0,79.6,45.0,99.8,2461,7.6,813032,669257,518692,669242,571970,605141,571771,681624,606192,52.85,0.031,0.028,0.0,1.0,0.0,0.0,3.0,37,4,Sinker,2,4,4,2,4,2,4,2,Standard,Standard,188,0.016,-0.164,79.8,7.4,0.038,0.164,88.0,-2,2,0.2216873869763171,0.7783126130236828,31,26,32,26,3,2,11,2,4.0,1.0,1.13,0.83,0.83,52.7,-5.437607458865251,3.6018022174712527,35.08610604139116,37.92302434706043,27.8292749679077
75,SL,2025-10-27,90.1,-1.81,5.8,"Guerrero Jr., Vladimir",665489,607192,,ball,,,,,14,Ball,W,R,R,LAD,TOR,B,,,0,2,2025,0.35,0.01,1.42,1.76,,,664770.0,0,5,Top,,,,,,,7.487739806604694,-131.11095751072057,-4.214967864892589,2.5408389901389468,25.99498039859361,-31.389961345038483,3.67,1.6,,,,92.7,2658,7.7,813032,669257,518692,669242,571970,605141,571771,681624,606192,52.82,,,,,,,,37,3,Slider,2,4,4,2,4,2,4,2,Standard,Standard,71,-0.009,0.017,,,,-0.017,,-2,2,0.2216873869763171,0.7783126130236828,31,26,32,26,3,2,11,2,4.0,1.0,2.78,-0.35,-0.35,49.4,,,,,
76,CU,2025-10-27,81.6,-1.52,6.01,"Guerrero Jr., Vladimir",665489,607192,,foul,,,,,7,Foul,W,R,R,LAD,TOR,S,,,0,1,2025,0.62,-1.13,-0.35,2.08,,,664770.0,0,5,Top,,,,,,,1.4763783541980386,-118.785631140736,-0.0110785854335828,5.506668200381173,24.78383169635765,-43.0499783942654,3.63,1.6,13.0,79.6,-9.0,83.0,2649,7.4,813032,669257,518692,669242,571970,605141,571771,681624,606192,53.07,,,,,,,,37,2,Curveball,2,4,4,2,4,2,4,2,Standard,Standard,18,-0.009,-0.053,77.5,8.3,,0.053,88.0,-2,2,0.2216873869763171,0.7783126130236828,31,26,32,26,3,2,11,2,4.0,1.0,4.58,-0.62,-0.62,55.9,12.440325056671156,-35.08347299086377,26.13441512282673,29.71239155725238,54.36180835375079
77,SL,2025-10-27,89.3,-1.97,5.7,"Guerrero Jr., Vladimir",665489,607192,,called_strike,,,,,6,Called Strike,W,R,R,LAD,TOR,S,,,0,0,2025,0.25,0.1,0.67,2.28,,,664770.0,0,5,Top,,,,,,,6.090911446811317,-129.92486857255196,-2.653540123896083,1.5632812419945548,26.081572890822844,-30.701938476293748,3.65,1.6,,,,91.2,2470,7.3,813032,669257,518692,669242,571970,605141,571771,681624,606192,53.17,,,,,,,,37,1,Slider,2,4,4,2,4,2,4,2,Standard,Standard,90,-0.009,-0.043,,,,0.043,,-2,2,0.2216873869763171,0.7783126130236828,31,26,32,26,3,2,11,2,4.0,1.0,2.75,-0.25,-0.25,47.9,,,,,
78,CU,2025-10-27,85.8,-1.11,5.81,"Guerrero Jr., Vladimir",665489,694361,walk,ball,,,,,14,Vladimir Guerrero Jr. walks.,W,R,R,LAD,TOR,B,,,3,1,2025,0.66,-1.2,0.66,-0.05,,,,1,18,Top,,,,,,,2.872832892379098,-124.70824887020632,-5.026184598151696,6.060542715787671,30.770039860947488,-43.47104288369488,3.66,1.6,,,,85.4,2555,6.6,813032,669257,518692,500743,571970,605141,669743,669242,606192,53.87,,0.691497,0.7,1.0,0.0,0.0,,149,5,Curveball,5,5,5,5,5,5,5,5,Standard,Strategic,20,-0.06,0.253,,,,-0.253,,0,0,0.5582421347366553,0.4417578652633447,25,26,26,26,2,8,3,2,,1.0,4.36,-0.66,-0.66,52.9,,,,,
79,CU,2025-10-27,86.2,-1.11,5.81,"Guerrero Jr., Vladimir",665489,694361,,ball,,,,,14,Ball,W,R,R,LAD,TOR,B,,,2,1,2025,0.67,-1.19,0.87,1.06,,,,1,18,Top,,,,,,,3.369127310037729,-125.39688884262708,-2.522934149565628,6.160117312484005,29.5521031850332,-44.24613325022482,3.66,1.6,,,,86.1,2555,6.6,813032,669257,518692,500743,571970,605141,669743,669242,606192,53.87,,,,,,,,149,4,Curveball,5,5,5,5,5,5,5,5,Standard,Strategic,22,0.0,0.121,,,,-0.121,,0,0,0.5582421347366553,0.4417578652633447,25,26,26,26,2,8,3,2,,1.0,4.3,-0.67,-0.67,50.7,,,,,
80,FF,2025-10-27,97.8,-1.33,5.79,"Guerrero Jr., Vladimir",665489,694361,,ball,,,,,11,Ball,W,R,R,LAD,TOR,B,,,1,1,2025,-0.95,1.47,-1.67,3.23,,,,1,18,Top,,,,,,,1.2965162310941918,-142.271927756464,-4.76298361393907,-13.050553877609866,38.00869326977736,-11.42017123645142,3.67,1.6,,,,98.0,2354,6.8,813032,669257,518692,500743,571970,605141,669743,669242,606192,53.71,,,,,,,,149,3,4-Seam Fastball,5,5,5,5,5,5,5,5,Standard,Strategic,213,0.0,0.055,,,,-0.055,,0,0,0.5582421347366553,0.4417578652633447,25,26,26,26,2,8,3,2,,1.0,0.95,0.95,0.95,47.3,,,,,
81,FF,2025-10-27,98.3,-1.22,5.71,"Guerrero Jr., Vladimir",665489,694361,,foul,,,,,6,Foul,W,R,R,LAD,TOR,S,,,1,0,2025,-0.44,1.5,0.52,2.44,,,,1,18,Top,,,,,,,5.780898263792984,-142.9001480835417,-6.920465529095005,-7.386571619963113,35.07542774874111,-10.185075768822871,3.63,1.6,294.0,93.6,26.0,99.0,2086,6.9,813032,669257,518692,500743,571970,605141,669743,669242,606192,53.65,,,,,,,,149,2,4-Seam Fastball,5,5,5,5,5,5,5,5,Standard,Strategic,214,0.0,-0.049,77.8,7.2,,0.049,93.6,0,0,0.5582421347366553,0.4417578652633447,25,26,26,26,2,8,3,2,,1.0,0.87,0.44,0.44,47.8,-10.567286192210464,12.272199809791358,33.71658828315054,42.21881709179832,16.80201447857062
82,CU,2025-10-27,85.2,-1.25,5.94,"Guerrero Jr., Vladimir",665489,694361,,ball,,,,,11,Ball,W,R,R,LAD,TOR,B,,,0,0,2025,0.56,-1.33,-1.04,3.22,,,,1,18,Top,,,,,,,-0.6284174087259102,-123.95261252700942,2.698356118378352,5.892560335486477,28.348001744401994,-46.63051618696053,3.69,1.6,,,,84.6,2512,6.3,813032,669257,518692,500743,571970,605141,669743,669242,606192,54.24,,,,,,,,149,1,Curveball,5,5,5,5,5,5,5,5,Standard,Strategic,22,0.0,0.039,,,,-0.039,,0,0,0.5582421347366553,0.4417578652633447,25,26,26,26,2,8,3,2,,1.0,4.51,-0.56,-0.56,50.2,,,,,
83,CU,2025-10-27,81.8,-1.47,5.97,"Guerrero Jr., Vladimir",665489,607192,walk,ball,,,,,13,Vladimir Guerrero Jr. walks.,W,R,R,LAD,TOR,B,,,3,2,2025,0.21,-1.4,-0.03,0.07,,,,0,4,Top,,,,,,,2.8896117376045924,-119.03699120747396,-4.0215229151641605,1.339523404902896,25.04767246734573,-44.74836618955443,3.72,1.6,,,,82.6,2833,7.1,813032,669257,518692,669242,571970,605141,571771,681624,606192,53.44,,0.691497,0.7,1.0,0.0,0.0,,25,6,Curveball,2,0,0,2,0,2,0,2,Strategic,Standard,13,-0.035,0.356,,,,-0.356,,2,-2,0.7292064019858161,0.2707935980141839,31,26,32,26,2,1,11,2,4.0,1.0,4.83,-0.21,-0.21,59.3,,,,,
84,SI,2025-10-27,96.3,-1.71,5.77,"Guerrero Jr., Vladimir",665489,607192,,foul,,,,,4,Foul,W,R,R,LAD,TOR,S,,,3,1,2025,-1.05,1.06,-0.81,2.98,,,,0,4,Top,,,,,,,4.925829271656936,-140.0593252172948,-4.296812385226231,-14.929688362079512,34.74121464742119,-17.462990793307423,3.63,1.6,93.0,43.7,54.0,98.6,2489,7.8,813032,669257,518692,669242,571970,605141,571771,681624,606192,52.68,,,,,,,,25,5,Sinker,2,0,0,2,0,2,0,2,Strategic,Standard,193,0.009,-0.094,74.7,6.5,,0.094,88.0,2,-2,0.7292064019858161,0.2707935980141839,31,26,32,26,2,1,11,2,4.0,1.0,1.42,1.05,1.05,51.0,-10.669065280058224,12.461548058488788,30.875653952727053,25.355357298507403,23.750403969475386
85,SI,2025-10-27,96.5,-1.71,5.79,"Guerrero Jr., Vladimir",665489,607192,,called_strike,,,,,4,Called Strike,W,R,R,LAD,TOR,S,,,3,0,2025,-1.29,1.17,-0.38,3.0,,,,0,4,Top,,,,,,,6.666738001463859,-140.2448023341754,-4.569287158612979,-18.511222569378567,36.57998782719846,-15.893478461552796,3.64,1.6,,,,98.6,2494,7.9,813032,669257,518692,669242,571970,605141,571771,681624,606192,52.61,,,,,,,,25,4,Sinker,2,0,0,2,0,2,0,2,Strategic,Standard,191,0.009,-0.09,,,,0.09,,2,-2,0.7292064019858161,0.2707935980141839,31,26,32,26,2,1,11,2,4.0,1.0,1.31,1.29,1.29,50.7,,,,,
86,SL,2025-10-27,91.5,-1.86,5.75,"Guerrero Jr., Vladimir",665489,607192,,ball,,,,,14,Ball,W,R,R,LAD,TOR,B,,,2,0,2025,0.18,0.72,1.35,0.75,,,,0,4,Top,,,,,,,7.850224958778146,-132.87637082718183,-8.48713679210086,0.6232468140452609,26.722698432078264,-21.9832772106388,3.74,1.6,,,,93.6,2445,7.5,813032,669257,518692,669242,571970,605141,571771,681624,606192,53.02,,,,,,,,25,3,Slider,2,0,0,2,0,2,0,2,Strategic,Standard,202,0.009,0.152,,,,-0.152,,2,-2,0.7292064019858161,0.2707935980141839,31,26,32,26,2,1,11,2,4.0,1.0,2.0,-0.18,-0.18,49.9,,,,,
87,SI,2025-10-27,95.6,-1.61,5.82,"Guerrero Jr., Vladimir",665489,607192,,ball,,,,,11,Ball,W,R,R,LAD,TOR,B,,,1,0,2025,-0.99,1.14,-0.57,4.62,,,,0,4,Top,,,,,,,5.133721924614886,-139.12639975432313,-0.0604460693364635,-14.07717882790177,32.69056989632763,-17.59562702044042,3.68,1.6,,,,97.7,2260,7.6,813032,669257,518692,669242,571970,605141,571771,681624,606192,52.9,,,,,,,,25,2,Sinker,2,0,0,2,0,2,0,2,Standard,Standard,196,0.009,0.077,,,,-0.077,,2,-2,0.7292064019858161,0.2707935980141839,31,26,32,26,2,1,11,2,4.0,1.0,1.36,0.99,0.99,53.1,,,,,
88,SI,2025-10-27,95.8,-1.63,5.77,"Guerrero Jr., Vladimir",665489,607192,,ball,,,,,14,Ball,W,R,R,LAD,TOR,B,,,0,0,2025,-1.11,1.06,1.57,2.1,,,,0,4,Top,,,,,,,11.293260667275934,-138.9727934411598,-6.616968595729777,-16.95362340372067,31.31008966249201,-17.09360375615266,3.73,1.6,,,,98.3,2479,7.9,813032,669257,518692,669242,571970,605141,571771,681624,606192,52.6,,,,,,,,25,1,Sinker,2,0,0,2,0,2,0,2,Standard,Standard,192,0.009,0.041,,,,-0.041,,2,-2,0.7292064019858161,0.2707935980141839,31,26,32,26,2,1,11,2,4.0,1.0,1.44,1.11,1.11,53.0,,,,,
89,FF,2025-10-27,98.4,-1.55,5.65,"Guerrero Jr., Vladimir",665489,694361,single,hit_into_play,,,,,8,Vladimir Guerrero Jr. singles on a ground ball to second baseman Miguel Rojas.,W,R,R,LAD,TOR,X,4.0,ground_ball,0,2,2025,-0.66,1.54,-0.12,1.94,,,,2,15,Top,124.64,131.3,,,,,5.450350027257267,-142.93275638488933,-8.19267291660985,-10.322540755348037,35.0053603788802,-9.37241319397696,3.63,1.6,19.0,86.9,-5.0,99.0,2175,6.9,813032,669257,518692,500743,571970,605141,669743,669242,606192,53.63,0.174,0.149,0.9,1.0,1.0,0.0,2.0,128,3,4-Seam Fastball,5,5,5,5,5,5,5,5,Standard,Strategic,215,-0.035,0.425,80.1,7.4,0.204,-0.425,88.0,0,0,0.6045452657050412,0.3954547342949588,25,26,26,26,1,7,3,2,,1.0,0.84,0.66,0.66,47.3,-10.129399251221384,2.312397334347463,40.19384036941921,33.26301385416466,25.239688028704816
90,CU,2025-10-27,86.1,-1.56,5.85,"Guerrero Jr., Vladimir",665489,694361,,called_strike,,,,,1,Called Strike,W,R,R,LAD,TOR,S,,,0,1,2025,0.6,-1.15,-0.39,3.56,,,,2,15,Top,,,,,,,1.5406680716454286,-125.2594670266913,3.166738166712029,5.928079331328491,27.47659656117148,-45.0874777077093,3.73,1.6,,,,85.6,2471,6.2,813032,669257,518692,500743,571970,605141,669743,669242,606192,54.34,,,,,,,,128,2,Curveball,5,5,5,5,5,5,5,5,Standard,Strategic,21,-0.003,-0.057,,,,0.057,,0,0,0.6045452657050412,0.3954547342949588,25,26,26,26,1,7,3,2,,1.0,4.24,-0.6,-0.6,56.9,,,,,
91,FF,2025-10-27,94.6,-0.87,5.47,"Guerrero Jr., Vladimir",665489,686218,field_out,hit_into_play,,,,,6,Vladimir Guerrero Jr. flies out to center fielder Andy Pages.,W,R,R,LAD,TOR,X,8.0,fly_ball,1,1,2025,-0.92,1.53,0.71,2.49,,,,0,11,Top,133.4,68.48,,,,,6.206211230977901,-137.54968032845107,-5.499853352607446,-13.127396596168229,33.09417230619219,-11.710744623984391,3.63,1.6,324.0,96.6,36.0,95.0,2469,6.7,813032,669257,518692,669242,571970,605141,571771,681624,606192,53.76,0.143,0.266,0.0,1.0,0.0,0.0,3.0,91,3,4-Seam Fastball,5,5,5,5,5,5,5,5,Standard,Strategic,208,0.058,-0.251,84.3,8.3,0.508,0.251,96.6,0,0,0.5,0.5,25,26,26,26,1,5,3,2,5.0,1.0,1.04,0.92,0.92,38.0,6.293991236379293,-15.135468958889165,26.54575023153311,42.76147795489235,38.42336619063239
92,FF,2025-10-27,98.7,-1.64,5.71,"Guerrero Jr., Vladimir",665489,694361,,swinging_strike,,,,,11,Swinging Strike,W,R,R,LAD,TOR,S,,,0,0,2025,-0.69,1.56,-0.52,3.79,,,,2,15,Top,,,,,,,4.694147514081182,-143.52161035730725,-3.367373647352431,-10.599926423611317,36.909290792031626,-10.121713923260977,3.63,1.6,,,,99.1,2281,6.8,813032,669257,518692,500743,571970,605141,669743,669242,606192,53.69,,,,,,,,128,1,4-Seam Fastball,5,5,5,5,5,5,5,5,Standard,Strategic,217,-0.003,-0.043,71.9,6.2,,0.043,,0,0,0.6045452657050412,0.3954547342949588,25,26,26,26,1,7,3,2,,1.0,0.8,0.69,0.69,47.6,-4.238337638801532,18.05072165574745,25.068398129713493,30.55445121344492,19.54689000735883
93,SL,2025-10-27,89.8,-1.13,5.18,"Guerrero Jr., Vladimir",665489,686218,,ball,,,,,14,Ball,W,R,R,LAD,TOR,B,,,0,1,2025,0.47,0.76,2.28,1.55,,,,0,11,Top,,,,,,,7.497842846065111,-130.51931292115336,-4.625211597003659,3.837494324502623,27.245540013972757,-22.713028206008264,3.67,1.6,,,,90.3,2420,6.6,813032,669257,518692,669242,571970,605141,571771,681624,606192,53.86,,,,,,,,91,2,Slider,5,5,5,5,5,5,5,5,Standard,Strategic,201,0.0,0.031,,,,-0.031,,0,0,0.5,0.5,25,26,26,26,1,5,3,2,5.0,1.0,2.07,-0.47,-0.47,30.5,,,,,
94,FF,2025-10-27,98.1,-2.2,6.07,"Guerrero Jr., Vladimir",665489,808963,field_out,hit_into_play,,,,,4,Vladimir Guerrero Jr. flies out to right fielder Teoscar Hernández.,W,R,R,LAD,TOR,X,9.0,fly_ball,1,1,2025,-0.62,1.26,-0.38,2.76,,,,0,9,Top,172.63,81.62,,,,,6.4753488773481385,-142.6200358730867,-6.444247793201986,-10.050021544089176,35.458085214118995,-13.657783080578412,3.63,1.6,314.0,92.1,31.0,99.5,2092,7.3,813032,669257,518692,669242,571970,605141,571771,681624,606192,53.19,0.08,0.125,0.0,1.0,0.0,0.0,3.0,74,3,4-Seam Fastball,5,5,5,5,5,5,5,5,Standard,Standard,223,0.058,-0.251,77.7,7.2,0.224,0.251,92.1,0,0,0.5,0.5,23,26,24,26,1,4,10,2,4.0,1.0,1.13,0.62,0.62,42.1,-1.4889470679292378,-1.626919446180786,32.080558368179986,31.256926744468025,29.69536387703464
95,CU,2025-10-27,78.2,-0.78,5.5,"Guerrero Jr., Vladimir",665489,686218,,called_strike,,,,,6,Called Strike,W,R,R,LAD,TOR,S,,,0,0,2025,0.75,-1.36,0.71,2.98,,,,0,11,Top,,,,,,,1.8381291277435392,-113.688218403992,4.110407941301553,6.043656614725354,24.07858895403684,-44.96189996832693,3.71,1.6,,,,78.0,2670,6.6,813032,669257,518692,669242,571970,605141,571771,681624,606192,53.91,,,,,,,,91,1,Curveball,5,5,5,5,5,5,5,5,Standard,Strategic,39,0.0,-0.039,,,,0.039,,0,0,0.5,0.5,25,26,26,26,1,5,3,2,5.0,1.0,5.14,-0.75,-0.75,42.0,,,,,
96,FS,2025-10-27,86.7,-2.12,6.12,"Guerrero Jr., Vladimir",665489,808963,,called_strike,,,,,7,Called Strike,W,R,R,LAD,TOR,S,,,1,0,2025,-0.48,-0.16,-0.82,1.92,,,,0,9,Top,,,,,,,4.160643237647854,-126.1699101094157,-3.480429722656181,-6.059090878906398,29.063694858256643,-33.25350477395335,3.76,1.6,,,,87.5,661,7.1,813032,669257,518692,669242,571970,605141,571771,681624,606192,53.42,,,,,,,,74,2,Split-Finger,5,5,5,5,5,5,5,5,Standard,Standard,298,0.0,-0.05,,,,0.05,,0,0,0.5,0.5,23,26,24,26,1,4,10,2,4.0,1.0,3.22,0.48,0.48,46.5,,,,,
97,CU,2025-10-27,81.7,-1.47,5.98,"Guerrero Jr., Vladimir",665489,607192,field_out,hit_into_play,,,,,2,Vladimir Guerrero Jr. flies out to right fielder Teoscar Hernández.,W,R,R,LAD,TOR,X,9.0,fly_ball,1,1,2025,0.64,-1.08,0.22,3.58,,,,2,1,Top,181.53,99.21,,,,,2.6113847515118707,-118.84509173841792,3.3885547952252617,5.521102582593149,24.493473633038214,-43.32740338586971,3.63,1.6,284.0,87.6,39.0,82.7,2642,7.1,813032,669257,518692,669242,571970,605141,571771,681624,606192,53.38,0.011,0.014,0.0,1.0,0.0,0.0,3.0,3,3,Curveball,0,0,0,0,0,0,0,0,Standard,Standard,19,0.009,-0.244,70.4,6.3,0.02,0.244,88.0,0,0,0.5379144392653283,0.4620855607346716,31,26,32,26,1,0,11,2,4.0,1.0,4.52,-0.64,-0.64,59.4,-4.476082753940405,15.97055397878466,16.119257252865903,36.73236399216525,27.965783896771534
98,FF,2025-10-27,98.6,-2.1,6.09,"Guerrero Jr., Vladimir",665489,808963,,ball,,,,,13,Ball,W,R,R,LAD,TOR,B,,,0,0,2025,-0.79,1.16,-0.6,1.49,,,,0,9,Top,,,,,,,6.022895145555995,-143.20016881265738,-9.843898855055446,-12.334503477146477,35.43416405057698,-14.081336997981706,3.75,1.81,,,,99.8,2076,7.2,813032,669257,518692,669242,571970,605141,571771,681624,606192,53.3,,,,,,,,74,1,4-Seam Fastball,5,5,5,5,5,5,5,5,Standard,Standard,224,0.0,0.041,,,,-0.041,,0,0,0.5,0.5,23,26,24,26,1,4,10,2,4.0,1.0,1.21,0.79,0.79,40.2,,,,,
99,CU,2025-10-27,81.1,-1.41,6.02,"Guerrero Jr., Vladimir",665489,607192,,foul,,,,,14,Foul,W,R,R,LAD,TOR,S,,,1,0,2025,0.49,-1.42,1.05,2.08,,,,2,1,Top,,,,,,,4.676666725312645,-117.98594958998817,0.6692664115683762,3.488918701371849,25.38695342581452,-45.691314970221946,3.63,1.6,3.0,80.6,-39.0,82.6,2762,7.6,813032,669257,518692,669242,571970,605141,571771,681624,606192,52.91,,,,,,,,3,2,Curveball,0,0,0,0,0,0,0,0,Standard,Standard,22,-0.001,-0.054,74.3,8.1,,0.054,88.0,0,0,0.5379144392653283,0.4620855607346716,31,26,32,26,1,0,11,2,4.0,1.0,4.92,-0.49,-0.49,54.4,3.8171755230140616,-16.81212889971818,21.28011533515328,45.75317109538635,45.60194294103162
100,CU,2025-10-27,82.0,-1.32,5.98,"Guerrero Jr., Vladimir",665489,607192,,ball,,,,,14,Ball,W,R,R,LAD,TOR,B,,,0,0,2025,0.51,-1.39,1.09,0.86,,,,2,1,Top,,,,,,,4.581670727276991,-119.33852744237028,-2.2621250434969578,3.779864916319009,26.22273379992646,-45.08839857689944,3.63,1.58,,,,83.4,2818,7.6,813032,669257,518692,669242,571970,605141,571771,681624,606192,52.95,,,,,,,,3,1,Curveball,0,0,0,0,0,0,0,0,Standard,Standard,17,-0.001,0.037,,,,-0.037,,0,0,0.5379144392653283,0.4620855607346716,31,26,32,26,1,0,11,2,4.0,1.0,4.82,-0.51,-0.51,57.9,,,,,
101,SL,2025-10-27,88.6,-1.86,5.88,"Guerrero Jr., Vladimir",665489,683618,field_out,hit_into_play,,,,,4,"Vladimir Guerrero Jr. grounds out, shortstop Mookie Betts to first baseman Freddie Freeman.",W,R,R,LAD,TOR,X,6.0,ground_ball,2,2,2025,0.42,-0.16,-0.37,2.45,,,,0,13,Top,103.35,157.16,,,,,2.786476157587433,-129.07581206160685,-2.0051479713838765,4.094760647835599,27.37904261958649,-33.71029019879646,3.63,1.6,46.0,83.5,1.0,89.1,2794,6.6,813032,669257,518692,669242,571970,605141,571771,681624,606192,53.91,0.217,0.191,0.0,1.0,0.0,0.0,2.0,108,5,Slider,5,5,5,5,5,5,5,5,Standard,Standard,97,0.058,-0.232,79.3,6.8,0.26,0.232,88.0,0,0,0.5,0.5,23,26,23,26,1,6,27,2,2.0,1.0,3.06,-0.42,-0.42,39.6,-13.136526266549172,5.698680162035459,28.55204819951433,30.493057223787588,29.326067647120706
102,CU,2025-10-27,82.6,-1.87,6.08,"Guerrero Jr., Vladimir",665489,683618,,foul,,,,,3,Foul,W,R,R,LAD,TOR,S,,,2,1,2025,0.8,-0.7,0.35,3.41,,,,0,13,Top,,,,,,,3.51733567050237,-120.25657409173388,1.8551720928163309,7.041864631514201,24.86227834359881,-39.5231915074898,3.63,1.6,7.0,76.8,-27.0,82.9,2727,6.6,813032,669257,518692,669242,571970,605141,571771,681624,606192,53.86,,,,,,,,108,4,Curveball,5,5,5,5,5,5,5,5,Standard,Standard,52,0.0,-0.073,79.4,7.9,,0.073,88.0,0,0,0.5,0.5,23,26,23,26,1,6,27,2,2.0,1.0,4.05,-0.8,-0.8,44.6,10.960639569246055,-21.87543853584574,13.676482029850703,38.75384834814395,43.820544219992726
103,FC,2025-10-27,91.0,-2.84,6.27,"Guerrero Jr., Vladimir",665489,595014,single,hit_into_play,,,,,12,Vladimir Guerrero Jr. singles on a ground ball to center fielder Andy Pages.,W,R,R,LAD,TOR,X,8.0,ground_ball,1,1,2025,0.01,0.77,1.34,2.69,,,,2,7,Top,116.77,100.52,,,,,10.317847961077511,-132.14437294813973,-4.695654377319736,-1.94413349904658,26.42012078536761,-22.338369345492787,3.63,1.6,124.0,87.4,6.0,90.0,2607,5.7,813032,669257,518692,669242,571970,605141,571771,681624,606192,54.84,0.437,0.402,0.9,1.0,1.0,0.0,4.0,56,3,Cutter,4,4,4,4,4,4,4,4,Standard,Standard,208,-0.023,0.342,67.1,8.2,0.473,-0.342,88.0,0,0,0.5681001633995088,0.4318998366004912,37,26,37,26,1,3,10,2,1.0,1.0,1.98,-0.01,-0.01,32.8,7.431893970024005,-3.738677633132693,17.969200108631306,51.14212731738033,34.67577113511035
104,SI,2025-10-27,101.1,-1.99,5.84,"Guerrero Jr., Vladimir",665489,683618,,ball,,,,,11,Ball,W,R,R,LAD,TOR,B,,,1,1,2025,-1.26,1.19,-0.11,4.03,,,,0,13,Top,,,,,,,8.26368929322085,-146.9635947499407,-2.52537062894771,-20.29608788534208,37.54115000868156,-14.561204719681498,3.66,1.6,,,,101.1,2604,6.5,813032,669257,518692,669242,571970,605141,571771,681624,606192,53.96,,,,,,,,108,3,Sinker,5,5,5,5,5,5,5,5,Standard,Standard,212,0.0,0.055,,,,-0.055,,0,0,0.5,0.5,23,26,23,26,1,6,27,2,2.0,1.0,1.06,1.26,1.26,36.7,,,,,
105,SI,2025-10-27,100.6,-2.02,5.74,"Guerrero Jr., Vladimir",665489,683618,,ball,,,,,11,Ball,W,R,R,LAD,TOR,B,,,0,1,2025,-1.18,1.16,-0.36,4.22,,,,0,13,Top,,,,,,,7.476141656025554,-146.32313130040365,-1.5957394089394026,-18.815107629087585,37.2658439045863,-15.41385984371973,3.65,1.6,,,,101.0,2526,6.7,813032,669257,518692,669242,571970,605141,571771,681624,606192,53.77,,,,,,,,108,2,Sinker,5,5,5,5,5,5,5,5,Standard,Standard,213,0.0,0.031,,,,-0.031,,0,0,0.5,0.5,23,26,23,26,1,6,27,2,2.0,1.0,1.11,1.18,1.18,35.4,,,,,
106,ST,2025-10-27,84.7,-3.19,6.14,"Guerrero Jr., Vladimir",665489,595014,,called_strike,,,,,8,Called Strike,W,R,R,LAD,TOR,S,,,1,0,2025,0.7,0.06,0.17,2.15,,,,2,7,Top,,,,,,,6.365791175543523,-123.22514722611515,-3.031970380293584,5.700515762487703,26.67177633234039,-31.118378986612207,3.65,1.6,,,,83.5,2557,5.7,813032,669257,518692,669242,571970,605141,571771,681624,606192,54.81,,,,,,,,56,2,Sweeper,4,4,4,4,4,4,4,4,Standard,Standard,50,-0.001,-0.054,,,,0.054,,0,0,0.5681001633995088,0.4318998366004912,37,26,37,26,1,3,10,2,1.0,1.0,3.14,-0.7,-0.7,29.7,,,,,
107,FC,2025-10-27,92.2,-2.9,6.23,"Guerrero Jr., Vladimir",665489,595014,,ball,,,,,12,Ball,W,R,R,LAD,TOR,B,,,0,0,2025,0.11,0.72,0.57,4.41,,,,2,7,Top,,,,,,,8.46731886195244,-134.03644862758193,-0.3713048925083004,-0.4400056051015046,27.782299150790305,-23.54253548021521,3.72,1.6,,,,91.2,2506,5.6,813032,669257,518692,669242,571970,605141,571771,681624,606192,54.85,,,,,,,,56,1,Cutter,4,4,4,4,4,4,4,4,Standard,Standard,208,-0.001,0.037,,,,-0.037,,0,0,0.5681001633995088,0.4318998366004912,37,26,37,26,1,3,10,2,1.0,1.0,1.95,-0.11,-0.11,32.7,,,,,
108,CU,2025-10-27,82.8,-1.82,6.08,"Guerrero Jr., Vladimir",665489,683618,,called_strike,,,,,5,Called Strike,W,R,R,LAD,TOR,S,,,0,0,2025,0.67,-0.53,-0.14,2.52,,,,0,13,Top,,,,,,,2.540888062304636,-120.53915595766804,-0.5566842731014936,5.90530266725081,25.894706920447295,-37.43227643171852,3.7,1.61,,,,82.9,2692,6.6,813032,669257,518692,669242,571970,605141,571771,681624,606192,53.92,,,,,,,,108,1,Curveball,5,5,5,5,5,5,5,5,Standard,Standard,47,0.0,-0.039,,,,0.039,,0,0,0.5,0.5,23,26,23,26,1,6,27,2,2.0,1.0,3.88,-0.67,-0.67,44.3,,,,,
109,CU,2025-10-25,78.5,-1.61,5.41,"Guerrero Jr., Vladimir",665489,808967,field_out,hit_into_play,,,,,14,Vladimir Guerrero Jr. grounds out softly to first baseman Freddie Freeman.,W,R,R,TOR,LAD,X,3.0,ground_ball,2,2,2025,1.08,-1.31,1.12,1.76,,,,0,9,Bot,146.89,175.66,,,,,3.915424164553545,-114.12048588563816,1.5990984339297944,8.295798582600117,27.060717850156863,-44.029128678271,3.63,1.61,4.0,37.2,-26.0,77.9,2833,6.6,813026,669257,518692,669242,571970,605141,571771,681909,681624,53.88,0.249,0.225,0.0,1.0,0.0,0.0,1.0,66,6,Curveball,1,5,1,5,5,1,1,5,Standard,Standard,33,-0.013,-0.232,76.6,8.5,0.258,0.232,88.0,-4,-4,0.0187076524511757,0.0187076524511757,26,26,27,26,4,3,11,1,6.0,2.0,5.11,-1.08,-1.08,49.5,12.530320091407589,-19.52692106740185,24.073809207506937,47.52901704615385,50.038121604350295
110,FF,2025-10-25,96.3,-1.84,5.28,"Guerrero Jr., Vladimir",665489,808967,,ball,,,,,12,Ball,W,R,R,TOR,LAD,B,,,1,2,2025,-0.6,1.39,0.17,4.41,,,,0,9,Bot,,,,,,,6.747063026008971,-139.97277671823923,0.184916968636092,-9.577652159882383,35.802505493375364,-14.412235647101449,3.71,1.68,,,,96.2,2177,6.6,813026,669257,518692,669242,571970,605141,571771,681909,681624,53.93,,,,,,,,66,5,4-Seam Fastball,1,5,1,5,5,1,1,5,Standard,Standard,218,-0.003,0.043,,,,-0.043,,-4,-4,0.0187076524511757,0.0187076524511757,26,26,27,26,4,3,11,1,6.0,2.0,1.1,0.6,0.6,38.2,,,,,
111,SL,2025-10-25,85.4,-2.03,5.18,"Guerrero Jr., Vladimir",665489,808967,,ball,,,,,7,Ball,W,R,R,TOR,LAD,B,,,0,2,2025,0.57,-0.28,-0.41,1.81,,,,0,9,Bot,,,,,,,2.658134416030502,-124.30219208059772,-1.007032842449822,5.293399777769682,27.701238313169146,-35.08834255706134,3.62,1.61,,,,85.3,2676,6.5,813026,669257,518692,669242,571970,605141,571771,681909,681624,54.01,,,,,,,,66,4,Slider,1,5,1,5,5,1,1,5,Standard,Standard,78,-0.003,0.024,,,,-0.024,,-4,-4,0.0187076524511757,0.0187076524511757,26,26,27,26,4,3,11,1,6.0,2.0,3.43,-0.57,-0.57,35.4,,,,,
112,FS,2025-10-25,91.7,-2.09,5.05,"Guerrero Jr., Vladimir",665489,808967,,foul,,,,,14,Foul,W,R,R,TOR,LAD,S,,,0,2,2025,-0.93,-0.31,0.26,1.28,,,,0,9,Bot,,,,,,,8.050863329888788,-133.19796665615644,-2.9492189007187437,-12.908932271516113,31.14241780106695,-35.31556533511066,3.63,1.61,,,,92.2,1463,6.9,813026,669257,518692,669242,571970,605141,571771,681909,681624,53.62,,,,,,,,66,3,Split-Finger,1,5,1,5,5,1,1,5,Standard,Standard,243,-0.003,0.0,,,,0.0,,-4,-4,0.0187076524511757,0.0187076524511757,26,26,27,26,4,3,11,1,6.0,2.0,3.05,0.93,0.93,31.5,,,,,
113,FS,2025-10-25,91.6,-2.04,5.21,"Guerrero Jr., Vladimir",665489,808967,,foul,,,,,13,Foul,W,R,R,TOR,LAD,S,,,0,1,2025,-0.84,0.17,-0.42,1.03,,,,0,9,Bot,,,,,,,5.923436964768079,-133.26049130003238,-5.039510766414577,-11.286264586039872,30.695607692828823,-29.25165329284786,3.63,1.61,2.0,74.2,-26.0,91.8,1386,6.6,813026,669257,518692,669242,571970,605141,571771,681909,681624,53.93,,,,,,,,66,2,Split-Finger,1,5,1,5,5,1,1,5,Standard,Standard,236,-0.003,-0.055,76.3,8.4,,0.055,88.0,-4,-4,0.0187076524511757,0.0187076524511757,26,26,27,26,4,3,11,1,6.0,2.0,2.57,0.84,0.84,35.0,10.70682285155541,-15.63486486953744,43.27914932897427,30.91061490219662,36.65401110397954
114,CU,2025-10-25,77.6,-1.76,5.38,"Guerrero Jr., Vladimir",665489,808967,,called_strike,,,,,9,Called Strike,W,R,R,TOR,LAD,S,,,0,0,2025,0.78,-1.53,0.59,1.42,,,,0,9,Bot,,,,,,,3.602222814955532,-112.74384909222766,1.4824526082290628,5.682024141983774,25.79756529609047,-45.58929747347893,3.61,1.53,,,,77.0,2691,6.5,813026,669257,518692,669242,571970,605141,571771,681909,681624,53.96,,,,,,,,66,1,Curveball,1,5,1,5,5,1,1,5,Standard,Standard,36,-0.003,-0.039,,,,0.039,,-4,-4,0.0187076524511757,0.0187076524511757,26,26,27,26,4,3,11,1,6.0,2.0,5.41,-0.78,-0.78,44.9,,,,,
115,FC,2025-10-25,90.8,-2.07,5.17,"Guerrero Jr., Vladimir",665489,808967,field_out,hit_into_play,,,,,9,"Vladimir Guerrero Jr. grounds out sharply, second baseman Tommy Edman to first baseman Freddie Freeman.",W,R,R,TOR,LAD,X,4.0,ground_ball,2,1,2025,0.6,0.36,0.34,1.88,,,,0,6,Bot,131.23,142.46,,,,,4.763625519420714,-132.25641460833748,-3.134020051021544,6.075191415620388,28.02349274692368,-27.470227167455388,3.63,1.61,44.0,103.2,0.0,91.2,2646,6.5,813026,669257,518692,669242,571970,605141,571771,681624,606192,54.05,0.451,0.422,0.0,1.0,0.0,0.0,4.0,41,4,Cutter,1,1,1,1,1,1,1,1,Standard,Standard,156,-0.035,-0.305,78.8,7.4,0.503,0.305,103.2,0,0,0.5755203504545918,0.5755203504545918,26,26,27,26,3,2,11,1,6.0,2.0,2.4,-0.6,-0.6,34.5,-9.17685052682914,2.3532556921997694,33.11133135717775,40.91492571678073,28.373668514987543
116,FF,2025-10-25,94.7,-2.09,5.14,"Guerrero Jr., Vladimir",665489,808967,,ball,,,,,14,Ball,W,R,R,TOR,LAD,B,,,1,1,2025,-0.48,1.39,1.27,2.52,,,,0,6,Bot,,,,,,,9.87329728085747,-137.5444045778396,-4.250486594868849,-8.347620754861245,30.857755401269884,-13.76315000089542,3.65,1.65,,,,94.8,2388,6.5,813026,669257,518692,669242,571970,605141,571771,681624,606192,54.0,,,,,,,,41,3,4-Seam Fastball,1,1,1,1,1,1,1,1,Standard,Standard,212,-0.002,0.055,,,,-0.055,,0,0,0.5755203504545918,0.5755203504545918,26,26,27,26,3,2,11,1,6.0,2.0,1.16,0.48,0.48,33.7,,,,,
117,FS,2025-10-25,91.4,-2.08,5.15,"Guerrero Jr., Vladimir",665489,808967,,ball,,,,,14,Ball,W,R,R,TOR,LAD,B,,,0,1,2025,-1.34,0.0,0.26,0.92,,,,0,6,Bot,,,,,,,8.823267567939164,-132.72976894194477,-4.7361260504328175,-17.779029700775677,30.645234231137824,-31.24524436980469,3.69,1.65,,,,91.5,1676,6.6,813026,669257,518692,669242,571970,605141,571771,681624,606192,53.88,,,,,,,,41,2,Split-Finger,1,1,1,1,1,1,1,1,Standard,Standard,236,-0.002,0.031,,,,-0.031,,0,0,0.5755203504545918,0.5755203504545918,26,26,27,26,3,2,11,1,6.0,2.0,2.76,1.34,1.34,34.6,,,,,
118,FF,2025-10-25,96.1,-1.85,5.22,"Guerrero Jr., Vladimir",665489,808967,,called_strike,,,,,2,Called Strike,W,R,R,TOR,LAD,S,,,0,0,2025,-0.66,1.19,0.26,3.1,,,,0,6,Bot,,,,,,,7.135707167466617,-139.79217122648964,-2.7199141753074096,-10.316197072547508,32.86040405615731,-16.130452369602754,3.72,1.65,,,,96.3,2280,6.5,813026,669257,518692,669242,571970,605141,571771,681624,606192,53.96,,,,,,,,41,1,4-Seam Fastball,1,1,1,1,1,1,1,1,Standard,Standard,213,-0.002,-0.039,,,,0.039,,0,0,0.5755203504545918,0.5755203504545918,26,26,27,26,3,2,11,1,6.0,2.0,1.28,0.66,0.66,35.6,,,,,
119,FF,2025-10-25,95.2,-1.83,5.33,"Guerrero Jr., Vladimir",665489,808967,single,hit_into_play,,,,,13,Vladimir Guerrero Jr. singles on a sharp line drive to left fielder Enrique Hernández. George Springer to 3rd.,W,R,R,TOR,LAD,X,7.0,line_drive,0,1,2025,-0.86,1.34,-0.94,2.25,,,543807.0,1,3,Bot,35.48,94.32,,,,,4.279783700738511,-138.47857654759602,-5.385575613844188,-12.00009982262354,35.18818664255265,-13.97008159537052,3.63,1.61,339.0,113.9,19.0,95.0,2328,6.5,813026,669257,518692,669242,571970,605141,571771,681624,606192,54.0,0.88,1.39,0.9,1.0,1.0,0.0,6.0,23,2,4-Seam Fastball,0,1,0,1,1,0,0,1,Standard,Standard,212,0.069,0.446,78.4,7.8,2.436,-0.446,113.9,-1,-1,0.4398279936242694,0.4398279936242694,26,26,27,26,2,1,11,1,6.0,2.0,1.21,0.86,0.86,38.6,10.450918558744116,-20.19294820770956,40.32050306040532,23.898201427480032,37.03906066527298
120,FC,2025-10-25,93.7,-2.02,5.24,"Guerrero Jr., Vladimir",665489,808967,,called_strike,,,,,9,Called Strike,W,R,R,TOR,LAD,S,,,0,0,2025,0.18,0.98,0.6,2.15,,,543807.0,1,3,Bot,,,,,,,6.377876119576633,-136.3047206942081,-4.401055655978988,0.7600150202179939,30.50221355261795,-19.217143253779327,3.72,1.68,,,,93.7,2482,6.3,813026,669257,518692,669242,571970,605141,571771,681624,606192,54.17,,,,,,,,23,1,Cutter,0,1,0,1,1,0,0,1,Standard,Standard,194,-0.007,-0.04,,,,0.04,,-1,-1,0.4398279936242694,0.4398279936242694,26,26,27,26,2,1,11,1,6.0,2.0,1.62,-0.18,-0.18,35.6,,,,,
121,CU,2025-10-25,80.6,-1.54,5.48,"Guerrero Jr., Vladimir",665489,808967,strikeout,swinging_strike,,,,,8,Vladimir Guerrero Jr. strikes out swinging.,W,R,R,TOR,LAD,S,2.0,,2,2,2025,1.19,-1.43,0.05,2.01,543807.0,,664770.0,0,1,Bot,,,,,,,1.2576366547669149,-117.17801172229912,1.8775124429469785,10.472030891581117,27.79773114468771,-45.79448896994298,3.63,1.61,,,,79.7,2929,6.3,813026,669257,518692,669242,571970,605141,571771,681624,606192,54.17,,0.0,0.0,1.0,0.0,0.0,,8,7,Curveball,0,1,0,1,1,0,0,1,Standard,Standard,38,-0.063,-0.291,78.9,8.3,,0.291,,-1,-1,0.5724906265574308,0.5724906265574308,26,26,27,26,1,0,11,1,6.0,2.0,5.02,-1.19,-1.19,46.5,17.30277416187706,-33.65230626656632,27.68364635228008,35.42085006030483,56.76862062761937
122,FS,2025-10-25,92.4,-1.81,5.35,"Guerrero Jr., Vladimir",665489,808967,,foul,,,,,7,Foul,W,R,R,TOR,LAD,S,,,2,2,2025,-1.11,-0.24,-0.78,1.83,543807.0,,664770.0,0,1,Bot,,,,,,,5.051070862458082,-134.33771352481062,-2.572231530006173,-14.513808568067295,32.61091383130881,-34.62370225314371,3.63,1.61,2.0,77.4,-38.0,92.1,1149,6.4,813026,669257,518692,669242,571970,605141,571771,681624,606192,54.07,,,,,,,,8,6,Split-Finger,0,1,0,1,1,0,0,1,Standard,Standard,245,0.0,0.0,74.2,6.5,,0.0,88.0,-1,-1,0.5724906265574308,0.5724906265574308,26,26,27,26,1,0,11,1,6.0,2.0,2.94,1.11,1.11,37.5,-16.19538410137239,5.037822039509429,42.741620725280406,25.96769630989357,20.85511623587205
123,FS,2025-10-25,92.1,-1.87,5.44,"Guerrero Jr., Vladimir",665489,808967,,foul,,,,,4,Foul,W,R,R,TOR,LAD,S,,,2,2,2025,-0.57,-0.15,-0.6,2.46,543807.0,,664770.0,0,1,Bot,,,,,,,4.493263178738991,-133.98756161269986,-1.3664300533092968,-7.886333620187189,30.723257914399834,-33.86423581371827,3.63,1.61,4.0,94.2,-31.0,92.3,1250,6.5,813026,669257,518692,669242,571970,605141,571771,681624,606192,53.96,,,,,,,,8,5,Split-Finger,0,1,0,1,1,0,0,1,Standard,Standard,244,0.0,0.0,77.4,7.0,,0.0,94.2,-1,-1,0.5724906265574308,0.5724906265574308,26,26,27,26,1,0,11,1,6.0,2.0,2.85,0.57,0.57,38.8,-3.860177081509388,-6.724787563197098,35.64010759202646,27.47206009058741,29.60957178808164
124,FS,2025-10-25,92.7,-1.87,5.4,"Guerrero Jr., Vladimir",665489,808967,,foul_tip,,,,,7,Foul Tip,W,R,R,TOR,LAD,S,,,2,1,2025,-1.21,-0.09,-0.73,2.03,543807.0,,664770.0,0,1,Bot,,,,,,,5.565347609785235,-134.8482664856238,-2.5703118889604664,-15.951693170575831,32.673535791533496,-32.8158571271771,3.63,1.61,,,,92.5,1517,6.5,813026,669257,518692,669242,571970,605141,571771,681624,606192,54.04,,,,,,,,8,4,Split-Finger,0,1,0,1,1,0,0,1,Standard,Standard,238,0.0,-0.08,81.8,7.5,,0.08,,-1,-1,0.5724906265574308,0.5724906265574308,26,26,27,26,1,0,11,1,6.0,2.0,2.76,1.21,1.21,39.5,3.9371101927686527,-14.861298641784863,32.88803534339927,26.499677990714066,33.739792572175
125,FS,2025-10-25,92.6,-1.7,5.48,"Guerrero Jr., Vladimir",665489,808967,,swinging_strike,,,,,8,Swinging Strike,W,R,R,TOR,LAD,S,,,2,0,2025,-1.11,-0.18,-0.1,1.82,543807.0,,664770.0,0,1,Bot,,,,,,,6.531034092403712,-134.52369278116555,-3.040461225246617,-15.007156478109655,33.522765503487754,-33.80065558123745,3.63,1.61,,,,92.2,1344,6.5,813026,669257,518692,669242,571970,605141,571771,681624,606192,54.0,,,,,,,,8,3,Split-Finger,0,1,0,1,1,0,0,1,Standard,Standard,235,0.0,-0.064,82.3,8.0,,0.064,,-1,-1,0.5724906265574308,0.5724906265574308,26,26,27,26,1,0,11,1,6.0,2.0,2.88,1.11,1.11,40.6,4.330544034831388,-16.22903258777974,32.13205163377496,33.82452891216769,36.68116780915946
126,FF,2025-10-25,96.7,-1.79,5.5,"Guerrero Jr., Vladimir",665489,808967,,ball,,,,,13,Ball,W,R,R,TOR,LAD,B,,,1,0,2025,-1.01,1.43,-1.29,1.53,543807.0,,664770.0,0,1,Bot,,,,,,,3.6489338976896217,-140.45815551820797,-8.21714340586809,-14.169192090918855,35.75111718876705,-11.598050851442515,3.75,1.63,,,,96.3,2338,6.4,813026,669257,518692,669242,571970,605141,571771,681624,606192,54.06,,,,,,,,8,2,4-Seam Fastball,0,1,0,1,1,0,0,1,Standard,Standard,212,0.0,0.065,,,,-0.065,,-1,-1,0.5724906265574308,0.5724906265574308,26,26,27,26,1,0,11,1,6.0,2.0,1.04,1.01,1.01,43.7,,,,,
127,FS,2025-10-25,90.8,-1.92,5.37,"Guerrero Jr., Vladimir",665489,808967,,ball,,,,,7,Ball,W,R,R,TOR,LAD,B,,,0,0,2025,-0.79,-0.21,-0.75,1.66,543807.0,,664770.0,0,1,Bot,,,,,,,4.632565096759291,-132.13962373853158,-2.879160677586642,-10.264192801055156,31.16544915121383,-34.139132489904654,3.62,1.58,,,,90.7,1295,6.5,813026,669257,518692,669242,571970,605141,571771,681624,606192,54.01,,,,,,,,8,1,Split-Finger,0,1,0,1,1,0,0,1,Standard,Standard,242,0.0,0.024,,,,-0.024,,-1,-1,0.5724906265574308,0.5724906265574308,26,26,27,26,1,0,11,1,6.0,2.0,3.0,0.79,0.79,36.8,,,,,
128,SL,2025-10-24,89.0,2.05,6.43,"Guerrero Jr., Vladimir",665489,605483,field_out,hit_into_play,,,,,5,"Vladimir Guerrero Jr. grounds out, second baseman Tommy Edman to first baseman Freddie Freeman.",W,R,L,TOR,LAD,X,4.0,ground_ball,0,2,2025,-0.23,0.51,-0.21,2.36,,,,2,5,Bot,136.12,131.79,,,,,-5.089704974102525,-129.46517059009446,-5.01109209971117,-1.4378939206113468,29.751311271321203,-25.54050497271955,3.65,1.62,139.0,63.7,15.0,89.5,2287,6.8,813027,669257,518692,669242,571970,605141,571771,681624,606192,53.65,0.257,0.231,0.0,1.0,0.0,0.0,2.0,43,3,Slider,2,2,2,2,2,2,2,2,Standard,Standard,172,-0.015,-0.16,77.8,7.3,0.257,0.16,88.0,0,0,0.5148917991767391,0.5148917991767391,32,26,33,26,3,2,11,4,5.0,1.0,2.39,-0.23,0.23,57.7,-4.123704488819563,4.521506673433835,35.733423014943,32.227515996220426,28.52570814945242
129,FF,2025-10-24,95.9,1.99,6.43,"Guerrero Jr., Vladimir",665489,605483,,called_strike,,,,,2,Called Strike,W,R,L,TOR,LAD,S,,,0,1,2025,0.31,1.53,0.04,3.51,,,,2,5,Bot,,,,,,,-5.913817323019897,-139.3946560332388,-5.539740407732864,5.46749976526571,35.134836858460694,-11.20120430035975,3.57,1.43,,,,96.4,2400,6.9,813027,669257,518692,669242,571970,605141,571771,681624,606192,53.61,,,,,,,,43,2,4-Seam Fastball,2,2,2,2,2,2,2,2,Standard,Standard,159,-0.001,-0.057,,,,0.057,,0,0,0.5148917991767391,0.5148917991767391,32,26,33,26,3,2,11,4,5.0,1.0,0.98,0.31,-0.31,56.0,,,,,
130,SL,2025-10-24,90.5,2.03,6.45,"Guerrero Jr., Vladimir",665489,605483,,swinging_strike,,,,,13,Swinging Strike,W,R,L,TOR,LAD,S,,,0,0,2025,0.04,0.67,-0.3,1.42,,,,2,5,Bot,,,,,,,-5.948551405375946,-131.51060907817617,-8.067634486938015,1.7721726737260908,30.080204313678383,-22.806230995942503,3.65,1.62,,,,91.2,2268,7.0,813027,669257,518692,669242,571970,605141,571771,681624,606192,53.51,,,,,,,,43,1,Slider,2,2,2,2,2,2,2,2,Standard,Standard,162,-0.001,-0.043,79.6,8.8,,0.043,,0,0,0.5148917991767391,0.5148917991767391,32,26,33,26,3,2,11,4,5.0,1.0,2.14,0.04,-0.04,58.5,19.83424409961438,-33.72534432060086,33.69095718060548,31.63630350812571,45.68978061901583
131,CH,2025-10-24,86.2,2.21,6.3,"Guerrero Jr., Vladimir",665489,605483,single,hit_into_play,,,,,9,Vladimir Guerrero Jr. singles on a ground ball to left fielder Enrique Hernández.,W,R,L,TOR,LAD,X,7.0,ground_ball,3,2,2025,1.16,1.15,0.59,2.1,,,,1,3,Bot,104.78,161.12,,,,,-6.2839171260018265,-125.2086036600774,-6.1067240377379,13.501278679626196,25.979593271085488,-19.01050700267184,3.65,1.62,69.0,101.9,2.0,87.0,1891,7.0,813027,669257,518692,669242,571970,605141,571771,681624,606192,53.54,0.509,0.473,0.9,1.0,1.0,0.0,4.0,27,6,Changeup,0,2,0,2,2,0,0,2,Standard,Standard,132,0.02,0.336,73.9,8.0,0.571,-0.336,101.9,-2,-2,0.3012261883824436,0.3012261883824436,32,26,33,26,2,1,11,4,5.0,1.0,1.93,1.16,-1.16,52.8,3.4241056771640883,-6.182853326446164,25.445526711674145,43.45954051327378,36.44161334166918
132,FF,2025-10-24,96.2,1.94,6.48,"Guerrero Jr., Vladimir",665489,605483,,ball,,,,,12,Ball,W,R,L,TOR,LAD,B,,,2,2,2025,0.3,1.47,0.8,3.97,,,,1,3,Bot,,,,,,,-3.7441793452061294,-139.9201533587913,-4.382917603912465,4.879223163120813,34.075123018841005,-12.197770670825388,3.64,1.51,,,,96.8,2400,6.8,813027,669257,518692,669242,571970,605141,571771,681624,606192,53.69,,,,,,,,27,5,4-Seam Fastball,0,2,0,2,2,0,0,2,Standard,Standard,162,-0.01,0.104,,,,-0.104,,-2,-2,0.3012261883824436,0.3012261883824436,32,26,33,26,2,1,11,4,5.0,1.0,1.02,0.3,-0.3,55.4,,,,,
133,SL,2025-10-24,90.7,2.08,6.41,"Guerrero Jr., Vladimir",665489,605483,,ball,,,,,13,Ball,W,R,L,TOR,LAD,B,,,1,2,2025,-0.39,0.8,-1.04,-0.21,,,,1,3,Bot,,,,,,,-7.034285842187177,-131.33866241585284,-12.366007076750096,-2.8141294972153585,30.86759661228034,-20.202228118437507,3.61,1.45,,,,91.2,2315,7.1,813027,669257,518692,669242,571970,605141,571771,681624,606192,53.39,,,,,,,,27,4,Slider,0,2,0,2,2,0,0,2,Standard,Standard,152,-0.01,0.048,,,,-0.048,,-2,-2,0.3012261883824436,0.3012261883824436,32,26,33,26,2,1,11,4,5.0,1.0,2.02,-0.39,0.39,61.6,,,,,
134,FF,2025-10-24,94.7,1.98,6.48,"Guerrero Jr., Vladimir",665489,605483,,foul,,,,,1,Foul,W,R,L,TOR,LAD,S,,,1,1,2025,0.45,1.49,-0.44,3.25,,,,1,3,Bot,,,,,,,-7.38160865808266,-137.5551766920946,-6.037714513633554,7.453908182915481,34.49309369685422,-12.132626559550417,3.65,1.62,157.0,64.1,58.0,95.0,2430,6.8,813027,669257,518692,669242,571970,605141,571771,681624,606192,53.65,,,,,,,,27,3,4-Seam Fastball,0,2,0,2,2,0,0,2,Standard,Standard,160,-0.01,-0.064,73.7,6.5,,0.064,88.0,-2,-2,0.3012261883824436,0.3012261883824436,32,26,33,26,2,1,11,4,5.0,1.0,1.09,0.45,-0.45,56.0,-5.008176153029217,7.829801568475227,27.87331883904168,30.779476568469587,24.3939179569821
135,CH,2025-10-24,86.7,2.3,6.24,"Guerrero Jr., Vladimir",665489,605483,,called_strike,,,,,8,Called Strike,W,R,L,TOR,LAD,S,,,1,0,2025,1.27,1.09,-0.25,1.59,,,,1,3,Bot,,,,,,,-8.795592765819311,-125.7317497173442,-7.139945005669649,15.347928394070069,27.38548780635325,-19.220666921230425,3.61,1.55,,,,87.3,1943,7.0,813027,669257,518692,669242,571970,605141,571771,681624,606192,53.5,,,,,,,,27,2,Changeup,0,2,0,2,2,0,0,2,Standard,Standard,133,-0.01,-0.049,,,,0.049,,-2,-2,0.3012261883824436,0.3012261883824436,32,26,33,26,2,1,11,4,5.0,1.0,1.98,1.27,-1.27,50.3,,,,,
136,FF,2025-10-24,95.9,2.03,6.46,"Guerrero Jr., Vladimir",665489,605483,,ball,,,,,2,Ball,W,R,L,TOR,LAD,B,,,0,0,2025,0.64,1.51,0.14,3.7,,,,1,3,Bot,,,,,,,-6.521005378457898,-139.39937333203594,-5.111263986795769,9.895791049802964,35.11714056646115,-11.54782440840584,3.64,1.57,,,,96.5,2436,7.0,813027,669257,518692,669242,571970,605141,571771,681624,606192,53.54,,,,,,,,27,1,4-Seam Fastball,0,2,0,2,2,0,0,2,Standard,Standard,158,-0.01,0.039,,,,-0.039,,-2,-2,0.3012261883824436,0.3012261883824436,32,26,33,26,2,1,11,4,5.0,1.0,1.0,0.64,-0.64,54.1,,,,,
137,CU,2025-10-24,83.6,1.99,6.52,"Guerrero Jr., Vladimir",665489,605483,walk,blocked_ball,,,,,13,Vladimir Guerrero Jr. walks.,W,R,L,TOR,LAD,B,,,3,2,2025,-1.09,-0.69,-0.19,0.64,,,,2,1,Bot,,,,,,,-2.8868682113999564,-121.55045432635772,-5.659994811402013,-9.95547820426674,28.59905886260662,-37.85001992250398,3.54,1.54,,,,83.7,2613,6.9,813027,669257,518692,669242,571970,605141,571771,681624,606192,53.62,,0.691497,0.7,1.0,0.0,0.0,,6,7,Curveball,0,0,0,0,0,0,0,0,Standard,Standard,328,0.012,0.259,,,,-0.259,,0,0,0.5103018082716771,0.5103018082716771,32,26,33,26,1,0,11,4,5.0,1.0,4.01,-1.09,1.09,59.8,,,,,
138,ST,2025-10-24,89.3,-2.09,5.44,"Guerrero Jr., Vladimir",665489,694361,field_out,hit_into_play,,,,,8,Vladimir Guerrero Jr. flies out to center fielder Andy Pages.,W,R,R,TOR,LAD,X,8.0,fly_ball,1,2,2025,0.69,-0.2,-0.1,1.74,,,680718.0,1,8,Bot,164.1,75.74,,,,,3.4773956036791835,-130.03300584149122,-2.6333692524874466,6.99545123456231,30.26535360113908,-34.05119728345854,3.65,1.62,320.0,95.1,29.0,89.7,2609,6.8,813027,669257,518692,669242,571970,605141,571771,681624,606192,53.75,0.2,0.322,0.0,1.0,0.0,0.0,5.0,73,4,Sweeper,11,4,11,4,4,11,11,4,Standard,Standard,32,0.0,-0.179,77.7,7.8,0.571,0.179,95.1,7,7,0.9990970016426394,0.9990970016426394,25,26,26,26,1,4,28,4,3.0,1.0,3.08,-0.69,-0.69,38.6,-3.104815193773146,-9.758335253986465,36.28275673719336,35.58575185433336,33.5943547246107
139,FF,2025-10-24,96.7,2.03,6.52,"Guerrero Jr., Vladimir",665489,605483,,foul,,,,,4,Foul,W,R,L,TOR,LAD,S,,,3,2,2025,0.29,1.62,-0.6,2.79,,,,2,1,Bot,,,,,,,-7.758839824389555,-140.36056056437516,-8.119622858618383,5.676509446004327,33.72446835930105,-9.09553125636599,3.65,1.62,7.0,87.9,-22.0,97.5,2419,7.0,813027,669257,518692,669242,571970,605141,571771,681624,606192,53.51,,,,,,,,6,6,4-Seam Fastball,0,0,0,0,0,0,0,0,Standard,Standard,159,0.0,0.0,76.2,7.2,,0.0,88.0,0,0,0.5103018082716771,0.5103018082716771,32,26,33,26,1,0,11,4,5.0,1.0,0.84,0.29,-0.29,56.6,2.26791406442736,-5.325589375464917,30.5333827805398,27.31599323488711,29.66006504892794
140,ST,2025-10-24,90.5,-2.29,5.39,"Guerrero Jr., Vladimir",665489,694361,,blocked_ball,,,,,14,Ball In Dirt,W,R,R,TOR,LAD,B,,,0,2,2025,0.78,-0.66,1.12,-0.1,,,680718.0,1,8,Bot,,,,,,,6.914722696083121,-131.600948868345,-6.350678785250561,7.431253926004209,29.70247923443416,-38.60525507546088,3.48,1.43,,,,91.1,2572,6.8,813027,669257,518692,669242,571970,605141,571771,681624,606192,53.67,,,,,,,,73,3,Sweeper,11,4,11,4,4,11,11,4,Standard,Standard,29,0.0,0.01,,,,-0.01,,7,7,0.9990970016426394,0.9990970016426394,25,26,26,26,1,4,28,4,3.0,1.0,3.46,-0.78,-0.78,36.2,,,,,
141,CH,2025-10-24,87.9,2.15,6.38,"Guerrero Jr., Vladimir",665489,605483,,called_strike,,,,,9,Called Strike,W,R,L,TOR,LAD,S,,,3,1,2025,1.14,0.91,0.59,1.92,,,,2,1,Bot,,,,,,,-6.220101968310223,-127.78712984916169,-6.593557082122578,13.773612358017871,27.453568897434977,-21.05288620313051,3.6,1.49,,,,88.7,1882,6.9,813027,669257,518692,669242,571970,605141,571771,681624,606192,53.58,,,,,,,,6,5,Changeup,0,0,0,0,0,0,0,0,Standard,Standard,136,0.0,-0.086,,,,0.086,,0,0,0.5103018082716771,0.5103018082716771,32,26,33,26,1,0,11,4,5.0,1.0,2.06,1.14,-1.14,52.5,,,,,
142,FF,2025-10-24,99.1,-2.07,5.55,"Guerrero Jr., Vladimir",665489,694361,,foul,,,,,8,Foul,W,R,R,TOR,LAD,S,,,0,1,2025,-0.75,1.33,0.05,2.08,,,680718.0,1,8,Bot,,,,,,,7.58847602343782,-143.7279926803006,-7.06097413271913,-12.383154968458763,41.935448083884,-12.21562770206494,3.65,1.62,,,,98.6,2370,6.8,813027,669257,518692,669242,571970,605141,571771,681624,606192,53.69,,,,,,,,73,2,4-Seam Fastball,11,4,11,4,4,11,11,4,Standard,Standard,216,0.0,-0.047,76.6,6.7,,0.047,,7,7,0.9990970016426394,0.9990970016426394,25,26,26,26,1,4,28,4,3.0,1.0,1.05,0.75,0.75,47.5,-21.31767970377813,23.09465444732868,35.482797897876125,38.42464135645615,10.470149833080695
143,SL,2025-10-24,89.8,1.98,6.49,"Guerrero Jr., Vladimir",665489,605483,,ball,,,,,13,Ball,W,R,L,TOR,LAD,B,,,2,1,2025,-0.46,0.44,-1.24,-0.36,,,,2,1,Bot,,,,,,,-7.04635632443587,-130.08075904736887,-11.879695374506476,-3.498091781909264,30.26371033446435,-24.573126936954296,3.58,1.47,,,,89.9,2426,6.9,813027,669257,518692,669242,571970,605141,571771,681624,606192,53.63,,,,,,,,6,4,Slider,0,0,0,0,0,0,0,0,Standard,Standard,169,0.0,0.117,,,,-0.117,,0,0,0.5103018082716771,0.5103018082716771,32,26,33,26,1,0,11,4,5.0,1.0,2.43,-0.46,0.46,57.5,,,,,
144,FF,2025-10-24,98.6,-1.92,5.65,"Guerrero Jr., Vladimir",665489,694361,,called_strike,,,,,5,Called Strike,W,R,R,TOR,LAD,S,,,0,0,2025,-0.65,1.48,-0.2,2.63,,,680718.0,1,8,Bot,,,,,,,6.239424756766905,-143.20956357843033,-6.145371227327416,-10.590590889933504,40.43443955425178,-10.583559989600625,3.6,1.58,,,,98.6,2269,6.9,813027,669257,518692,669242,571970,605141,571771,681624,606192,53.62,,,,,,,,73,1,4-Seam Fastball,11,4,11,4,4,11,11,4,Standard,Standard,213,0.0,-0.04,,,,0.04,,7,7,0.9990970016426394,0.9990970016426394,25,26,26,26,1,4,28,4,3.0,1.0,0.91,0.65,0.65,45.4,,,,,
145,FF,2025-10-24,96.2,2.02,6.53,"Guerrero Jr., Vladimir",665489,605483,,ball,,,,,12,Ball,W,R,L,TOR,LAD,B,,,1,1,2025,0.34,1.54,0.2,3.76,,,,2,1,Bot,,,,,,,-5.648295670666565,-139.84791244364018,-5.234161346279366,5.828817009498173,35.337049789337016,-11.081831173328084,3.61,1.59,,,,96.5,2386,6.8,813027,669257,518692,669242,571970,605141,571771,681624,606192,53.71,,,,,,,,6,3,4-Seam Fastball,0,0,0,0,0,0,0,0,Standard,Standard,159,0.0,0.053,,,,-0.053,,0,0,0.5103018082716771,0.5103018082716771,32,26,33,26,1,0,11,4,5.0,1.0,0.96,0.34,-0.34,60.7,,,,,
146,FF,2025-10-24,96.0,2.06,6.53,"Guerrero Jr., Vladimir",665489,605483,,ball,,,,,11,Ball,W,R,L,TOR,LAD,B,,,0,1,2025,0.26,1.32,-0.03,3.82,,,,2,1,Bot,,,,,,,-6.181691524386487,-139.54384388397375,-4.543456810334317,4.898611195159073,35.43945295842902,-14.112014334255631,3.64,1.57,,,,96.4,2416,6.9,813027,669257,518692,669242,571970,605141,571771,681624,606192,53.64,,,,,,,,6,2,4-Seam Fastball,0,0,0,0,0,0,0,0,Standard,Standard,164,0.0,0.027,,,,-0.027,,0,0,0.5103018082716771,0.5103018082716771,32,26,33,26,1,0,11,4,5.0,1.0,1.18,0.26,-0.26,56.7,,,,,
147,CH,2025-10-24,88.8,2.25,6.38,"Guerrero Jr., Vladimir",665489,605483,,called_strike,,,,,9,Called Strike,W,R,L,TOR,LAD,S,,,0,0,2025,1.03,0.95,0.52,1.79,,,,2,1,Bot,,,,,,,-6.455125069798331,-129.00809418882957,-7.1724286106218775,12.831093855611858,28.76757399820133,-20.196329092031597,3.63,1.58,,,,89.4,1966,6.9,813027,669257,518692,669242,571970,605141,571771,681624,606192,53.59,,,,,,,,6,1,Changeup,0,0,0,0,0,0,0,0,Standard,Standard,132,0.0,-0.043,,,,0.043,,0,0,0.5103018082716771,0.5103018082716771,32,26,33,26,1,0,11,4,5.0,1.0,1.97,1.03,-1.03,54.9,,,,,
148,FF,2025-10-24,96.1,2.69,5.63,"Guerrero Jr., Vladimir",665489,607455,single,hit_into_play,,,,,4,Vladimir Guerrero Jr. singles on a fly ball to center fielder Andy Pages.,W,R,L,TOR,LAD,X,8.0,fly_ball,0,0,2025,0.69,1.34,-0.74,2.89,,,,1,6,Bot,140.08,95.08,,,,,-10.64610026025791,-139.3898924048393,-4.5951663508377605,11.664808613603526,35.84422561012025,-13.902123517755449,3.65,1.62,239.0,72.6,29.0,95.4,2303,6.4,813027,669257,518692,669242,571970,605141,571771,681624,606192,54.09,0.671,0.624,0.9,1.0,1.0,0.0,4.0,55,1,4-Seam Fastball,9,2,9,2,2,9,9,2,Standard,Standard,134,0.002,0.414,73.7,6.8,0.739,-0.414,88.0,7,7,0.992255463685604,0.992255463685604,31,26,32,26,1,3,7,4,3.0,1.0,1.17,0.69,-0.69,32.6,-1.876424214257047,-0.0922346773091583,34.96630338739169,28.83310624629779,25.20836905273136
149,SI,2025-10-20,97.3,-1.66,5.62,"Guerrero Jr., Vladimir",665489,669923,field_out,hit_into_play,,,,,1,Vladimir Guerrero Jr. flies out to second baseman Leo Rivas.,L,R,R,TOR,SEA,X,4.0,fly_ball,0,0,2025,-1.44,0.67,-0.61,3.03,,,,1,3,Bot,158.19,125.04,,,,,6.147314042106058,-141.53668758196295,-2.908127576318821,-20.74079423309694,35.63133644801624,-22.78886143940547,3.64,1.62,204.0,71.0,41.0,97.5,2266,6.7,813037,663728,647304,660844,553993,641487,668227,677594,645302,53.85,0.369,0.359,0.0,1.0,0.0,0.0,3.0,26,1,Sinker,1,2,1,2,2,1,1,2,Standard,Standard,223,-0.025,-0.254,76.2,6.8,0.448,0.254,88.0,-1,-1,0.4094174979441112,0.4094174979441112,27,26,27,26,2,1,5,1,,4.0,1.76,1.44,1.44,30.3,-4.34112056806396,2.1070302830122007,30.76886495323944,27.743126255778712,23.983854608460145
150,ST,2025-10-20,87.1,-1.56,4.78,"Guerrero Jr., Vladimir",665489,693433,strikeout,swinging_strike,,,,,14,Vladimir Guerrero Jr. strikes out swinging.,L,R,R,TOR,SEA,S,2.0,,2,2,2025,0.97,0.29,1.43,1.22,,,,0,6,Bot,,,,,,,5.208762496432748,-126.70622747455346,-2.9435587933076794,9.23191795972998,27.46401173112102,-28.622226029094016,3.64,1.62,,,,87.0,2578,6.4,813037,663728,647304,660844,553993,641487,668227,677594,645302,54.13,,0.0,0.0,1.0,0.0,0.0,,47,9,Sweeper,1,3,1,3,3,1,1,3,Standard,Standard,71,-0.047,-0.232,58.1,8.8,,0.232,,-2,-2,0.2598127543872619,0.2598127543872619,25,26,25,26,1,2,3,1,,4.0,2.73,-0.97,-0.97,19.9,19.367358527199183,-24.88052519018523,36.34812492110412,51.54105582008736,48.81104639714735
151,SI,2025-10-20,96.9,-1.66,4.94,"Guerrero Jr., Vladimir",665489,693433,,foul,,,,,13,Foul,L,R,R,TOR,SEA,S,,,2,2,2025,-1.37,0.43,-1.08,2.32,,,,0,6,Bot,,,,,,,4.673321333024475,-140.98467192673075,-2.4302116100126456,-19.38753265223978,33.10221740301755,-26.03943213500121,3.64,1.62,4.0,81.1,-29.0,96.6,2319,6.2,813037,663728,647304,660844,553993,641487,668227,677594,645302,54.29,,,,,,,,47,8,Sinker,1,3,1,3,3,1,1,3,Standard,Standard,229,-0.012,0.0,76.2,7.4,,0.0,88.0,-2,-2,0.2598127543872619,0.2598127543872619,25,26,25,26,1,2,3,1,,4.0,2.0,1.37,1.37,24.2,7.911832305931553,-17.601199394625176,35.778657460440186,22.077653181089644,35.70357672976717
152,FF,2025-10-20,97.7,-1.58,5.0,"Guerrero Jr., Vladimir",665489,693433,,foul,,,,,2,Foul,L,R,R,TOR,SEA,S,,,2,2,2025,-0.82,1.31,0.08,3.38,,,,0,6,Bot,,,,,,,6.366724304324016,-142.07285302689277,-1.8669883625221857,-12.666103416258634,34.53942563484376,-14.225908547474528,3.64,1.62,192.0,76.6,58.0,97.4,2425,6.3,813037,663728,647304,660844,553993,641487,668227,677594,645302,54.2,,,,,,,,47,7,4-Seam Fastball,1,3,1,3,3,1,1,3,Standard,Standard,228,-0.012,0.0,71.5,6.4,,0.0,88.0,-2,-2,0.2598127543872619,0.2598127543872619,25,26,25,26,1,2,3,1,,4.0,1.09,0.82,0.82,20.8,-11.19897921911894,11.30220736965758,25.8204893728839,36.4384242895298,23.46602136597658
153,SI,2025-10-20,96.7,-1.79,4.87,"Guerrero Jr., Vladimir",665489,693433,,foul,,,,,7,Foul,L,R,R,TOR,SEA,S,,,2,2,2025,-1.44,0.31,-0.6,1.58,,,,0,6,Bot,,,,,,,6.442464857237427,-140.702325471771,-3.884581021299233,-20.55320297760208,33.75783050126173,-27.38429345307676,3.64,1.62,3.0,78.2,-25.0,96.3,2413,6.2,813037,663728,647304,660844,553993,641487,668227,677594,645302,54.28,,,,,,,,47,6,Sinker,1,3,1,3,3,1,1,3,Standard,Standard,228,-0.012,0.0,81.7,7.3,,0.0,88.0,-2,-2,0.2598127543872619,0.2598127543872619,25,26,25,26,1,2,3,1,,4.0,2.14,1.44,1.44,21.5,-10.70847141450262,-2.200411160785656,43.11776372089926,28.2033966372125,25.55489749992488
154,SI,2025-10-20,96.7,-1.64,4.92,"Guerrero Jr., Vladimir",665489,693433,,foul,,,,,4,Foul,L,R,R,TOR,SEA,S,,,2,2,2025,-1.28,0.39,-0.64,2.77,,,,0,6,Bot,,,,,,,5.566631949950997,-140.81053387927574,-1.0597543392809912,-18.292181666150704,32.01734338945273,-26.923271280851807,3.64,1.62,,,,96.5,2383,6.2,813037,663728,647304,660844,553993,641487,668227,677594,645302,54.34,,,,,,,,47,5,Sinker,1,3,1,3,3,1,1,3,Standard,Standard,223,-0.012,0.0,79.5,7.3,,0.0,,-2,-2,0.2598127543872619,0.2598127543872619,25,26,25,26,1,2,3,1,,4.0,2.04,1.28,1.28,19.3,-3.2320012875868187,-3.583598697275465,29.904220192523077,27.29114243969842,30.337204723728835
155,ST,2025-10-20,88.1,-1.65,4.81,"Guerrero Jr., Vladimir",665489,693433,,ball,,,,,14,Ball,L,R,R,TOR,SEA,B,,,1,2,2025,0.82,0.35,1.78,1.28,,,,0,6,Bot,,,,,,,6.603356508482253,-128.1729429075638,-3.1626805594442,7.502714764558548,28.739069216509755,-27.84279107291465,3.64,1.59,,,,87.5,2532,6.1,813037,663728,647304,660844,553993,641487,668227,677594,645302,54.36,,,,,,,,47,4,Sweeper,1,3,1,3,3,1,1,3,Standard,Standard,71,-0.012,0.043,,,,-0.043,,-2,-2,0.2598127543872619,0.2598127543872619,25,26,25,26,1,2,3,1,,4.0,2.61,-0.82,-0.82,17.1,,,,,
156,SI,2025-10-20,95.5,-1.76,4.84,"Guerrero Jr., Vladimir",665489,693433,,swinging_strike,,,,,13,Swinging Strike,L,R,R,TOR,SEA,S,,,1,1,2025,-1.45,0.22,-1.09,1.57,,,,0,6,Bot,,,,,,,5.034477433150416,-138.98603112346123,-3.462006190689544,-19.88489204043043,33.13023503376756,-28.697964442421988,3.64,1.62,,,,95.4,2336,6.3,813037,663728,647304,660844,553993,641487,668227,677594,645302,54.16,,,,,,,,47,3,Sinker,1,3,1,3,3,1,1,3,Standard,Standard,233,-0.012,-0.061,82.9,8.4,,0.061,,-2,-2,0.2598127543872619,0.2598127543872619,25,26,25,26,1,2,3,1,,4.0,2.29,1.45,1.45,20.8,6.622977402146546,-22.886257260034174,37.70258888409918,23.544278116006723,39.59227435266319
157,FF,2025-10-20,96.7,-1.67,4.92,"Guerrero Jr., Vladimir",665489,693433,,called_strike,,,,,3,Called Strike,L,R,R,TOR,SEA,S,,,1,0,2025,-0.67,1.3,0.48,3.35,,,,0,6,Bot,,,,,,,7.255157888799352,-140.6273725036894,-1.5796563420268233,-10.596311316860383,32.687695990564045,-14.790913103656807,3.64,1.69,,,,96.4,2261,6.2,813037,663728,647304,660844,553993,641487,668227,677594,645302,54.29,,,,,,,,47,2,4-Seam Fastball,1,3,1,3,3,1,1,3,Standard,Standard,227,-0.012,-0.05,,,,0.05,,-2,-2,0.2598127543872619,0.2598127543872619,25,26,25,26,1,2,3,1,,4.0,1.14,0.67,0.67,22.0,,,,,
158,SI,2025-10-20,96.9,-1.61,4.83,"Guerrero Jr., Vladimir",665489,693433,,ball,,,,,13,Ball,L,R,R,TOR,SEA,B,,,0,0,2025,-1.35,0.32,-0.35,1.2,,,,0,6,Bot,,,,,,,6.445097142629875,-140.97192808326608,-4.852351568503679,-19.43183359317517,33.50742838789783,-27.01667616932125,3.64,1.53,,,,96.8,2301,6.3,813037,663728,647304,660844,553993,641487,668227,677594,645302,54.16,,,,,,,,47,1,Sinker,1,3,1,3,3,1,1,3,Standard,Standard,230,-0.012,0.041,,,,-0.041,,-2,-2,0.2598127543872619,0.2598127543872619,25,26,25,26,1,2,3,1,,4.0,2.12,1.35,1.35,21.2,,,,,
159,FF,2025-10-20,98.7,-1.69,5.64,"Guerrero Jr., Vladimir",665489,669923,single,hit_into_play,,,,,5,Vladimir Guerrero Jr. singles on a sharp ground ball to left fielder Randy Arozarena. George Springer to 2nd.,L,R,R,TOR,SEA,X,7.0,ground_ball,0,2,2025,-1.08,1.16,-0.02,2.54,,,543807.0,1,1,Bot,86.95,121.51,,,,,7.0771539052642085,-143.51952539613862,-5.682417292523144,-16.550311203753655,35.43796070291438,-14.976363514552691,3.64,1.62,66.0,110.5,0.0,98.9,2413,6.6,813037,663728,647304,660844,553993,641487,668227,677594,645302,53.9,0.569,0.539,0.9,1.0,1.0,0.0,4.0,7,3,4-Seam Fastball,0,1,0,1,1,0,0,1,Standard,Standard,224,0.033,0.493,80.8,7.4,0.634,-0.493,110.5,-1,-1,0.4502766570620249,0.4502766570620249,27,26,27,26,1,0,5,1,,4.0,1.19,1.08,1.08,29.4,-0.7946617784783103,-6.868661026052814,30.32184928305924,33.19778374883239,34.41751880509072
160,SI,2025-10-20,97.5,-1.81,5.54,"Guerrero Jr., Vladimir",665489,669923,,called_strike,,,,,8,Called Strike,L,R,R,TOR,SEA,S,,,0,1,2025,-1.38,0.75,0.2,2.19,,,543807.0,1,1,Bot,,,,,,,8.61045199954853,-141.71006624417882,-5.216245156573727,-20.598293932691156,34.00644664795668,-20.976089650889847,3.64,1.64,,,,97.6,2321,6.5,813037,663728,647304,660844,553993,641487,668227,677594,645302,53.97,,,,,,,,7,2,Sinker,0,1,0,1,1,0,0,1,Standard,Standard,226,-0.005,-0.047,,,,0.047,,-1,-1,0.4502766570620249,0.4502766570620249,27,26,27,26,1,0,5,1,,4.0,1.66,1.38,1.38,27.6,,,,,
161,SI,2025-10-20,98.8,-1.67,5.68,"Guerrero Jr., Vladimir",665489,669923,,called_strike,,,,,1,Called Strike,L,R,R,TOR,SEA,S,,,0,0,2025,-1.45,0.8,-0.72,3.15,,,543807.0,1,1,Bot,,,,,,,6.008315776472947,-143.72910519476562,-3.3220852448280462,-21.43260429620584,34.06850118079636,-20.489905082748937,3.64,1.65,,,,99.6,2375,6.8,813037,663728,647304,660844,553993,641487,668227,677594,645302,53.68,,,,,,,,7,1,Sinker,0,1,0,1,1,0,0,1,Standard,Standard,221,-0.005,-0.04,,,,0.04,,-1,-1,0.4502766570620249,0.4502766570620249,27,26,27,26,1,0,5,1,,4.0,1.54,1.45,1.45,30.9,,,,,
162,SI,2025-10-20,95.7,-1.97,5.65,"Guerrero Jr., Vladimir",665489,660825,field_out,hit_into_play,,,,,4,Vladimir Guerrero Jr. lines out sharply to left fielder Randy Arozarena.,L,R,R,TOR,SEA,X,7.0,line_drive,0,0,2025,-1.47,0.82,-0.41,2.53,,,664770.0,1,7,Bot,64.28,93.3,,,,,7.365272790553729,-139.12664602801,-4.370278149826388,-20.759450733438317,33.06786695249407,-20.773214001302826,3.64,1.62,302.0,113.1,11.0,94.8,2272,5.9,813037,663728,647304,660844,553993,641487,668227,677594,645302,54.57,0.829,0.881,0.0,1.0,0.0,0.0,6.0,61,1,Sinker,4,3,4,3,3,4,4,3,Standard,Standard,223,-0.017,-0.256,75.6,7.8,1.216,0.256,113.1,1,1,0.789915883892963,0.789915883892963,29,26,30,26,1,3,1,1,,4.0,1.69,1.47,1.47,40.4,0.6488293126666872,-19.0804619185644,32.10893782945024,32.05719598129157,34.24334626501287
163,CU,2025-10-19,79.9,-0.05,5.72,"Guerrero Jr., Vladimir",665489,669302,home_run,hit_into_play,,,,,6,Vladimir Guerrero Jr. homers (6) on a line drive to left field.,L,R,R,TOR,SEA,X,,line_drive,1,1,2025,1.23,-0.7,0.32,2.36,,,,0,5,Bot,40.93,68.71,,,,,-1.5502432743680283,-116.30157658550856,0.788121349138895,11.370725817779132,25.60530751513206,-38.88231395158972,3.64,1.62,384.0,102.6,22.0,81.2,2243,7.6,813038,663728,647304,660844,553993,641487,668227,677594,686527,52.93,0.571,0.839,2.0,1.0,0.0,3.0,6.0,40,3,Curveball,4,0,4,0,0,5,5,0,Standard,Standard,36,0.034,1.123,81.7,8.1,1.457,-1.123,102.6,4,4,0.9311588237973316,0.9311588237973316,28,26,28,26,3,2,6,2,,1.0,4.32,-1.23,-1.23,51.4,10.446641625377158,-21.973625241255537,24.279173151557664,39.32343563853234,46.52827431376137
164,FS,2025-10-19,77.7,-0.36,5.7,"Guerrero Jr., Vladimir",665489,669302,,ball,,,,,7,Ball,L,R,R,TOR,SEA,B,,,0,1,2025,-0.21,-0.15,-0.81,1.64,,,,0,5,Bot,,,,,,,-0.5942681769331783,-113.14032604247798,-1.46901962206733,-1.6841817896912332,22.97121751158908,-33.38158227941536,3.67,1.61,,,,79.4,753,7.7,813038,663728,647304,660844,553993,641487,668227,677594,686527,52.81,,,,,,,,40,2,Split-Finger,4,0,4,0,0,4,4,0,Standard,Standard,254,0.006,0.031,,,,-0.031,,4,4,0.9311588237973316,0.9311588237973316,28,26,28,26,3,2,6,2,,1.0,3.95,0.21,0.21,44.6,,,,,
165,FF,2025-10-19,93.7,-0.19,5.86,"Guerrero Jr., Vladimir",665489,669302,,called_strike,,,,,8,Called Strike,L,R,R,TOR,SEA,S,,,0,0,2025,-0.17,1.34,0.16,2.25,,,,0,5,Bot,,,,,,,1.3029957282765798,-136.2370894941929,-6.62987255706103,-2.4417996401603586,33.87622683052258,-14.198029528751844,3.71,1.63,,,,95.4,1926,7.6,813038,663728,647304,660844,553993,641487,668227,677594,686527,52.89,,,,,,,,40,1,4-Seam Fastball,4,0,4,0,0,4,4,0,Standard,Standard,202,0.006,-0.039,,,,0.039,,4,4,0.9311588237973316,0.9311588237973316,28,26,28,26,3,2,6,2,,1.0,1.29,0.17,0.17,47.3,,,,,
166,SL,2025-10-19,88.5,-0.23,5.88,"Guerrero Jr., Vladimir",665489,669302,force_out,hit_into_play,,,,,8,"Vladimir Guerrero Jr. grounds into a force out, third baseman Eugenio Suárez to second baseman Leo Rivas. George Springer out at 2nd.",L,R,R,TOR,SEA,X,5.0,ground_ball,1,0,2025,0.11,0.1,0.14,1.68,680718.0,643396.0,543807.0,2,2,Bot,108.21,165.05,,,,,0.6924290150703997,-128.72368877141454,-4.287997734379722,1.0170080395627874,34.35839437741731,-30.20799664556368,3.64,1.62,59.0,116.0,1.0,89.5,1634,7.6,813038,663728,647304,660844,553993,641487,668227,677594,686527,52.89,0.617,0.577,0.0,1.0,0.0,0.0,4.0,18,2,Slider,2,0,2,0,0,2,2,0,Standard,Standard,150,-0.042,-0.286,83.5,8.2,0.699,0.286,116.0,2,2,0.7630149355044624,0.7630149355044624,28,26,28,26,2,1,6,2,,1.0,2.88,-0.11,-0.11,46.0,4.747638966402251,-13.872149420112567,33.39079546824436,37.46610424156096,39.84322677437669
167,SL,2025-10-19,86.7,-0.38,5.73,"Guerrero Jr., Vladimir",665489,669302,,blocked_ball,,,,,14,Ball In Dirt,L,R,R,TOR,SEA,B,,,0,0,2025,0.03,0.07,0.69,-0.05,680718.0,643396.0,543807.0,2,2,Bot,,,,,,,2.582427501632941,-126.11896570112684,-7.955059435735651,-0.2642744468345148,26.04991181469069,-30.011656808277056,3.66,1.55,,,,89.2,1875,7.9,813038,663728,647304,660844,553993,641487,668227,677594,686527,52.6,,,,,,,,18,1,Slider,2,0,2,0,0,2,2,0,Standard,Standard,27,0.006,0.032,,,,-0.032,,2,2,0.7630149355044624,0.7630149355044624,28,26,28,26,2,1,6,2,,1.0,2.97,-0.03,-0.03,44.8,,,,,
168,SL,2025-10-19,88.0,-0.11,5.8,"Guerrero Jr., Vladimir",665489,669302,force_out,hit_into_play,,,,,14,"Vladimir Guerrero Jr. grounds into a force out, fielded by second baseman Leo Rivas. Nathan Lukes out at 2nd. Vladimir Guerrero Jr. to 1st.",L,R,R,TOR,SEA,X,4.0,ground_ball,1,1,2025,0.15,0.11,0.09,1.19,,,664770.0,1,1,Bot,129.48,154.42,,,,,0.1650685201037763,-127.99833033677386,-5.335078063697112,1.6159995640075049,29.010971694212163,-30.02207306099223,3.64,1.62,2.0,75.7,-44.0,89.4,1678,7.4,813038,663728,647304,660844,553993,641487,668227,677594,686527,53.08,0.137,0.122,0.0,1.0,0.0,0.0,2.0,6,3,Slider,0,0,0,0,0,0,0,0,Standard,Standard,29,-0.029,-0.297,79.6,8.4,0.144,0.297,88.0,0,0,0.5505129551270388,0.5505129551270388,28,26,28,26,1,0,6,2,,1.0,2.86,-0.15,-0.15,44.3,10.929647050996868,-23.682254768119083,34.49542712311422,35.33817102597386,48.99517276289292
169,FF,2025-10-19,97.8,-0.02,5.81,"Guerrero Jr., Vladimir",665489,669302,,blocked_ball,,,,,14,Ball In Dirt,L,R,R,TOR,SEA,B,,,0,1,2025,-0.42,1.31,0.76,0.55,,,664770.0,1,1,Bot,,,,,,,3.1704410043446702,-142.07328312729734,-12.041031754689858,-6.349220593606844,31.300029073366854,-11.933880293611356,3.68,1.59,,,,100.8,2019,7.9,813038,663728,647304,660844,553993,641487,668227,677594,686527,52.59,,,,,,,,6,2,4-Seam Fastball,0,0,0,0,0,0,0,0,Standard,Standard,205,-0.001,0.019,,,,-0.019,,0,0,0.5505129551270388,0.5505129551270388,28,26,28,26,1,0,6,2,,1.0,1.07,0.42,0.42,47.0,,,,,
170,FF,2025-10-19,96.9,-0.2,5.92,"Guerrero Jr., Vladimir",665489,669302,,foul,,,,,5,Foul,L,R,R,TOR,SEA,S,,,0,0,2025,-0.3,1.57,-0.19,2.48,,,664770.0,1,1,Bot,,,,,,,0.7295907529337953,-140.9463240929485,-7.37792134761579,-4.103080788165075,34.48128286354404,-9.84694533187341,3.64,1.62,127.0,78.4,10.0,99.3,2037,7.8,813038,663728,647304,660844,553993,641487,668227,677594,686527,52.7,,,,,,,,6,1,4-Seam Fastball,0,0,0,0,0,0,0,0,Standard,Standard,202,-0.001,-0.04,81.9,7.0,,0.04,88.0,0,0,0.5505129551270388,0.5505129551270388,28,26,28,26,1,0,6,2,,1.0,0.88,0.3,0.3,48.6,-9.622716303901235,1.5888532315175812,35.57616722415868,32.42204663235345,28.14648009092172
171,SI,2025-10-19,98.5,-2.51,5.65,"Guerrero Jr., Vladimir",665489,672841,single,hit_into_play,,,,,11,Vladimir Guerrero Jr. singles on a line drive to left fielder Randy Arozarena. Nathan Lukes to 2nd.,L,R,R,TOR,SEA,X,7.0,line_drive,0,1,2025,-1.42,0.69,-1.38,3.22,,,664770.0,2,8,Bot,99.42,93.97,,,,,6.433040951839109,-143.19460950821826,-2.669575517722376,-21.074381192756523,36.84561424221196,-22.32373755541929,3.64,1.62,203.0,75.5,23.0,98.9,2100,6.8,813038,663728,647304,660844,553993,641487,668227,677594,686527,53.7,0.926,0.856,0.9,1.0,1.0,0.0,4.0,70,2,Sinker,6,2,6,2,2,6,6,2,Standard,Standard,222,0.003,0.387,72.9,6.4,1.004,-0.387,88.0,4,4,0.9863938403486204,0.9863938403486204,25,26,26,26,1,4,3,2,,1.0,1.69,1.42,1.42,26.8,-7.842472158710771,9.596504434696522,28.06649073164133,21.06409708776681,25.72405064348819
172,SI,2025-10-19,100.5,-2.56,5.7,"Guerrero Jr., Vladimir",665489,672841,,foul,,,,,1,Foul,L,R,R,TOR,SEA,S,,,0,0,2025,-1.26,0.89,-0.3,3.17,,,664770.0,2,8,Bot,,,,,,,9.377670189203297,-146.06187271768172,-3.7727634920267263,-20.322686244252235,35.94129976748691,-18.763997254074457,3.64,1.62,168.0,67.2,56.0,101.5,2119,7.0,813038,663728,647304,660844,553993,641487,668227,677594,686527,53.49,,,,,,,,70,1,Sinker,6,2,6,2,2,6,6,2,Standard,Standard,221,0.002,-0.042,72.8,6.8,,0.042,88.0,4,4,0.9863938403486204,0.9863938403486204,25,26,26,26,1,4,3,2,,1.0,1.38,1.26,1.26,34.0,-9.544532190438192,9.344838954577748,29.092016594627182,33.50016764832199,19.876720568206704
173,SI,2025-10-19,96.3,-2.25,5.19,"Guerrero Jr., Vladimir",665489,666374,hit_by_pitch,hit_by_pitch,,,,,11,Vladimir Guerrero Jr. hit by pitch.,L,R,R,TOR,SEA,B,,,0,1,2025,-1.38,0.72,-1.82,3.51,,,,1,7,Bot,,,,,,,4.3110422619654,-140.1569013544461,-0.4697280522262262,-19.163546730267456,34.349396097016445,-22.841098326295132,3.64,1.62,,,,96.4,2153,6.5,813038,663728,647304,660844,553993,641487,668227,677594,686527,53.96,,0.722289,0.7,1.0,0.0,0.0,,58,2,Sinker,5,2,5,2,2,5,5,2,Standard,Standard,231,0.01,0.456,,,,-0.456,,3,3,0.9357577789315564,0.9357577789315564,27,26,27,26,1,3,2,2,,1.0,1.75,1.38,1.38,28.1,,,,,
174,SI,2025-10-19,97.1,-2.23,5.29,"Guerrero Jr., Vladimir",665489,666374,,called_strike,,,,,4,Called Strike,L,R,R,TOR,SEA,S,,,0,0,2025,-1.36,0.62,-0.36,2.9,,,,1,7,Bot,,,,,,,8.159499593114443,-141.11540748801508,-2.2332057914726304,-20.063195713671355,34.154324349938854,-23.648356800898227,3.68,1.66,,,,97.3,2218,6.6,813038,663728,647304,660844,553993,641487,668227,677594,686527,53.89,,,,,,,,58,1,Sinker,5,2,5,2,2,5,5,2,Standard,Standard,236,0.005,-0.039,,,,0.039,,3,3,0.9357577789315564,0.9357577789315564,27,26,27,26,1,3,2,2,,1.0,1.82,1.36,1.36,28.7,,,,,
175,SI,2025-10-17,96.8,-2.38,5.15,"Guerrero Jr., Vladimir",665489,666374,strikeout,swinging_strike,,,,,4,Vladimir Guerrero Jr. strikes out swinging.,L,R,R,SEA,TOR,S,2.0,,3,2,2025,-1.54,0.36,-0.81,2.6,,543807.0,664770.0,2,5,Top,,,,,,,7.711312579779356,-140.64183866791225,-2.0200686641583907,-22.18351660053099,34.590552236810964,-27.11761160679312,3.65,1.63,,,,96.7,2253,6.5,813039,663728,647304,660844,553993,641487,668227,677594,686527,54.01,,0.0,0.0,1.0,0.0,0.0,,37,6,Sinker,1,1,1,1,1,1,1,1,Standard,Standard,235,0.057,-0.282,74.0,6.8,,0.282,,0,0,0.5076165082286863,0.4923834917713137,27,26,27,26,1,2,1,1,2.0,2.0,2.09,1.54,1.54,24.9,-4.925539324797824,-1.704139417386699,32.63067432476345,25.70475389399027,22.917749568954168
176,SL,2025-10-17,87.0,-2.44,4.88,"Guerrero Jr., Vladimir",665489,666374,,swinging_strike,,,,,14,Swinging Strike,L,R,R,SEA,TOR,S,,,3,1,2025,0.98,0.16,1.51,1.67,,543807.0,664770.0,2,5,Top,,,,,,,7.517137084933787,-126.45337134833724,-1.8167646115021747,8.854007694386237,27.33118481154804,-30.308897763447558,3.65,1.63,,,,87.4,2735,6.7,813039,663728,647304,660844,553993,641487,668227,677594,686527,53.78,,,,,,,,37,5,Slider,1,1,1,1,1,1,1,1,Standard,Standard,61,-0.001,-0.11,76.5,8.7,,0.11,,0,0,0.5076165082286863,0.4923834917713137,27,26,27,26,1,2,1,1,2.0,2.0,2.87,-0.98,-0.98,25.6,17.210941813296063,-32.04773826008122,25.047221239542885,52.135898289269925,50.89273434036545
177,SL,2025-10-17,87.5,-2.42,5.03,"Guerrero Jr., Vladimir",665489,666374,,ball,,,,,14,Ball,L,R,R,SEA,TOR,B,,,2,1,2025,0.99,0.14,1.68,1.59,,543807.0,664770.0,2,5,Top,,,,,,,7.901194631000174,-127.16101096814116,-2.4372495452026843,9.073580511243822,26.843969739421865,-30.353087666418688,3.63,1.71,,,,87.9,2979,6.7,813039,663728,647304,660844,553993,641487,668227,677594,686527,53.79,,,,,,,,37,4,Slider,1,1,1,1,1,1,1,1,Standard,Standard,46,-0.001,0.109,,,,-0.109,,0,0,0.5076165082286863,0.4923834917713137,27,26,27,26,1,2,1,1,2.0,2.0,2.85,-0.99,-0.99,26.5,,,,,
178,SI,2025-10-17,96.3,-2.25,5.12,"Guerrero Jr., Vladimir",665489,666374,,called_strike,,,,,6,Called Strike,L,R,R,SEA,TOR,S,,,2,0,2025,-1.47,0.3,0.52,2.46,,543807.0,664770.0,2,5,Top,,,,,,,10.737159587205268,-139.7333465247199,-2.1040038649981225,-21.7101773707681,33.67419114647475,-27.955942848543412,3.66,1.68,,,,96.3,2199,6.6,813039,663728,647304,660844,553993,641487,668227,677594,686527,53.91,,,,,,,,37,3,Sinker,1,1,1,1,1,1,1,1,Standard,Standard,234,-0.001,-0.052,,,,0.052,,0,0,0.5076165082286863,0.4923834917713137,27,26,27,26,1,2,1,1,2.0,2.0,2.19,1.47,1.47,24.8,,,,,
179,SL,2025-10-17,87.2,-2.47,4.96,"Guerrero Jr., Vladimir",665489,666374,,ball,,,,,14,Ball,L,R,R,SEA,TOR,B,,,1,0,2025,0.95,0.14,1.05,1.0,,543807.0,664770.0,2,5,Top,,,,,,,6.544067891587304,-126.84834341000716,-3.653087542677657,8.841878386974155,26.25009913435637,-30.142335456910384,3.64,1.67,,,,87.6,2833,6.6,813039,663728,647304,660844,553993,641487,668227,677594,686527,53.93,,,,,,,,37,2,Slider,1,1,1,1,1,1,1,1,Standard,Standard,45,-0.001,0.029,,,,-0.029,,0,0,0.5076165082286863,0.4923834917713137,27,26,27,26,1,2,1,1,2.0,2.0,2.87,-0.95,-0.95,24.5,,,,,
180,SI,2025-10-17,95.7,-2.28,5.13,"Guerrero Jr., Vladimir",665489,666374,,ball,,,,,11,Ball,L,R,R,SEA,TOR,B,,,0,0,2025,-1.5,0.54,-0.97,3.29,,543807.0,664770.0,2,5,Top,,,,,,,6.881225326595827,-139.1567146799875,-0.4052123511852261,-21.035678798493755,33.67020804706487,-25.37118068095205,3.69,1.71,,,,95.8,2237,6.6,813039,663728,647304,660844,553993,641487,668227,677594,686527,53.93,,,,,,,,37,1,Sinker,1,1,1,1,1,1,1,1,Standard,Standard,233,-0.001,0.024,,,,-0.024,,0,0,0.5076165082286863,0.4923834917713137,27,26,27,26,1,2,1,1,2.0,2.0,1.97,1.5,1.5,28.7,,,,,
181,SI,2025-10-17,97.2,-0.66,5.59,"Guerrero Jr., Vladimir",665489,682243,double,hit_into_play,,,,,8,Vladimir Guerrero Jr. doubles (3) on a line drive to center fielder Julio Rodríguez.,L,R,R,SEA,TOR,X,8.0,line_drive,0,0,2025,-1.28,1.08,0.26,2.0,,,,2,1,Top,85.94,53.67,,,,,5.400358239670914,-141.34116270971367,-6.547474390511887,-18.36298776281247,34.001286231670626,-16.426120361931616,3.65,1.63,369.0,113.5,13.0,97.0,2478,6.3,813039,663728,647304,660844,553993,641487,668227,677594,686527,54.17,0.734,0.782,1.25,1.0,1.0,1.0,6.0,3,1,Sinker,0,0,0,0,0,0,0,0,Standard,Standard,211,-0.023,0.579,80.3,8.0,1.13,-0.579,113.5,0,0,0.5379144392653283,0.4620855607346716,26,26,27,26,1,0,5,1,,2.0,1.35,1.28,1.28,39.6,0.0870504739786,-6.102171147495441,34.75533560336278,38.83011198771793,34.31588097669406
182,SI,2025-10-16,94.2,-2.08,5.01,"Guerrero Jr., Vladimir",665489,622491,single,hit_into_play,,,,,5,Vladimir Guerrero Jr. singles on a line drive to center fielder Julio Rodríguez. Nathan Lukes to 2nd.,L,R,R,SEA,TOR,X,8.0,line_drive,0,0,2025,-1.81,0.16,0.12,2.51,,,664770.0,1,3,Top,120.5,94.98,,,,,9.53217878276834,-136.83961536523336,-1.070638006880791,-24.921263289571257,32.81882504237757,-30.199100187796667,3.66,1.63,166.0,94.6,8.0,92.1,2163,5.3,813035,663728,647304,660844,553993,641487,668227,677594,686527,55.19,0.611,0.568,0.9,1.0,1.0,0.0,4.0,20,1,Sinker,1,2,2,1,2,1,2,1,Standard,Standard,241,-0.039,0.406,80.2,7.7,0.687,-0.406,94.6,-1,1,0.3859199782272478,0.6140800217727522,32,26,33,26,2,1,6,1,,1.0,2.44,1.81,1.81,17.3,-1.2240517977725134,2.422250263400197,26.737420614921657,37.78742406478225,29.96463774659264
183,SI,2025-10-16,95.9,-3.99,5.17,"Guerrero Jr., Vladimir",665489,676106,field_out,hit_into_play,,,,,5,Vladimir Guerrero Jr. flies out to right fielder Dominic Canzone.,L,R,R,SEA,TOR,X,9.0,fly_ball,0,0,2025,-1.38,0.4,0.05,3.02,,543807.0,664770.0,2,8,Top,202.78,104.4,,,,,13.732053017152523,-138.97264753942184,-0.9211334738689638,-21.049027217054483,31.988913176657604,-27.061719573247668,3.66,1.63,301.0,94.2,29.0,95.1,2491,6.1,813035,663728,647304,660844,553993,641487,668227,677594,686527,54.36,0.149,0.227,0.0,1.0,0.0,0.0,3.0,66,1,Sinker,2,8,8,2,8,2,8,2,Standard,Standard,244,0.0,-0.282,79.7,6.9,0.404,0.282,94.2,-6,6,0.0087570074684251,0.9912429925315748,26,26,26,26,1,4,3,1,,1.0,2.11,1.38,1.38,11.3,-6.506088764787712,12.598570180871135,22.57521119933764,37.384458968195474,26.166234412298525
184,SI,2025-10-16,94.9,-2.27,4.96,"Guerrero Jr., Vladimir",665489,622491,field_out,hit_into_play,,,,,4,"Vladimir Guerrero Jr. grounds out, shortstop J.P. Crawford to first baseman Josh Naylor.",L,R,R,SEA,TOR,X,6.0,ground_ball,0,2,2025,-1.59,0.33,-0.42,2.35,,,,2,1,Top,111.25,150.87,,,,,8.23711759607474,-137.91115860905424,-1.851757323389169,-22.10308154183596,33.31919655537011,-27.71518080975845,3.66,1.63,58.0,67.4,4.0,93.0,1982,5.4,813035,663728,647304,660844,553993,641487,668227,677594,686527,55.08,0.194,0.168,0.0,1.0,0.0,0.0,2.0,3,3,Sinker,0,0,0,0,0,0,0,0,Standard,Standard,241,0.009,-0.16,77.6,7.0,0.235,0.16,88.0,0,0,0.5379144392653283,0.4620855607346716,32,26,33,26,1,0,6,1,,1.0,2.22,1.59,1.59,13.1,-11.08849939161965,3.646924246221492,37.59429550312464,29.36652675337464,28.75398373267265
185,SI,2025-10-16,95.7,-2.15,5.71,"Guerrero Jr., Vladimir",665489,660825,home_run,hit_into_play,,,,,6,Vladimir Guerrero Jr. homers (5) on a fly ball to right center field.,L,R,R,SEA,TOR,X,,fly_ball,1,1,2025,-1.51,1.0,0.66,2.58,,,,1,7,Top,200.42,74.08,,,,,10.639622926637454,-138.96324049784374,-4.8215131069715005,-21.965116213804865,31.4707064871118,-18.310410254660614,3.66,1.63,359.0,103.5,27.0,94.3,2304,5.6,813035,663728,647304,660844,553993,641487,668227,677594,686527,54.86,0.706,1.308,2.0,1.0,0.0,3.0,6.0,54,3,Sinker,2,5,5,2,6,2,6,2,Infield shade,Standard,220,-0.058,1.593,80.2,7.7,2.499,-1.593,103.5,-3,3,0.1157733863613055,0.8842266136386945,29,26,30,26,1,3,3,1,3.0,1.0,1.5,1.51,1.51,38.4,-2.811886658833695,5.938297074452706,26.80904866016338,44.00832029005828,27.190008279069797
186,SI,2025-10-16,96.8,-2.24,5.65,"Guerrero Jr., Vladimir",665489,660825,,called_strike,,,,,9,Called Strike,L,R,R,SEA,TOR,S,,,1,0,2025,-1.58,0.91,0.59,1.99,,,,1,7,Top,,,,,,,11.042042303430184,-140.42119789032043,-6.178905735562924,-23.504643836379085,33.06814558274023,-18.88544657735055,3.57,1.63,,,,95.6,2250,5.9,813035,663728,647304,660844,553993,641487,668227,677594,686527,54.62,,,,,,,,54,2,Sinker,2,5,5,2,5,2,5,2,Infield shade,Standard,219,-0.009,-0.049,,,,0.049,,-3,3,0.1157733863613055,0.8842266136386945,29,26,30,26,1,3,3,1,3.0,1.0,1.55,1.58,1.58,37.7,,,,,
187,SI,2025-10-16,94.6,-2.21,5.03,"Guerrero Jr., Vladimir",665489,622491,,called_strike,,,,,8,Called Strike,L,R,R,SEA,TOR,S,,,0,1,2025,-1.62,0.35,-0.02,1.65,,,,2,1,Top,,,,,,,9.176668380469623,-137.33408824574218,-3.812554681711466,-22.555075280947104,32.560529961004896,-27.074853715838795,3.66,1.63,,,,92.9,2068,5.6,813035,663728,647304,660844,553993,641487,668227,677594,686527,54.92,,,,,,,,3,2,Sinker,0,0,0,0,0,0,0,0,Standard,Standard,242,-0.001,-0.057,,,,0.057,,0,0,0.5379144392653283,0.4620855607346716,32,26,33,26,1,0,6,1,,1.0,2.23,1.62,1.62,15.9,,,,,
188,SI,2025-10-16,96.5,-1.89,5.63,"Guerrero Jr., Vladimir",665489,660825,,ball,,,,,14,Ball,L,R,R,SEA,TOR,B,,,0,0,2025,-1.54,0.79,1.7,1.15,,,,1,7,Top,,,,,,,12.893712258167994,-139.78795927205414,-8.040506256658094,-23.084501536407128,31.15888546173994,-20.08566329582304,3.62,1.63,,,,95.4,2130,5.9,813035,663728,647304,660844,553993,641487,668227,677594,686527,54.6,,,,,,,,54,1,Sinker,2,5,5,2,5,2,5,2,Infield shade,Standard,221,-0.009,0.039,,,,-0.039,,-3,3,0.1157733863613055,0.8842266136386945,29,26,30,26,1,3,3,1,3.0,1.0,1.68,1.54,1.54,41.5,,,,,
189,FF,2025-10-16,95.0,-2.3,5.19,"Guerrero Jr., Vladimir",665489,622491,,called_strike,,,,,5,Called Strike,L,R,R,SEA,TOR,S,,,0,0,2025,-1.18,1.07,0.14,2.3,,,,2,1,Top,,,,,,,8.84861794005294,-138.04766658983257,-4.219310828898287,-17.093041034930486,32.456400632008176,-17.68196846001989,3.66,1.67,,,,93.1,2345,5.3,813035,663728,647304,660844,553993,641487,668227,677594,686527,55.16,,,,,,,,3,1,4-Seam Fastball,0,0,0,0,0,0,0,0,Infield shade,Standard,237,-0.001,-0.043,,,,0.043,,0,0,0.5379144392653283,0.4620855607346716,32,26,33,26,1,0,6,1,,1.0,1.47,1.18,1.18,18.1,,,,,
190,SI,2025-10-16,96.5,-2.32,5.29,"Guerrero Jr., Vladimir",665489,666374,field_out,hit_into_play,,,,,6,Vladimir Guerrero Jr. flies out to right fielder Dominic Canzone.,L,R,R,SEA,TOR,X,9.0,fly_ball,2,1,2025,-1.64,0.87,0.38,2.61,,,,2,4,Top,205.36,117.12,,,,,10.924766227835356,-140.02780242839023,-3.5146424163109504,-24.03467283449291,32.068713070446705,-20.12592854429409,3.66,1.63,281.0,91.4,36.0,96.4,2208,6.4,813035,663728,647304,660844,553993,641487,668227,677594,686527,54.09,0.023,0.03,0.0,1.0,0.0,0.0,3.0,32,4,Sinker,1,5,5,1,5,1,5,1,Standard,Standard,235,-0.006,-0.296,80.0,7.5,0.062,0.296,91.4,-4,4,0.1394015529391741,0.8605984470608259,27,26,27,26,1,2,4,1,1.0,1.0,1.6,1.64,1.64,31.9,-3.801500608188536,0.5318573885634628,30.34870805207348,40.377651434768,27.245677260807565
191,SL,2025-10-16,85.3,-2.43,5.07,"Guerrero Jr., Vladimir",665489,666374,,swinging_strike,,,,,14,Swinging Strike,L,R,R,SEA,TOR,S,,,2,0,2025,1.21,-0.38,1.3,0.48,,,,2,4,Top,,,,,,,6.348575497296058,-124.0640315388485,-3.671131828500926,11.032184649953996,27.06279969764255,-35.50061594696492,3.66,1.63,,,,85.2,2844,6.4,813035,663728,647304,660844,553993,641487,668227,677594,686527,54.06,,,,,,,,32,3,Slider,1,5,5,1,5,1,5,1,Standard,Standard,50,-0.011,-0.066,69.2,9.0,,0.066,,-4,4,0.1394015529391741,0.8605984470608259,27,26,27,26,1,2,4,1,1.0,1.0,3.54,-1.21,-1.21,27.5,25.668035575964545,-46.61105308258023,30.28402547024702,49.1209095303941,71.27529926995905
192,SL,2025-10-16,84.6,-2.5,5.11,"Guerrero Jr., Vladimir",665489,666374,,ball,,,,,14,Ball,L,R,R,SEA,TOR,B,,,1,0,2025,1.65,-0.05,1.66,0.05,543807.0,,,2,4,Top,,,,,,,6.432112019561624,-123.03362239460311,-5.279083966487745,15.225342632421016,26.63098498956944,-31.76243009706601,3.53,1.59,,,,84.4,2932,6.4,813035,663728,647304,660844,553993,641487,668227,677594,686527,54.12,,,,,,,,32,2,Slider,1,4,4,1,5,1,5,1,Standard,Standard,50,-0.064,0.024,,,,-0.024,,-3,3,0.1918892369609466,0.8081107630390534,27,26,27,26,1,2,4,1,1.0,1.0,3.26,-1.65,-1.65,26.0,,,,,
193,SI,2025-10-16,96.2,-2.14,5.42,"Guerrero Jr., Vladimir",665489,666374,,ball,,,,,14,Ball,L,R,R,SEA,TOR,B,,,0,0,2025,-1.51,0.96,1.28,2.02,543807.0,,,2,4,Top,,,,,,,12.457961990828972,-139.4479808829808,-5.572497938258143,-22.559337868812552,31.49430933897983,-18.52570792469681,3.6,1.63,,,,95.9,2237,6.4,813035,663728,647304,660844,553993,641487,668227,677594,686527,54.15,,,,,,,,32,1,Sinker,1,4,4,1,4,1,4,1,Standard,Standard,233,-0.011,0.028,,,,-0.028,,-3,3,0.1918892369609466,0.8081107630390534,27,26,27,26,1,2,4,1,1.0,1.0,1.52,1.51,1.51,35.6,,,,,
194,SL,2025-10-15,85.8,-1.78,5.53,"Guerrero Jr., Vladimir",665489,669923,home_run,hit_into_play,,,,,9,Vladimir Guerrero Jr. homers (4) on a fly ball to center field.,L,R,R,SEA,TOR,X,,fly_ball,0,0,2025,1.02,-0.26,0.32,1.98,,,,0,5,Top,133.6,35.18,,,,,2.9273900592025672,-124.86205207042276,-1.5719553979300298,9.931729565403538,26.990970732286858,-34.751197254160026,3.68,1.67,406.0,106.4,25.0,86.2,2178,6.7,813043,663728,647304,593871,553993,641487,668227,677594,645302,53.76,0.909,1.781,2.0,1.0,0.0,3.0,6.0,37,1,Slider,2,6,6,2,7,2,7,2,Standard,Standard,39,-0.047,1.114,77.2,7.9,3.425,-1.114,106.4,-4,4,0.10368208289386,0.89631791710614,27,26,27,26,3,2,5,2,5.0,1.0,3.37,-1.02,-1.02,28.0,1.858658538203008,-4.544574862305907,29.50010590194095,40.45056874837484,36.17523478973261
195,SL,2025-10-15,87.1,-1.84,5.51,"Guerrero Jr., Vladimir",665489,669923,double,hit_into_play,,,,,8,Vladimir Guerrero Jr. doubles (1) on a sharp line drive to left fielder Randy Arozarena. Nathan Lukes to 3rd.,L,R,R,SEA,TOR,X,7.0,line_drive,1,1,2025,0.79,-0.08,0.11,1.95,,,664770.0,1,3,Top,47.53,104.07,,,,,3.0881029116424448,-126.80497307147166,-2.2384355064516908,7.845253445402689,26.117904054699174,-32.83356651473424,3.68,1.67,345.0,104.9,16.0,87.8,2557,6.7,813043,663728,647304,593871,553993,641487,668227,677594,645302,53.76,0.546,0.585,1.25,1.0,1.0,1.0,5.0,21,3,Slider,2,2,2,2,2,2,2,2,Standard,Standard,44,-0.095,0.812,85.8,7.9,0.853,-0.812,104.9,0,0,0.4972200171483165,0.5027799828516835,27,26,27,26,2,1,5,2,5.0,1.0,3.09,-0.79,-0.79,26.8,5.496199157780959,-17.624629370125447,27.419124996395816,36.01990779534091,47.60267906119723
196,SL,2025-10-15,87.8,-1.96,5.44,"Guerrero Jr., Vladimir",665489,669923,,called_strike,,,,,5,Called Strike,L,R,R,SEA,TOR,S,,,1,0,2025,0.82,0.0,0.13,2.41,,,664770.0,1,3,Top,,,,,,,3.398481748357681,-127.9970899784927,-1.312089872794973,8.447877246797509,23.875106100282277,-32.08252184994801,3.65,1.67,,,,89.0,2381,6.7,813043,663728,647304,593871,553993,641487,668227,677594,645302,53.78,,,,,,,,21,2,Slider,2,2,2,2,2,2,2,2,Standard,Standard,34,0.0,-0.056,,,,0.056,,0,0,0.4972200171483165,0.5027799828516835,27,26,27,26,2,1,5,2,5.0,1.0,2.92,-0.82,-0.82,32.1,,,,,
197,SI,2025-10-15,96.7,-1.68,5.62,"Guerrero Jr., Vladimir",665489,669923,,ball,,,,,14,Ball,L,R,R,SEA,TOR,B,,,0,0,2025,-1.5,0.75,1.3,2.62,,,664770.0,1,3,Top,,,,,,,11.461814969218873,-140.40241650893654,-4.168934496128909,-22.462399419864685,31.534251181955103,-21.489262461591707,3.71,1.73,,,,97.5,2313,6.8,813043,663728,647304,593871,553993,641487,668227,677594,645302,53.66,,,,,,,,21,1,Sinker,2,2,2,2,2,2,2,2,Standard,Standard,221,0.0,0.035,,,,-0.035,,0,0,0.4972200171483165,0.5027799828516835,27,26,27,26,2,1,5,2,5.0,1.0,1.7,1.5,1.5,30.2,,,,,
198,SI,2025-10-15,97.4,-1.62,5.65,"Guerrero Jr., Vladimir",665489,669923,single,hit_into_play,,,,,8,"Vladimir Guerrero Jr. singles on a ground ball to third baseman Eugenio Suárez. Vladimir Guerrero Jr. to 2nd. Vladimir Guerrero Jr. advances to 2nd, on a throwing error by third baseman Eugenio Suárez.",L,R,R,SEA,TOR,X,5.0,ground_ball,1,1,2025,-1.44,0.89,-0.04,2.0,,,,2,1,Top,100.62,168.59,,,,,7.606371282858093,-141.63504194143476,-6.364303589668031,-21.09420311018289,31.49534952235455,-18.97111099359183,3.68,1.67,4.0,102.8,-26.0,98.2,2363,6.7,813043,663728,647304,593871,553993,641487,668227,677594,645302,53.77,0.091,0.081,0.9,1.0,1.0,0.0,2.0,3,3,Sinker,0,0,0,0,0,0,0,0,Standard,Standard,224,-0.023,0.342,82.0,8.0,0.092,-0.342,102.8,0,0,0.5379144392653283,0.4620855607346716,27,26,27,26,1,0,5,2,5.0,1.0,1.51,1.44,1.44,29.8,-1.3192942032187729,-12.486821573028164,34.31786305588026,34.665095976448384,31.93551625279194
199,SI,2025-10-15,97.4,-1.7,5.63,"Guerrero Jr., Vladimir",665489,669923,,foul,,,,,6,Foul,L,R,R,SEA,TOR,S,,,1,0,2025,-1.52,0.73,0.37,2.92,,,,2,1,Top,,,,,,,9.076350158145976,-141.55175231465955,-3.451974082838136,-22.41634752416276,30.64188467575854,-21.780120080245005,3.68,1.67,157.0,60.7,49.0,98.1,2468,6.6,813043,663728,647304,593871,553993,641487,668227,677594,645302,53.85,,,,,,,,3,2,Sinker,0,0,0,0,0,0,0,0,Standard,Standard,225,-0.001,-0.054,74.3,6.9,,0.054,88.0,0,0,0.5379144392653283,0.4620855607346716,27,26,27,26,1,0,5,2,5.0,1.0,1.67,1.52,1.52,28.4,-11.637842535108083,23.21426979802936,24.675135030363386,39.56914480618673,23.558175153577004
200,SI,2025-10-15,97.7,-1.75,5.49,"Guerrero Jr., Vladimir",665489,669923,,ball,,,,,14,Ball,L,R,R,SEA,TOR,B,,,0,0,2025,-1.64,0.66,1.07,1.31,,,,2,1,Top,,,,,,,11.48135216078104,-141.7286316396037,-7.341561005909401,-24.717736560063926,30.44629435717647,-21.747452039214814,3.52,1.64,,,,98.7,2412,6.9,813043,663728,647304,593871,553993,641487,668227,677594,645302,53.61,,,,,,,,3,1,Sinker,0,0,0,0,0,0,0,0,Standard,Standard,224,-0.001,0.037,,,,-0.037,,0,0,0.5379144392653283,0.4620855607346716,27,26,27,26,1,0,5,2,5.0,1.0,1.73,1.64,1.64,28.5,,,,,
201,CU,2025-10-15,83.2,-2.61,6.38,"Guerrero Jr., Vladimir",665489,592426,double,hit_into_play,,,,,5,Vladimir Guerrero Jr. doubles (2) on a sharp line drive to center fielder Julio Rodríguez.,L,R,R,SEA,TOR,X,8.0,line_drive,0,0,2025,0.64,-1.1,0.0,2.7,,,,0,8,Top,153.3,76.62,,,,,4.729949802270071,-120.97244148793506,0.2991638063767874,5.1289008699874135,27.55497644099652,-43.123997406134734,3.68,1.67,235.0,108.0,10.0,82.6,2514,6.3,813043,663728,647304,660844,553993,641487,668227,677594,645302,54.15,0.906,0.891,1.25,1.0,1.0,1.0,4.0,65,1,Curveball,2,12,12,2,12,2,12,2,Standard,Standard,24,0.001,0.716,81.0,7.1,1.13,-0.716,108.0,-10,10,0.0003848591420357,0.9996151408579642,33,26,34,26,1,4,7,2,,1.0,4.44,-0.64,-0.64,49.3,-3.3163783898846138,4.9160271037528505,22.9296468184207,37.30967473711297,30.52973133429713
202,FF,2025-10-13,94.7,-0.39,5.71,"Guerrero Jr., Vladimir",665489,669302,field_out,hit_into_play,,,,,8,"Vladimir Guerrero Jr. grounds out, second baseman Jorge Polanco to first baseman Josh Naylor.",L,R,R,TOR,SEA,X,4.0,ground_ball,3,2,2025,-0.59,1.44,0.08,1.79,543807.0,,664770.0,2,2,Bot,139.1,146.82,,,,,2.6540869741013147,-137.68289055439286,-7.976853100305759,-8.102703832708887,31.80700914757651,-12.320478510364984,3.68,1.68,6.0,109.0,-15.0,97.4,1985,8.0,813044,663728,647304,593871,553993,641487,668227,677594,645302,52.54,0.229,0.206,0.0,1.0,0.0,0.0,2.0,22,9,4-Seam Fastball,3,3,3,3,3,3,3,3,Standard,Standard,209,-0.051,-0.291,77.1,7.0,0.246,0.291,109.0,0,0,0.5514196343861519,0.5514196343861519,28,26,28,26,2,1,3,1,6.0,2.0,1.12,0.59,0.59,45.9,-18.590987849702305,12.16272424904908,41.94586559792901,37.391753728900085,22.683480711147837
203,FF,2025-10-13,95.9,-0.48,5.75,"Guerrero Jr., Vladimir",665489,669302,,foul,,,,,2,Foul,L,R,R,TOR,SEA,S,,,3,2,2025,-0.36,1.4,-0.27,3.34,543807.0,,664770.0,2,2,Bot,,,,,,,1.3887464786831911,-139.6466430107676,-4.045286170813507,-4.96460515131352,30.359363395508836,-13.17608691572327,3.68,1.68,257.0,81.3,32.0,98.5,1921,7.6,813044,663728,647304,593871,553993,641487,668227,677594,645302,52.85,,,,,,,,22,8,4-Seam Fastball,3,3,3,3,3,3,3,3,Standard,Standard,205,0.0,0.0,62.5,5.7,,0.0,88.0,0,0,0.5514196343861519,0.5514196343861519,28,26,28,26,2,1,3,1,6.0,2.0,1.07,0.36,0.36,48.3,-18.843938206254048,28.59643176923636,27.564310538167927,32.984123073124216,16.41741490429591
204,FS,2025-10-13,79.9,-0.8,5.84,"Guerrero Jr., Vladimir",665489,669302,,foul,,,,,7,Foul,L,R,R,TOR,SEA,S,,,3,2,2025,-0.83,0.1,-0.37,1.7,543807.0,,664770.0,2,2,Bot,,,,,,,2.585061333617257,-116.32051058221916,-2.59795347849092,-8.023255393947831,23.05869109047636,-30.989757755457013,3.68,1.68,52.0,45.1,11.0,81.7,569,7.6,813044,663728,647304,593871,553993,641487,668227,677594,645302,52.9,,,,,,,,22,7,Split-Finger,3,3,3,3,3,3,3,3,Standard,Standard,263,0.0,0.0,79.8,8.4,,0.0,88.0,0,0,0.5514196343861519,0.5514196343861519,28,26,28,26,2,1,3,1,6.0,2.0,3.48,0.83,0.83,39.7,13.3088413518609,-30.156961704640995,32.84510133683767,32.389229868468746,53.67061491426835
205,FS,2025-10-13,79.9,-0.65,5.74,"Guerrero Jr., Vladimir",665489,669302,,foul,,,,,8,Foul,L,R,R,TOR,SEA,S,,,3,2,2025,-0.72,0.71,0.05,2.0,543807.0,,664770.0,2,2,Bot,,,,,,,2.979240829460557,-116.31669563449876,-2.828741601093532,-7.073197143686774,24.815531019894244,-25.475421140423585,3.68,1.68,49.0,54.3,5.0,81.6,562,7.7,813044,663728,647304,593871,553993,641487,668227,677594,645302,52.75,,,,,,,,22,6,Split-Finger,3,3,3,3,3,3,3,3,Standard,Standard,283,0.0,0.0,77.8,8.8,,0.0,88.0,0,0,0.5514196343861519,0.5514196343861519,28,26,28,26,2,1,3,1,6.0,2.0,2.9,0.72,0.72,35.7,17.685772033617543,-35.4625289941703,27.061505325253663,37.80949912878441,55.17331459648548
206,FF,2025-10-13,95.4,-0.15,5.79,"Guerrero Jr., Vladimir",665489,669302,,swinging_strike,,,,,11,Swinging Strike,L,R,R,TOR,SEA,S,,,3,1,2025,-0.64,1.47,-0.32,3.84,543807.0,,664770.0,2,2,Bot,,,,,,,1.034929120018315,-138.94797200760422,-2.90627408607214,-8.573718832489037,30.69249314868541,-12.674973676278713,3.68,1.68,,,,98.2,1971,7.8,813044,663728,647304,593871,553993,641487,668227,677594,645302,52.74,,,,,,,,22,5,4-Seam Fastball,3,3,3,3,3,3,3,3,Standard,Standard,210,0.0,-0.053,76.1,6.4,,0.053,,0,0,0.5514196343861519,0.5514196343861519,28,26,28,26,2,1,3,1,6.0,2.0,1.03,0.64,0.64,48.6,-3.56527169293933,13.601862086742711,17.53247675868411,33.067644348123764,24.41045311784192
207,SL,2025-10-13,88.4,-0.44,5.8,"Guerrero Jr., Vladimir",665489,669302,,called_strike,,,,,4,Called Strike,L,R,R,TOR,SEA,S,,,3,0,2025,-0.02,0.13,-0.74,2.34,543807.0,,664770.0,2,2,Bot,,,,,,,-0.6976573028366927,-128.52432341945809,-2.4870847066427104,-0.0757241874113073,33.791110184955265,-30.398073932211727,3.6,1.56,,,,89.1,1442,7.4,813044,663728,647304,593871,553993,641487,668227,677594,645302,53.09,,,,,,,,22,4,Slider,3,3,3,3,3,3,3,3,Standard,Standard,239,0.0,-0.045,,,,0.045,,0,0,0.5514196343861519,0.5514196343861519,28,26,28,26,2,1,3,1,6.0,2.0,2.86,0.02,0.02,44.4,,,,,
208,SL,2025-10-13,88.1,-0.38,5.82,"Guerrero Jr., Vladimir",665489,669302,,ball,,,,,11,Ball,L,R,R,TOR,SEA,B,,,2,0,2025,0.03,0.12,-1.21,2.53,543807.0,,664770.0,2,2,Bot,,,,,,,-2.144601067406229,-128.23574102932577,-2.128445228517844,0.8140345449362509,29.806380486973858,-30.566490055704858,3.54,1.51,,,,89.9,1557,7.7,813044,663728,647304,593871,553993,641487,668227,677594,645302,52.82,,,,,,,,22,3,Slider,3,3,3,3,3,3,3,3,Standard,Standard,102,0.0,0.079,,,,-0.079,,0,0,0.5514196343861519,0.5514196343861519,28,26,28,26,2,1,3,1,6.0,2.0,2.84,-0.03,-0.03,45.9,,,,,
209,FF,2025-10-13,96.4,-0.18,5.89,"Guerrero Jr., Vladimir",665489,669302,,ball,,,,,13,Ball,L,R,R,TOR,SEA,B,,,1,0,2025,-0.6,1.54,-1.07,1.78,543807.0,,664770.0,2,2,Bot,,,,,,,-1.0251766820840271,-140.1416964279802,-9.003611143374135,-7.6129564553681,33.39250170995834,-10.023171454116945,3.61,1.49,,,,98.4,1980,7.6,813044,663728,647304,593871,553993,641487,668227,677594,645302,52.91,,,,,,,,22,2,4-Seam Fastball,3,3,3,3,3,3,3,3,Standard,Standard,204,0.0,0.023,,,,-0.023,,0,0,0.5514196343861519,0.5514196343861519,28,26,28,26,2,1,3,1,6.0,2.0,0.93,0.6,0.6,52.3,,,,,
210,FF,2025-10-13,96.0,-0.21,5.88,"Guerrero Jr., Vladimir",665489,669302,,ball,,,,,12,Ball,L,R,R,TOR,SEA,B,,,0,0,2025,-0.5,1.54,1.25,2.79,543807.0,,664770.0,2,2,Bot,,,,,,,5.118564740350194,-139.5513154492458,-6.188631864030107,-7.682171719765182,32.35938272761799,-10.842075528092384,3.62,1.66,,,,98.2,1924,7.7,813044,663728,647304,593871,553993,641487,668227,677594,645302,52.84,,,,,,,,22,1,4-Seam Fastball,3,3,3,3,3,3,3,3,Standard,Standard,208,0.0,0.009,,,,-0.009,,0,0,0.5514196343861519,0.5514196343861519,28,26,28,26,2,1,3,1,6.0,2.0,0.94,0.5,0.5,52.5,,,,,
211,SI,2025-10-13,96.2,-1.87,5.55,"Guerrero Jr., Vladimir",665489,660825,field_out,hit_into_play,,,,,9,"Vladimir Guerrero Jr. grounds out, pitcher Eduard Bazardo to first baseman Josh Naylor. Nathan Lukes to 2nd.",L,R,R,TOR,SEA,X,1.0,ground_ball,2,2,2025,-1.13,0.79,0.71,2.22,,,664770.0,1,5,Bot,118.8,178.97,,,,,9.354382295972664,-139.75930408303134,-4.992620669862206,-16.87198311664431,30.196557521847343,-20.903396681561585,3.68,1.68,1.0,63.5,-64.0,95.7,2160,6.0,813044,663728,647304,593871,553993,641487,668227,677594,645302,54.51,0.26,0.236,0.0,1.0,0.0,0.0,2.0,45,7,Sinker,3,6,3,6,6,3,3,6,Standard,Standard,217,-0.035,-0.285,71.7,7.5,0.26,0.285,88.0,-3,-3,0.1952481955588821,0.1952481955588821,29,26,30,26,1,2,3,1,3.0,2.0,1.68,1.13,1.13,42.8,-4.133030236697291,11.959044273186135,27.7456944992868,46.27783129881335,26.508618126577986
212,SI,2025-10-13,96.4,-1.88,5.72,"Guerrero Jr., Vladimir",665489,660825,,ball,,,,,14,Ball,L,R,R,TOR,SEA,B,,,1,2,2025,-1.21,0.8,1.23,2.24,,,664770.0,1,5,Bot,,,,,,,10.90785570604586,-139.9288918259701,-5.46439946221412,-18.26522016064064,30.32449592670582,-20.52970876780997,3.59,1.55,,,,95.7,2005,5.9,813044,663728,647304,593871,553993,641487,668227,677594,645302,54.57,,,,,,,,45,6,Sinker,3,6,3,6,6,3,3,6,Standard,Standard,217,-0.012,0.044,,,,-0.044,,-3,-3,0.1952481955588821,0.1952481955588821,29,26,30,26,1,2,3,1,3.0,2.0,1.65,1.21,1.21,42.6,,,,,
213,SL,2025-10-13,83.2,-2.08,5.62,"Guerrero Jr., Vladimir",665489,660825,,foul,,,,,14,Foul,L,R,R,TOR,SEA,S,,,1,2,2025,1.74,-0.21,1.64,1.98,,,664770.0,1,5,Bot,,,,,,,5.064225380610685,-120.98954759438897,-1.4020724032475684,15.881394382021623,26.164008745506703,-34.19598971343917,3.68,1.68,,,,82.0,2541,5.7,813044,663728,647304,593871,553993,641487,668227,677594,645302,54.75,,,,,,,,45,5,Slider,3,6,3,6,6,3,3,6,Standard,Standard,45,-0.012,0.0,63.4,8.4,,0.0,,-3,-3,0.1952481955588821,0.1952481955588821,29,26,30,26,1,2,3,1,3.0,2.0,3.54,-1.74,-1.74,36.5,5.920375140550569,-8.971284747340423,23.32051732011905,57.69121412699087,37.98599514826994
214,SI,2025-10-13,96.2,-1.95,5.49,"Guerrero Jr., Vladimir",665489,660825,,ball,,,,,14,Ball,L,R,R,TOR,SEA,B,,,0,2,2025,-1.4,0.76,1.57,2.35,,,664770.0,1,5,Bot,,,,,,,12.35680036742331,-139.48519580882137,-4.3961341652240336,-20.996463491325382,30.157061874776183,-21.392124417200897,3.59,1.58,,,,95.3,2204,5.9,813044,663728,647304,593871,553993,641487,668227,677594,645302,54.63,,,,,,,,45,4,Sinker,3,6,3,6,6,3,3,6,Standard,Standard,221,-0.012,0.01,,,,-0.01,,-3,-3,0.1952481955588821,0.1952481955588821,29,26,30,26,1,2,3,1,3.0,2.0,1.71,1.4,1.4,40.1,,,,,
215,SI,2025-10-13,95.6,-1.93,5.71,"Guerrero Jr., Vladimir",665489,660825,,foul,,,,,6,Foul,L,R,R,TOR,SEA,S,,,0,2,2025,-1.21,0.85,0.41,2.4,,,664770.0,1,5,Bot,,,,,,,8.761551750379311,-138.87623561019552,-4.959499167084045,-17.556540290020347,30.02496430488902,-20.25410956946164,3.68,1.68,203.0,72.9,32.0,94.6,2096,5.7,813044,663728,647304,593871,553993,641487,668227,677594,645302,54.8,,,,,,,,45,3,Sinker,3,6,3,6,6,3,3,6,Standard,Standard,221,-0.012,0.0,66.7,6.6,,0.0,88.0,-3,-3,0.1952481955588821,0.1952481955588821,29,26,30,26,1,2,3,1,3.0,2.0,1.65,1.21,1.21,38.9,-25.058398193824587,28.42324758209104,33.1938278309119,43.51463897275845,13.660417226073347
216,SI,2025-10-13,95.5,-2.0,5.54,"Guerrero Jr., Vladimir",665489,660825,,foul,,,,,1,Foul,L,R,R,TOR,SEA,S,,,0,1,2025,-1.55,0.63,-0.52,3.14,,,664770.0,1,5,Bot,,,,,,,7.33263067557587,-138.85002306426642,-2.0551475150850496,-21.74815166731999,34.53308810206571,-23.77946128730995,3.68,1.68,192.0,70.4,24.0,94.3,2183,5.9,813044,663728,647304,593871,553993,641487,668227,677594,645302,54.62,,,,,,,,45,2,Sinker,3,6,3,6,6,3,3,6,Standard,Standard,219,-0.012,-0.047,71.5,6.0,,0.047,88.0,-3,-3,0.1952481955588821,0.1952481955588821,29,26,30,26,1,2,3,1,3.0,2.0,1.89,1.55,1.55,37.8,-18.94824425819069,30.90280815865012,30.53636126447776,31.510199273077383,16.93054498563618
217,SI,2025-10-13,95.4,-2.04,5.55,"Guerrero Jr., Vladimir",665489,660825,,called_strike,,,,,5,Called Strike,L,R,R,TOR,SEA,S,,,0,0,2025,-1.4,0.74,0.18,2.35,,,664770.0,1,5,Bot,,,,,,,8.942377215364074,-138.56742674589327,-4.368590839451081,-20.051157231023968,33.386661889894256,-21.861675107916916,3.69,1.62,,,,94.7,2009,6.2,813044,663728,647304,593871,553993,641487,668227,677594,645302,54.35,,,,,,,,45,1,Sinker,3,6,3,6,6,3,3,6,Standard,Standard,213,-0.012,-0.04,,,,0.04,,-3,-3,0.1952481955588821,0.1952481955588821,29,26,30,26,1,2,3,1,3.0,2.0,1.79,1.4,1.4,39.7,,,,,
218,SL,2025-10-13,89.7,-0.13,6.0,"Guerrero Jr., Vladimir",665489,669302,field_out,hit_into_play,,,,,8,"Vladimir Guerrero Jr. grounds out, shortstop J.P. Crawford to first baseman Josh Naylor. Nathan Lukes to 3rd.",L,R,R,TOR,SEA,X,6.0,ground_ball,1,1,2025,0.14,0.22,0.04,2.21,,664770.0,,0,1,Bot,106.19,155.43,,,,,0.1196414480797513,-130.35885405883047,-3.689615207708357,1.4949789435952192,36.23047273315486,-29.03008475752474,3.68,1.68,4.0,97.5,-31.0,90.2,1444,7.4,813044,663728,647304,593871,553993,641487,668227,677594,645302,53.07,0.06,0.056,0.0,1.0,0.0,0.0,2.0,10,3,Slider,1,3,1,3,3,1,1,3,Infield shade,Standard,203,-0.024,-0.208,76.0,7.2,0.06,0.208,97.5,-2,-2,0.4132602040819261,0.4132602040819261,28,26,28,26,1,0,3,1,6.0,2.0,2.7,-0.14,-0.14,47.5,-10.905416898421397,8.6119259104339,32.0132044403184,35.86530237504057,24.54104945494244
219,FS,2025-10-13,79.4,-0.57,5.88,"Guerrero Jr., Vladimir",665489,669302,,ball,,,,,11,Ball,L,R,R,TOR,SEA,B,,,0,1,2025,-1.02,0.2,-1.97,2.6,,664770.0,,0,1,Bot,,,,,,,-1.177797129679328,-115.61492828680888,-0.6710724425359555,-8.764764249531025,25.36678999902793,-30.531075069752504,3.57,1.48,,,,80.3,497,7.3,813044,663728,647304,593871,553993,641487,668227,677594,645302,53.2,,,,,,,,10,2,Split-Finger,1,3,1,3,3,1,1,3,Infield shade,Standard,280,-0.009,0.026,,,,-0.026,88.0,-2,-2,0.4132602040819261,0.4132602040819261,28,26,28,26,1,0,3,1,6.0,2.0,3.47,1.02,1.02,36.6,,,,,
220,FF,2025-10-13,96.1,-0.6,6.1,"Guerrero Jr., Vladimir",665489,669302,,foul,,,,,2,Foul,L,R,R,TOR,SEA,S,,,0,0,2025,-0.36,1.32,0.27,3.59,,664770.0,,0,1,Bot,,,,,,,3.2005006996467693,-139.78563194587977,-3.997466690284973,-5.531407279914317,37.918912957991935,-14.349298640823145,3.68,1.68,192.0,70.5,43.0,97.4,1907,7.5,813044,663728,647304,593871,553993,641487,668227,677594,645302,53.0,,,,,,,,10,1,4-Seam Fastball,1,3,1,3,3,1,1,3,Infield shade,Standard,201,-0.009,-0.043,76.5,6.6,,0.043,88.0,-2,-2,0.4132602040819261,0.4132602040819261,28,26,28,26,1,0,3,1,6.0,2.0,1.2,0.36,0.36,50.2,-7.877448327134311,15.43573771434887,16.3112317927675,39.04146809724651,27.208708975625772
221,FF,2025-10-13,95.9,-4.16,5.2,"Guerrero Jr., Vladimir",665489,676106,walk,ball,,,,,3,Vladimir Guerrero Jr. walks.,L,R,R,TOR,SEA,B,,,3,0,2025,-1.02,0.79,0.54,3.74,,,,0,8,Bot,,,,,,,14.597635296282103,-138.81323300985954,0.0534569647195607,-16.687837340366002,33.37718545856811,-22.272109194652582,3.64,1.52,,,,94.7,2456,6.1,813044,663728,647304,593871,553993,641487,668227,677594,645302,54.45,,0.691497,0.7,1.0,0.0,0.0,,70,4,4-Seam Fastball,3,10,3,10,10,3,3,10,Standard,Standard,248,0.003,0.171,,,,-0.171,,-7,-7,0.0049487350971624,0.0049487350971624,26,26,26,26,1,3,18,1,3.0,2.0,1.73,1.02,1.02,9.8,,,,,
222,SI,2025-10-13,95.4,-4.07,5.12,"Guerrero Jr., Vladimir",665489,676106,,ball,,,,,14,Ball,L,R,R,TOR,SEA,B,,,2,0,2025,-1.6,-0.06,1.19,1.83,,,,0,8,Bot,,,,,,,17.2453935047263,-137.815108820698,-2.7682559426841378,-24.298299238350907,31.698404805921808,-32.49878281835778,3.68,1.5,,,,94.2,2478,6.1,813044,663728,647304,593871,553993,641487,668227,677594,645302,54.42,,,,,,,,70,3,Sinker,3,10,3,10,10,3,3,10,Standard,Standard,246,-0.001,0.152,,,,-0.152,,-7,-7,0.0049487350971624,0.0049487350971624,26,26,26,26,1,3,18,1,3.0,2.0,2.61,1.6,1.6,10.1,,,,,
223,SI,2025-10-13,94.9,-4.02,5.14,"Guerrero Jr., Vladimir",665489,676106,,ball,,,,,9,Ball,L,R,R,TOR,SEA,B,,,1,0,2025,-1.63,0.14,0.8,1.6,,,,0,8,Bot,,,,,,,16.07955220701955,-137.19974103420265,-3.804482570802276,-24.162051799277236,30.8701331652854,-29.706354676441396,3.65,1.68,,,,93.8,2395,6.0,813044,663728,647304,593871,553993,641487,668227,677594,645302,54.46,,,,,,,,70,2,Sinker,3,10,3,10,10,3,3,10,Standard,Standard,252,-0.001,0.077,,,,-0.077,,-7,-7,0.0049487350971624,0.0049487350971624,26,26,26,26,1,3,18,1,3.0,2.0,2.43,1.63,1.63,8.4,,,,,
224,SI,2025-10-13,95.7,-4.11,5.13,"Guerrero Jr., Vladimir",665489,676106,,ball,,,,,14,Ball,L,R,R,TOR,SEA,B,,,0,0,2025,-1.58,0.18,1.18,2.63,,,,0,8,Bot,,,,,,,17.319922281133,-138.2673978154675,-1.3050733628668958,-24.150284117984032,30.29733972145825,-29.730358378100064,3.66,1.68,,,,94.7,2469,6.1,813044,663728,647304,593871,553993,641487,668227,677594,645302,54.41,,,,,,,,70,1,Sinker,3,10,3,10,10,3,3,10,Standard,Standard,251,-0.001,0.041,,,,-0.041,,-7,-7,0.0049487350971624,0.0049487350971624,26,26,26,26,1,3,18,1,3.0,2.0,2.34,1.58,1.58,8.8,,,,,
225,SI,2025-10-12,96.3,-0.75,5.48,"Guerrero Jr., Vladimir",665489,682243,field_out,hit_into_play,,,,,3,"Vladimir Guerrero Jr. grounds out, second baseman Jorge Polanco to first baseman Josh Naylor.",L,R,R,TOR,SEA,X,4.0,ground_ball,1,2,2025,-1.12,1.21,0.29,3.17,,,,1,6,Bot,123.4,142.77,,,,,5.314017826796191,-140.11145682324891,-3.2648277202722324,-15.95321977667913,34.453760980666274,-15.702410047532156,3.68,1.7,7.0,94.4,-23.0,96.0,2483,6.3,813040,663728,647304,593871,553993,641487,668227,677594,645302,54.18,0.06,0.05,0.0,1.0,0.0,0.0,2.0,44,4,Sinker,1,2,1,2,2,1,1,2,Standard,Standard,213,-0.037,-0.18,73.0,6.8,0.066,0.18,94.4,-1,-1,0.3564439820372856,0.3564439820372856,26,26,27,26,3,2,4,4,5.0,1.0,1.26,1.12,1.12,38.6,-6.5571929081056615,12.760141719658868,25.1738033530684,38.56302410703823,21.570659039519263
226,FS,2025-10-12,85.2,-1.17,5.15,"Guerrero Jr., Vladimir",665489,682243,,swinging_strike,,,,,8,Swinging Strike,L,R,R,TOR,SEA,S,,,1,1,2025,-0.71,0.19,0.17,1.86,,,,1,6,Bot,,,,,,,4.581686288935483,-123.91507348835688,-1.7388550265423528,-8.255038013561958,27.77506749574817,-30.058138137463686,3.68,1.7,,,,85.0,1016,6.5,813040,663728,647304,593871,553993,641487,668227,677594,645302,54.03,,,,,,,,44,3,Split-Finger,1,2,1,2,2,1,1,2,Standard,Standard,230,-0.009,-0.064,79.9,8.8,,0.064,,-1,-1,0.3564439820372856,0.3564439820372856,26,26,27,26,3,2,4,4,5.0,1.0,2.98,0.71,0.71,37.4,14.366110243203783,-38.28848855833324,26.948234580366,37.70751246622281,57.887432473162
227,ST,2025-10-12,85.3,-1.1,5.31,"Guerrero Jr., Vladimir",665489,682243,,ball,,,,,14,Ball,L,R,R,TOR,SEA,B,,,0,1,2025,1.16,0.02,1.99,0.6,,,,1,6,Bot,,,,,,,4.906920885754469,-123.98823956790952,-4.695343132246148,10.710073936375077,28.712924529749877,-31.16536231586528,3.69,1.58,,,,84.8,2354,6.4,813040,663728,647304,593871,553993,641487,668227,677594,645302,54.13,,,,,,,,44,2,Sweeper,1,2,1,2,2,1,1,2,Standard,Standard,36,-0.009,0.029,,,,-0.029,,-1,-1,0.3564439820372856,0.3564439820372856,26,26,27,26,3,2,4,4,5.0,1.0,3.17,-1.16,-1.16,34.6,,,,,
228,FS,2025-10-12,85.3,-1.1,5.25,"Guerrero Jr., Vladimir",665489,682243,,called_strike,,,,,4,Called Strike,L,R,R,TOR,SEA,S,,,0,0,2025,-0.84,0.17,-0.83,2.3,,,,1,6,Bot,,,,,,,2.353494489009591,-124.12808923850692,-0.8630985577493114,-9.1502518442462,28.846849755484943,-30.52521033224646,3.71,1.62,,,,85.1,1064,6.5,813040,663728,647304,593871,553993,641487,668227,677594,645302,53.99,,,,,,,,44,1,Split-Finger,1,2,1,2,2,1,1,2,Standard,Standard,228,-0.009,-0.039,,,,0.039,,-1,-1,0.3564439820372856,0.3564439820372856,26,26,27,26,3,2,4,4,5.0,1.0,3.01,0.84,0.84,33.6,,,,,
229,ST,2025-10-12,84.3,-0.96,5.4,"Guerrero Jr., Vladimir",665489,682243,field_out,hit_into_play,,,,,6,"Vladimir Guerrero Jr. grounds out, shortstop J.P. Crawford to first baseman Josh Naylor.",L,R,R,TOR,SEA,X,6.0,ground_ball,1,2,2025,1.53,-0.43,0.39,2.4,,,,1,3,Bot,100.11,148.85,,,,,0.1143761491958386,-122.79166245187024,0.3113418357867739,15.273543564038146,27.13657530224668,-36.79551494767907,3.68,1.7,21.0,109.0,-6.0,83.8,2334,6.2,813040,663728,647304,593871,553993,641487,668227,677594,645302,54.32,0.357,0.314,0.0,1.0,0.0,0.0,2.0,23,4,Sweeper,1,0,1,0,0,1,1,0,Standard,Standard,49,-0.01,-0.18,79.9,7.6,0.36,0.18,109.0,1,1,0.6483113634514245,0.6483113634514245,26,26,27,26,2,1,4,4,5.0,1.0,3.66,-1.53,-1.53,45.1,-3.701860138339097,-12.94857386609585,29.24941832782058,39.59458431481623,39.142025970653606
230,ST,2025-10-12,84.4,-1.01,5.25,"Guerrero Jr., Vladimir",665489,682243,,ball,,,,,14,Ball,L,R,R,TOR,SEA,B,,,0,2,2025,1.17,-0.17,1.8,1.38,,,,1,3,Bot,,,,,,,4.2281061338381,-122.87665860532282,-2.264818256387695,10.919367399190824,26.05453315018237,-33.59074072554272,3.59,1.6,,,,84.3,2289,6.3,813040,663728,647304,593871,553993,641487,668227,677594,645302,54.16,,,,,,,,23,3,Sweeper,1,0,1,0,0,1,1,0,Standard,Standard,45,0.005,0.017,,,,-0.017,,1,1,0.6483113634514245,0.6483113634514245,26,26,27,26,2,1,4,4,5.0,1.0,3.38,-1.17,-1.17,35.4,,,,,
231,FS,2025-10-12,84.7,-1.11,5.31,"Guerrero Jr., Vladimir",665489,682243,,foul,,,,,5,Foul,L,R,R,TOR,SEA,S,,,0,1,2025,-0.96,0.15,-0.13,2.34,,,,1,3,Bot,,,,,,,4.204398446100677,-123.2213658486667,-0.8100207311818735,-10.582108596782131,28.26575533099696,-30.707957015178327,3.68,1.7,6.0,87.5,-23.0,84.4,978,6.5,813040,663728,647304,593871,553993,641487,668227,677594,645302,54.03,,,,,,,,23,2,Split-Finger,1,0,1,0,0,1,1,0,Standard,Standard,234,0.005,-0.052,76.7,7.8,,0.052,88.0,1,1,0.6483113634514245,0.6483113634514245,26,26,27,26,2,1,4,4,5.0,1.0,3.07,0.96,0.96,37.0,3.3741244905543755,-23.28843343743238,29.18629190420547,34.07114079641276,45.28012414918009
232,SI,2025-10-12,96.3,-0.85,5.56,"Guerrero Jr., Vladimir",665489,682243,,called_strike,,,,,8,Called Strike,L,R,R,TOR,SEA,S,,,0,0,2025,-1.26,0.99,0.22,1.8,,,,1,3,Bot,,,,,,,5.69286257535615,-139.90104809740455,-6.59621816483144,-17.847358210996937,34.12374806485171,-17.802313875056935,3.62,1.55,,,,95.7,2558,6.2,813040,663728,647304,593871,553993,641487,668227,677594,645302,54.29,,,,,,,,23,1,Sinker,1,0,1,0,0,1,1,0,Standard,Standard,213,0.005,-0.039,,,,0.039,,1,1,0.6483113634514245,0.6483113634514245,26,26,27,26,2,1,4,4,5.0,1.0,1.49,1.26,1.26,40.7,,,,,
233,FF,2025-10-12,95.7,-0.64,5.6,"Guerrero Jr., Vladimir",665489,682243,field_out,hit_into_play,,,,,2,Vladimir Guerrero Jr. lines out sharply to center fielder Julio Rodríguez.,L,R,R,TOR,SEA,X,8.0,line_drive,1,1,2025,-0.37,1.38,0.03,3.5,,,664770.0,0,1,Bot,119.46,62.87,,,,,2.6201750092920344,-139.25339900494632,-3.038434826946531,-5.371545997603488,33.20277859027617,-13.763045009692718,3.68,1.7,338.0,107.2,14.0,95.9,2621,6.5,813040,663728,647304,593871,553993,641487,668227,677594,645302,53.98,0.663,0.684,0.0,1.0,0.0,0.0,5.0,8,3,4-Seam Fastball,1,0,1,0,0,1,1,0,Standard,Standard,204,-0.025,-0.234,74.2,6.9,0.978,0.234,107.2,1,1,0.675924649867576,0.675924649867576,26,26,27,26,1,0,4,4,5.0,1.0,1.12,0.37,0.37,43.0,1.3313252301269047,-4.635153629254267,21.53270224183923,36.069101472802856,31.2174384633724
234,SI,2025-10-12,95.9,-0.85,5.4,"Guerrero Jr., Vladimir",665489,682243,,called_strike,,,,,7,Called Strike,L,R,R,TOR,SEA,S,,,1,0,2025,-1.08,1.37,-0.37,1.73,,,664770.0,0,1,Bot,,,,,,,3.7043604288082,-139.41372542613686,-7.133408426132099,-14.867149852383,33.634496822770195,-12.946930913704923,3.64,1.73,,,,95.7,2567,6.4,813040,663728,647304,593871,553993,641487,668227,677594,645302,54.13,,,,,,,,8,2,Sinker,1,0,1,0,0,1,1,0,Standard,Standard,212,0.003,-0.048,,,,0.048,,1,1,0.675924649867576,0.675924649867576,26,26,27,26,1,0,4,4,5.0,1.0,1.13,1.08,1.08,38.0,,,,,
235,SI,2025-10-12,97.0,-0.85,5.52,"Guerrero Jr., Vladimir",665489,682243,,ball,,,,,14,Ball,L,R,R,TOR,SEA,B,,,0,0,2025,-1.06,1.36,1.03,2.11,,,664770.0,0,1,Bot,,,,,,,7.463006366271113,-140.87313589789247,-6.641531667768176,-15.86624114766076,33.3848428955256,-12.778509266620588,3.68,1.7,,,,96.9,2529,6.4,813040,663728,647304,593871,553993,641487,668227,677594,645302,54.08,,,,,,,,8,1,Sinker,1,0,1,0,0,1,1,0,Standard,Standard,215,0.003,0.04,,,,-0.04,,1,1,0.675924649867576,0.675924649867576,26,26,27,26,1,0,4,4,5.0,1.0,1.08,1.06,1.06,40.3,,,,,
236,SL,2025-10-12,82.2,-2.66,5.51,"Guerrero Jr., Vladimir",665489,662253,field_out,hit_into_play,,,,,12,"Vladimir Guerrero Jr. grounds out, shortstop J.P. Crawford to first baseman Josh Naylor.",L,R,R,TOR,SEA,X,6.0,ground_ball,1,2,2025,1.14,-0.08,0.95,3.07,,,,0,9,Bot,110.24,149.86,,,,,6.013353990827192,-119.5267680054516,1.1951500953597078,9.748646971757044,23.843694218456573,-33.38617595577991,3.68,1.7,9.0,76.8,-19.0,82.6,2314,6.7,813040,663728,647304,593871,553993,641487,668227,677594,645302,53.83,0.077,0.064,0.0,1.0,0.0,0.0,2.0,67,4,Slider,1,3,1,3,3,1,1,3,Infield shade,Standard,72,-0.052,-0.189,81.2,7.1,0.107,0.189,88.0,-2,-2,0.0946146504163957,0.0946146504163957,26,26,26,26,1,3,2,4,5.0,1.0,3.47,-1.14,-1.14,34.6,0.5206820505322044,-7.189046824587241,17.409023793384396,45.612905319692345,41.16614101279899
237,SL,2025-10-12,82.8,-2.36,5.47,"Guerrero Jr., Vladimir",665489,662253,,foul,,,,,14,Foul,L,R,R,TOR,SEA,S,,,1,1,2025,0.84,-0.18,0.86,1.45,,,,0,9,Bot,,,,,,,5.74853957255887,-120.4757761727861,-2.3102587819311857,6.980339858427044,24.932885492048094,-33.71037801199405,3.68,1.7,2.0,69.5,-41.0,83.3,2318,6.7,813040,663728,647304,593871,553993,641487,668227,677594,645302,53.75,,,,,,,,67,3,Slider,1,3,1,3,3,1,1,3,Standard,Standard,80,-0.008,-0.061,69.7,8.2,,0.061,88.0,-2,-2,0.0946146504163957,0.0946146504163957,26,26,26,26,1,3,2,4,5.0,1.0,3.53,-0.84,-0.84,35.3,2.834879065130285,-16.374307808493292,30.139485926809147,45.14193811526165,42.45206579639361
238,FF,2025-10-12,97.1,-2.58,5.45,"Guerrero Jr., Vladimir",665489,662253,,called_strike,,,,,5,Called Strike,L,R,R,TOR,SEA,S,,,1,0,2025,-0.68,1.25,0.18,2.97,,,,0,9,Bot,,,,,,,8.986588610936543,-141.0418141188492,-3.9398621341775,-11.212227511439238,34.251740199415025,-14.822268703155864,3.6,1.59,,,,97.3,2205,6.7,813040,663728,647304,593871,553993,641487,668227,677594,645302,53.83,,,,,,,,67,2,4-Seam Fastball,1,3,1,3,3,1,1,3,Standard,Standard,222,-0.008,-0.05,,,,0.05,,-2,-2,0.0946146504163957,0.0946146504163957,26,26,26,26,1,3,2,4,5.0,1.0,1.19,0.68,0.68,26.9,,,,,
239,FF,2025-10-12,97.7,-2.36,5.53,"Guerrero Jr., Vladimir",665489,662253,,ball,,,,,12,Ball,L,R,R,TOR,SEA,B,,,0,0,2025,-0.76,1.18,1.08,2.75,,,,0,9,Bot,,,,,,,11.057934279319618,-141.72888787358153,-4.662334529704903,-12.887411484156887,33.73500666870699,-15.346229773527208,3.7,1.62,,,,97.8,2264,6.6,813040,663728,647304,593871,553993,641487,668227,677594,645302,53.91,,,,,,,,67,1,4-Seam Fastball,1,3,1,3,3,1,1,3,Standard,Standard,226,-0.008,0.041,,,,-0.041,,-2,-2,0.0946146504163957,0.0946146504163957,26,26,26,26,1,3,2,4,5.0,1.0,1.23,0.76,0.76,29.5,,,,,
240,SI,2025-10-08,98.5,-1.69,6.32,"Guerrero Jr., Vladimir",665489,693645,strikeout,called_strike,,,,,14,Vladimir Guerrero Jr. called out on strikes.,D,R,R,NYY,TOR,S,2.0,,3,2,2025,-1.25,0.86,0.86,1.87,,,664770.0,2,5,Top,,,,,,,9.833898885309427,-142.91608580770122,-8.599492322230596,-19.381283237459243,33.54807350473298,-18.543354453471277,3.61,1.59,,,,98.6,2226,6.5,813060,669224,502671,665862,641857,683011,641355,663757,592450,53.96,,0.0,0.0,1.0,0.0,0.0,,36,7,Sinker,1,2,2,1,2,1,2,1,Strategic,Standard,210,0.016,-0.295,,,,0.295,,-1,1,0.3905760472024949,0.6094239527975052,24,26,24,26,3,2,6,1,,4.0,1.51,1.25,1.25,38.7,,,,,
241,FF,2025-10-08,98.6,-1.64,6.48,"Guerrero Jr., Vladimir",665489,693645,,ball,,,,,11,Ball,D,R,R,NYY,TOR,B,,,2,2,2025,-0.43,1.44,-0.17,4.55,,,664770.0,2,5,Top,,,,,,,5.019234210688674,-143.43333517438916,-3.0862691677594776,-7.212454336459819,36.31746623993269,-11.859851316973389,3.68,1.69,,,,98.5,2407,6.4,813060,669224,502671,665862,641857,683011,641355,663757,592450,54.06,,,,,,,,36,6,4-Seam Fastball,1,2,2,1,2,1,2,1,Strategic,Standard,206,-0.009,0.079,,,,-0.079,,-1,1,0.3905760472024949,0.6094239527975052,24,26,24,26,3,2,6,1,,4.0,0.92,0.43,0.43,43.7,,,,,
242,FC,2025-10-08,94.3,-1.66,6.33,"Guerrero Jr., Vladimir",665489,693645,,foul,,,,,14,Foul,D,R,R,NYY,TOR,S,,,2,2,2025,0.55,0.74,1.28,2.45,,,664770.0,2,5,Top,,,,,,,6.41388476695554,-137.172800523163,-6.0527519032403125,5.661814576941568,28.839265235717946,-21.73631983296446,3.69,1.69,238.0,79.4,46.0,94.4,2436,6.2,813060,669224,502671,665862,641857,683011,641355,663757,592450,54.27,,,,,,,,36,5,Cutter,1,2,2,1,2,1,2,1,Strategic,Standard,165,-0.009,0.0,71.6,7.6,,0.0,88.0,-1,1,0.3905760472024949,0.6094239527975052,24,26,24,26,3,2,6,1,,4.0,1.82,-0.55,-0.55,39.8,-11.14189302917364,5.397566687917368,27.373055166436743,50.84049287376608,24.958651533779705
243,SI,2025-10-08,97.8,-1.58,6.42,"Guerrero Jr., Vladimir",665489,693645,,ball,,,,,12,Ball,D,R,R,NYY,TOR,B,,,1,2,2025,-1.06,1.04,0.16,4.23,,,664770.0,2,5,Top,,,,,,,7.138476587154259,-142.21109620695742,-2.7920954072951867,-16.021097006961398,33.085417994435005,-17.57326166240731,3.66,1.57,,,,97.9,2106,6.4,813060,669224,502671,665862,641857,683011,641355,663757,592450,54.08,,,,,,,,36,4,Sinker,1,2,2,1,2,1,2,1,Strategic,Standard,204,-0.009,0.033,,,,-0.033,,-1,1,0.3905760472024949,0.6094239527975052,24,26,24,26,3,2,6,1,,4.0,1.35,1.06,1.06,43.0,,,,,
244,SI,2025-10-08,98.4,-1.81,6.39,"Guerrero Jr., Vladimir",665489,693645,,called_strike,,,,,3,Called Strike,D,R,R,NYY,TOR,S,,,1,1,2025,-1.24,0.73,0.6,3.18,,,664770.0,2,5,Top,,,,,,,9.419142175801143,-142.93802423102525,-4.881064851555076,-19.26151486529009,35.77841673853767,-21.15842256411979,3.63,1.46,,,,97.9,2129,6.3,813060,669224,502671,665862,641857,683011,641355,663757,592450,54.21,,,,,,,,36,3,Sinker,1,2,2,1,2,1,2,1,Strategic,Standard,208,-0.009,-0.073,,,,0.073,,-1,1,0.3905760472024949,0.6094239527975052,24,26,24,26,3,2,6,1,,4.0,1.65,1.24,1.24,41.1,,,,,
245,SI,2025-10-08,99.1,-1.62,6.38,"Guerrero Jr., Vladimir",665489,693645,,foul,,,,,8,Foul,D,R,R,NYY,TOR,S,,,1,0,2025,-1.26,0.86,0.26,1.71,,,664770.0,2,5,Top,,,,,,,8.075436000822261,-143.85685192765553,-9.35393725026673,-19.397600191483747,32.058924323198084,-18.233725868996515,3.69,1.69,2.0,99.3,-38.0,99.2,2116,6.4,813060,669224,502671,665862,641857,683011,641355,663757,592450,54.11,,,,,,,,36,2,Sinker,1,2,2,1,2,1,2,1,Strategic,Standard,211,-0.009,-0.05,81.0,8.1,,0.05,99.3,-1,1,0.3905760472024949,0.6094239527975052,24,26,24,26,3,2,6,1,,4.0,1.46,1.26,1.26,39.7,4.780935084197201,-0.5013238361929725,30.221208065371552,38.18294054519174,31.2212294668106
246,FC,2025-10-08,95.0,-1.73,6.34,"Guerrero Jr., Vladimir",665489,693645,,ball,,,,,14,Ball,D,R,R,NYY,TOR,B,,,0,0,2025,0.43,0.85,1.83,1.67,,,664770.0,2,5,Top,,,,,,,8.376714996181981,-137.9484171381823,-8.467858322460986,3.711513756589259,29.2794803415246,-19.68079766011495,3.66,1.69,,,,95.2,2366,6.4,813060,669224,502671,665862,641857,683011,641355,663757,592450,54.07,,,,,,,,36,1,Cutter,1,2,2,1,2,1,2,1,Strategic,Standard,176,-0.009,0.035,,,,-0.035,,-1,1,0.3905760472024949,0.6094239527975052,24,26,24,26,3,2,6,1,,4.0,1.68,-0.43,-0.43,43.4,,,,,
247,FF,2025-10-08,98.9,-1.52,6.41,"Guerrero Jr., Vladimir",665489,693645,field_out,hit_into_play,,,,,13,"Vladimir Guerrero Jr. grounds out, third baseman Ryan McMahon to first baseman Paul Goldschmidt.",D,R,R,NYY,TOR,X,5.0,ground_ball,2,1,2025,-0.8,1.2,-0.13,1.39,,,,2,3,Top,104.18,158.27,,,,,5.654224199198072,-143.59476811736036,-11.02463644723059,-12.36142638254823,33.68100201419623,-13.121722771823167,3.69,1.69,6.0,108.3,-13.0,98.7,2340,6.3,813060,669224,502671,665862,641857,683011,641355,663757,592450,54.15,0.283,0.249,0.0,1.0,0.0,0.0,2.0,20,4,4-Seam Fastball,0,1,1,0,1,0,1,0,Strategic,Standard,218,0.004,-0.296,81.6,8.2,0.298,0.296,108.3,-1,1,0.4260348898922586,0.5739651101077414,24,26,24,26,2,1,6,1,,4.0,1.14,0.8,0.8,40.0,-2.370120510775837,-6.29363091666458,38.94983106203868,33.8618372253882,32.9034108772948
248,SI,2025-10-08,97.9,-1.6,6.46,"Guerrero Jr., Vladimir",665489,693645,,ball,,,,,12,Ball,D,R,R,NYY,TOR,B,,,1,1,2025,-1.22,1.09,0.93,4.06,,,,2,3,Top,,,,,,,9.615134884584318,-142.24054673059928,-3.45280745315176,-18.818998000432064,32.633547893740115,-16.81475157034645,3.69,1.69,,,,97.7,2127,6.3,813060,669224,502671,665862,641857,683011,641355,663757,592450,54.24,,,,,,,,20,3,Sinker,0,1,1,0,1,0,1,0,Strategic,Standard,206,-0.006,0.053,,,,-0.053,,-1,1,0.4260348898922586,0.5739651101077414,24,26,24,26,2,1,6,1,,4.0,1.3,1.22,1.22,40.9,,,,,
249,SI,2025-10-08,97.9,-1.66,6.35,"Guerrero Jr., Vladimir",665489,693645,,ball,,,,,11,Ball,D,R,R,NYY,TOR,B,,,0,1,2025,-1.17,1.09,-0.08,4.62,,,,2,3,Top,,,,,,,6.986830895732703,-142.3776567750217,-1.6661909813689897,-17.542362631075417,34.727238766212224,-17.238715934163903,3.7,1.69,,,,97.9,2153,6.4,813060,669224,502671,665862,641857,683011,641355,663757,592450,54.06,,,,,,,,20,2,Sinker,0,1,1,0,1,0,1,0,Strategic,Standard,206,-0.006,0.027,,,,-0.027,,-1,1,0.4260348898922586,0.5739651101077414,24,26,24,26,2,1,6,1,,4.0,1.3,1.17,1.17,39.4,,,,,
250,FF,2025-10-08,99.5,-1.66,6.36,"Guerrero Jr., Vladimir",665489,693645,,called_strike,,,,,5,Called Strike,D,R,R,NYY,TOR,S,,,0,0,2025,-0.76,1.18,0.03,2.26,,,,2,3,Top,,,,,,,6.415740773382275,-144.52094984756508,-8.601730930499473,-12.119775229091983,33.9613615093682,-13.854391185492071,3.72,1.56,,,,99.5,2376,6.4,813060,669224,502671,665862,641857,683011,641355,663757,592450,54.07,,,,,,,,20,1,4-Seam Fastball,0,1,1,0,1,0,1,0,Strategic,Standard,218,-0.006,-0.043,,,,0.043,,-1,1,0.4260348898922586,0.5739651101077414,24,26,24,26,2,1,6,1,,4.0,1.14,0.76,0.76,38.8,,,,,
251,CH,2025-10-08,85.6,-2.59,5.08,"Guerrero Jr., Vladimir",665489,642207,walk,ball,,,,,13,Vladimir Guerrero Jr. walks. Nathan Lukes to 2nd.,D,R,R,NYY,TOR,B,,,3,2,2025,-1.76,-0.47,-0.4,0.94,,,664770.0,2,7,Top,,,,,,,8.81962000709657,-124.16370655374456,-2.450856760540137,-20.03913838795225,28.480043595712026,-36.6003989503052,3.65,1.48,,,,86.0,2531,7.1,813060,669224,502671,665862,641857,683011,641355,663757,592450,53.43,,0.691497,0.7,1.0,0.0,0.0,,53,6,Changeup,1,4,4,1,4,1,4,1,Strategic,Standard,279,-0.017,0.24,,,,-0.24,,-3,3,0.1178718980078297,0.8821281019921703,30,26,31,26,1,3,1,1,,4.0,3.63,1.76,1.76,10.7,,,,,
252,CH,2025-10-08,84.5,-2.53,5.15,"Guerrero Jr., Vladimir",665489,642207,,ball,,,,,13,Ball,D,R,R,NYY,TOR,B,,,2,2,2025,-1.58,-0.58,-0.96,1.81,,,664770.0,2,7,Top,,,,,,,6.924291660101765,-122.82256292564976,-0.1476494146706766,-17.35089577817133,26.888505550865148,-38.24009380488366,3.64,1.54,,,,85.4,2651,7.1,813060,669224,502671,665862,641857,683011,641355,663757,592450,53.35,,,,,,,,53,5,Changeup,1,4,4,1,4,1,4,1,Strategic,Standard,280,-0.01,0.079,,,,-0.079,,-3,3,0.1178718980078297,0.8821281019921703,30,26,31,26,1,3,1,1,,4.0,3.81,1.58,1.58,12.3,,,,,
253,CH,2025-10-08,84.6,-2.59,5.12,"Guerrero Jr., Vladimir",665489,642207,,ball,,,,,13,Ball,D,R,R,NYY,TOR,B,,,1,2,2025,-1.66,-0.53,-0.74,0.82,,,664770.0,2,7,Top,,,,,,,7.750321096196204,-122.85212103008222,-2.531458745608948,-18.39511583143918,27.911795935737334,-37.09607465723554,3.71,1.64,,,,85.2,2670,7.1,813060,669224,502671,665862,641857,683011,641355,663757,592450,53.4,,,,,,,,53,4,Changeup,1,4,4,1,4,1,4,1,Strategic,Standard,282,-0.01,0.033,,,,-0.033,,-3,3,0.1178718980078297,0.8821281019921703,30,26,31,26,1,3,1,1,,4.0,3.76,1.66,1.66,10.2,,,,,
254,FS,2025-10-08,92.4,-1.72,6.0,"Guerrero Jr., Vladimir",665489,670280,field_out,hit_into_play,,,,,4,"Vladimir Guerrero Jr. grounds out, third baseman Amed Rosario to first baseman Ben Rice.",D,R,R,NYY,TOR,X,5.0,ground_ball,1,2,2025,-0.73,0.62,-0.33,2.45,,664770.0,,0,9,Top,108.74,168.91,,,,,5.123967878196405,-134.45230325008052,-4.5425473045113725,-9.943179103419864,31.541732699233176,-23.814181157477645,3.69,1.69,7.0,89.0,-20.0,92.3,1804,6.4,813060,669224,700250,665862,642708,683011,641355,663757,592450,54.07,0.086,0.072,0.0,1.0,0.0,0.0,2.0,73,4,Split-Finger,1,5,5,1,5,1,5,1,Standard,Standard,215,0.001,-0.128,80.1,7.5,0.101,0.128,89.0,-4,4,0.0105199311641592,0.9894800688358408,30,26,31,26,1,4,1,1,,4.0,2.06,0.73,0.73,44.9,-2.84047969191158,0.2284691336001867,29.529035325885065,32.00900130974195,33.84196553541845
255,FF,2025-10-08,94.8,-2.51,5.36,"Guerrero Jr., Vladimir",665489,642207,,foul,,,,,3,Foul,D,R,R,NYY,TOR,S,,,1,1,2025,-1.31,1.11,0.4,3.11,,,664770.0,2,7,Top,,,,,,,10.798666397937762,-137.51283899283382,-2.6032291696408496,-19.19805496903308,34.96974394943178,-17.856836153302908,3.69,1.69,266.0,94.5,20.0,96.2,2292,7.6,813060,669224,502671,665862,641857,683011,641355,663757,592450,52.92,,,,,,,,53,3,4-Seam Fastball,1,4,4,1,4,1,4,1,Strategic,Standard,237,-0.01,-0.073,71.0,6.5,,0.073,94.5,-3,3,0.1178718980078297,0.8821281019921703,30,26,31,26,1,3,1,1,,4.0,1.48,1.31,1.31,21.9,-16.014887972469996,23.76687075664033,26.31099972692007,40.653787878255216,20.752123155408253
256,FS,2025-10-08,93.9,-1.59,6.02,"Guerrero Jr., Vladimir",665489,670280,,blocked_ball,,,,,14,Ball In Dirt,D,R,R,NYY,TOR,B,,,0,2,2025,-1.26,0.88,0.72,0.62,,664770.0,,0,9,Top,,,,,,,8.77007559111729,-136.1523028112786,-10.21519014975032,-17.598119965939688,28.642265226923318,-19.109769732726196,3.69,1.51,,,,94.1,1991,6.5,813060,669224,700250,665862,642708,683011,641355,663757,592450,54.01,,,,,,,,73,3,Split-Finger,1,5,5,1,5,1,5,1,Standard,Standard,214,-0.002,0.017,,,,-0.017,,-4,4,0.0105199311641592,0.9894800688358408,30,26,31,26,1,4,1,1,,4.0,1.71,1.26,1.26,41.1,,,,,
257,CH,2025-10-08,84.3,-2.61,5.14,"Guerrero Jr., Vladimir",665489,642207,,ball,,,,,14,Ball,D,R,R,NYY,TOR,B,,,0,1,2025,-1.79,-0.07,1.44,1.06,,,664770.0,2,7,Top,,,,,,,13.14668949836012,-122.01192436465716,-2.9024034477139624,-20.607685304187093,25.769604947658788,-32.42582767068166,3.66,1.48,,,,85.1,2480,7.3,813060,669224,502671,665862,641857,683011,641355,663757,592450,53.24,,,,,,,,53,2,Changeup,1,4,4,1,4,1,4,1,Strategic,Standard,276,-0.01,0.027,,,,-0.027,,-3,3,0.1178718980078297,0.8821281019921703,30,26,31,26,1,3,1,1,,4.0,3.33,1.79,1.79,15.1,,,,,
258,CU,2025-10-08,77.7,-1.72,5.98,"Guerrero Jr., Vladimir",665489,670280,,swinging_strike,,,,,12,Swinging Strike,D,R,R,NYY,TOR,S,,,0,1,2025,0.89,-0.73,1.29,2.71,,664770.0,,0,9,Top,,,,,,,4.79024968531772,-112.94804509079012,1.3202443083523436,6.61204891887031,22.559141393932805,-38.89446004281658,3.69,1.69,,,,77.1,2433,6.1,813060,669224,700250,665862,642708,683011,641355,663757,592450,54.35,,,,,,,,73,2,Curveball,1,5,5,1,5,1,5,1,Standard,Standard,48,-0.002,-0.071,75.7,8.5,,0.071,,-4,4,0.0105199311641592,0.9894800688358408,30,26,31,26,1,4,1,1,,4.0,4.54,-0.89,-0.89,37.4,11.983301283800133,-25.43795163186332,16.604837094254663,48.95703125919038,54.24027988373611
259,CH,2025-10-08,84.0,-2.61,5.19,"Guerrero Jr., Vladimir",665489,642207,,foul,,,,,7,Foul,D,R,R,NYY,TOR,S,,,0,0,2025,-1.83,-0.5,-0.5,1.79,,,664770.0,2,7,Top,,,,,,,8.627921489886436,-121.86812283766044,-0.2749180901778839,-20.03857669232847,30.02486468887145,-37.233822728871885,3.69,1.69,3.0,66.8,-33.0,83.9,2653,7.0,813060,669224,502671,665862,641857,683011,641355,663757,592450,53.52,,,,,,,,53,1,Changeup,1,4,4,1,4,1,4,1,Strategic,Standard,279,-0.01,-0.042,81.9,8.7,,0.042,88.0,-3,3,0.1178718980078297,0.8821281019921703,30,26,31,26,1,3,1,1,,4.0,3.81,1.83,1.83,12.9,17.00354715497039,-33.7134628941535,28.47266850425878,30.124802694274457,57.3322156302996
260,CU,2025-10-08,76.9,-1.75,5.99,"Guerrero Jr., Vladimir",665489,670280,,called_strike,,,,,9,Called Strike,D,R,R,NYY,TOR,S,,,0,0,2025,0.81,-0.9,0.49,2.12,,664770.0,,0,9,Top,,,,,,,3.263884221482866,-111.87681210891834,0.4954372034694074,6.075464196861652,22.783441756082624,-40.00143651738753,3.62,1.69,,,,76.2,2540,6.1,813060,669224,700250,665862,642708,683011,641355,663757,592450,54.44,,,,,,,,73,1,Curveball,1,5,5,1,5,1,5,1,Standard,Standard,44,-0.002,-0.043,,,,0.043,,-4,4,0.0105199311641592,0.9894800688358408,30,26,31,26,1,4,1,1,,4.0,4.8,-0.81,-0.81,41.1,,,,,
261,FC,2025-10-08,92.8,-1.78,6.4,"Guerrero Jr., Vladimir",665489,693645,single,hit_into_play,,,,,12,Vladimir Guerrero Jr. singles on a line drive to right fielder Aaron Judge. George Springer scores.,D,R,R,NYY,TOR,X,9.0,line_drive,0,2,2025,0.52,0.46,1.01,2.81,,543807.0,,1,1,Top,193.88,130.4,,,,,6.000964338974847,-135.08500148313013,-4.439286695794341,5.226301857848912,27.66195158390688,-25.8044256912724,3.69,1.69,180.0,102.4,6.0,93.0,2518,6.2,813060,669224,502671,665862,641857,683011,641355,663757,592450,54.26,0.651,0.621,0.9,1.0,1.0,0.0,4.0,3,3,Cutter,0,0,0,0,1,0,1,0,Strategic,Standard,152,-0.084,0.629,70.9,6.8,0.753,-0.629,102.4,0,0,0.4812505520201492,0.5187494479798508,24,26,24,26,1,0,6,1,,4.0,2.17,-0.52,-0.52,41.7,-11.370250614455252,24.548849320622686,22.517030017152926,46.317422362682336,18.608470962507425
262,FC,2025-10-08,93.2,-1.94,6.29,"Guerrero Jr., Vladimir",665489,693645,,foul_tip,,,,,14,Foul Tip,D,R,R,NYY,TOR,S,,,0,1,2025,0.29,0.66,1.18,2.42,,543807.0,,1,1,Top,,,,,,,7.415886306542875,-135.50097206263538,-5.63849608376726,1.8951488895242337,29.911509171180224,-22.95891321179992,3.69,1.69,,,,93.4,2509,6.5,813060,669224,502671,665862,641857,683011,641355,663757,592450,54.01,,,,,,,,3,2,Cutter,0,0,0,0,0,0,0,0,Strategic,Standard,163,0.0,-0.052,76.1,7.8,,0.052,,0,0,0.4812505520201492,0.5187494479798508,24,26,24,26,1,0,6,1,,4.0,1.97,-0.29,-0.29,37.7,-5.425033857619794,4.83756514308438,27.4543719824466,48.160569078472406,28.899063067204576
263,FF,2025-10-08,97.4,-1.61,6.46,"Guerrero Jr., Vladimir",665489,693645,,called_strike,,,,,3,Called Strike,D,R,R,NYY,TOR,S,,,0,0,2025,-0.46,1.39,0.38,3.42,,543807.0,,1,1,Top,,,,,,,6.417142881166932,-141.55117298515603,-5.800996475635985,-7.688879687563874,34.07703287071422,-12.297927062746192,3.76,1.69,,,,97.2,2313,6.4,813060,669224,502671,665862,641857,683011,641355,663757,592450,54.15,,,,,,,,3,1,4-Seam Fastball,0,0,0,0,0,0,0,0,Strategic,Standard,207,0.0,-0.038,,,,0.038,,0,0,0.4812505520201492,0.5187494479798508,24,26,24,26,1,0,6,1,,4.0,1.02,0.46,0.46,41.6,,,,,
264,FF,2025-10-07,98.3,-1.54,6.02,"Guerrero Jr., Vladimir",665489,670280,field_out,hit_into_play,,,,,6,"Vladimir Guerrero Jr. grounds out, third baseman José Caballero to first baseman Paul Goldschmidt.",D,R,R,NYY,TOR,X,5.0,ground_ball,3,2,2025,-0.84,1.41,0.36,2.37,,,,2,9,Top,108.24,160.8,,,,,7.130279389397402,-142.80592799809136,-7.660458068715998,-13.160558238072891,36.17328567670697,-11.201551049932393,3.67,1.68,20.0,98.2,-6.0,98.3,2376,6.6,813061,669224,502671,665862,676609,683011,641355,663757,592450,53.89,0.277,0.241,0.0,1.0,0.0,0.0,2.0,80,7,4-Seam Fastball,9,6,6,9,6,9,6,9,Strategic,Standard,212,0.004,-0.328,80.3,8.1,0.298,0.328,98.2,3,-3,0.9962837250836992,0.0037162749163008,30,26,31,26,1,4,5,2,1.0,1.0,0.97,0.84,0.84,45.0,5.87090931845487,-11.890249387454077,25.36538814288229,40.64247353345458,37.5686850500492
265,FF,2025-10-07,98.0,-1.62,6.06,"Guerrero Jr., Vladimir",665489,670280,,foul,,,,,4,Foul,D,R,R,NYY,TOR,S,,,3,2,2025,-0.71,1.5,-0.75,2.93,,,,2,9,Top,,,,,,,4.028971436003346,-142.5069574982689,-6.423713279158148,-10.639134795333176,34.66879173716739,-10.43480373875496,3.67,1.68,,,,98.1,2459,6.5,813061,669224,502671,665862,676609,683011,641355,663757,592450,53.96,,,,,,,,80,6,4-Seam Fastball,9,6,6,9,6,9,6,9,Strategic,Standard,213,0.0,0.0,74.1,6.7,,0.0,,3,-3,0.9962837250836992,0.0037162749163008,30,26,31,26,1,4,5,2,1.0,1.0,0.89,0.71,0.71,39.1,-0.9964419824613912,0.2430933202532216,30.472424313458287,24.96444155345252,29.359088530223584
266,FF,2025-10-07,97.9,-1.53,6.01,"Guerrero Jr., Vladimir",665489,670280,,foul_tip,,,,,6,Foul Tip,D,R,R,NYY,TOR,S,,,3,1,2025,-0.43,1.65,0.71,2.81,,,,2,9,Top,,,,,,,7.051143483904832,-142.22355502525932,-6.920332687913312,-7.483422920884759,34.55764245405256,-8.365317446923399,3.67,1.68,,,,97.9,2603,6.5,813061,669224,502671,665862,676609,683011,641355,663757,592450,53.99,,,,,,,,80,5,4-Seam Fastball,9,6,6,9,6,9,6,9,Strategic,Standard,210,0.0,-0.086,83.1,7.7,,0.086,,3,-3,0.9962837250836992,0.0037162749163008,30,26,31,26,1,4,5,2,1.0,1.0,0.75,0.43,0.43,40.3,-3.712189366050998,-0.5029795554190388,23.126780069076325,42.87501693070216,29.004779315573188
267,FF,2025-10-07,94.8,-2.52,5.98,"Guerrero Jr., Vladimir",665489,518585,single,hit_into_play,,,,,4,Vladimir Guerrero Jr. singles on a sharp ground ball to left fielder Cody Bellinger.,D,R,R,NYY,TOR,X,7.0,ground_ball,1,0,2025,-0.52,1.25,-0.41,2.71,,,,2,4,Top,86.45,111.65,,,,,6.699789055395981,-137.8556566444117,-5.6972103794558,-8.096252307190024,31.827049785863224,-15.145067885039854,3.67,1.68,10.0,107.1,-15.0,95.1,2268,6.6,813061,669224,700250,665862,642708,683011,641355,663757,592450,53.89,0.206,0.191,0.9,1.0,1.0,0.0,2.0,37,2,4-Seam Fastball,3,6,6,3,6,3,6,3,Strategic,Standard,214,-0.019,0.288,79.5,7.4,0.206,-0.288,107.1,-3,3,0.2090986090297583,0.7909013909702416,35,26,35,26,1,2,3,2,,1.0,1.3,0.52,0.52,40.1,0.2929823491524963,-5.386574237204102,27.682828946195688,31.94664320064355,34.25105024970774
268,FF,2025-10-07,98.2,-1.74,5.9,"Guerrero Jr., Vladimir",665489,670280,,called_strike,,,,,5,Called Strike,D,R,R,NYY,TOR,S,,,3,0,2025,-0.61,1.56,-0.06,2.75,,,,2,9,Top,,,,,,,5.994523131240903,-142.75078660653568,-6.678715272779828,-9.762077252509378,33.98050166750129,-9.434958773667695,3.67,1.67,,,,98.4,2500,6.6,813061,669224,502671,665862,676609,683011,641355,663757,592450,53.94,,,,,,,,80,4,4-Seam Fastball,9,6,6,9,6,9,6,9,Strategic,Standard,218,0.0,-0.07,,,,0.07,,3,-3,0.9962837250836992,0.0037162749163008,30,26,31,26,1,4,5,2,1.0,1.0,0.81,0.61,0.61,35.8,,,,,
269,FF,2025-10-07,95.0,-2.39,5.96,"Guerrero Jr., Vladimir",665489,518585,,ball,,,,,14,Ball,D,R,R,NYY,TOR,B,,,0,0,2025,-0.45,1.38,0.19,0.2,,,,2,4,Top,,,,,,,7.802183260232483,-137.6051729299912,-12.511400635663833,-7.513029402423362,33.49929531907429,-11.837652117101644,3.67,1.69,,,,95.1,2332,6.8,813061,669224,700250,665862,642708,683011,641355,663757,592450,53.67,,,,,,,,37,1,4-Seam Fastball,3,6,6,3,6,3,6,3,Strategic,Standard,218,-0.012,0.037,,,,-0.037,,-3,3,0.2090986090297583,0.7909013909702416,35,26,35,26,1,2,3,2,,1.0,1.19,0.45,0.45,43.1,,,,,
270,CU,2025-10-07,77.5,-1.87,6.01,"Guerrero Jr., Vladimir",665489,670280,,ball,,,,,1,Ball,D,R,R,NYY,TOR,B,,,2,0,2025,0.66,-0.39,-0.41,3.64,,,,2,9,Top,,,,,,,1.8993788053116816,-112.75665365782103,2.5912488119588013,5.290089385310369,21.195384988796956,-36.18401570704437,3.52,1.76,,,,77.1,2427,6.1,813061,669224,502671,665862,676609,683011,641355,663757,592450,54.44,,,,,,,,80,3,Curveball,9,6,6,9,6,9,6,9,Strategic,Standard,55,0.0,0.121,,,,-0.121,,3,-3,0.9962837250836992,0.0037162749163008,30,26,31,26,1,4,5,2,1.0,1.0,4.19,-0.66,-0.66,36.9,,,,,
271,FF,2025-10-07,97.5,-1.47,6.04,"Guerrero Jr., Vladimir",665489,670280,,ball,,,,,14,Ball,D,R,R,NYY,TOR,B,,,1,0,2025,-0.63,1.66,1.59,1.09,,,,2,9,Top,,,,,,,9.698626682652744,-141.25295908240247,-11.57799129302863,-10.70441008078308,33.05399123864999,-7.419926235239023,3.67,1.73,,,,97.5,2447,6.6,813061,669224,502671,665862,676609,683011,641355,663757,592450,53.89,,,,,,,,80,2,4-Seam Fastball,9,6,6,9,6,9,6,9,Strategic,Standard,213,0.0,0.065,,,,-0.065,,3,-3,0.9962837250836992,0.0037162749163008,30,26,31,26,1,4,5,2,1.0,1.0,0.77,0.63,0.63,40.5,,,,,
272,FF,2025-10-07,98.0,-1.52,6.16,"Guerrero Jr., Vladimir",665489,670280,,ball,,,,,14,Ball,D,R,R,NYY,TOR,B,,,0,0,2025,-0.64,1.65,0.6,0.82,,,,2,9,Top,,,,,,,7.214795817887487,-142.04568778863947,-12.700776633615206,-10.379557383862794,33.89500759379457,-7.046457656352642,3.67,1.64,,,,97.8,2497,6.5,813061,669224,502671,665862,676609,683011,641355,663757,592450,54.01,,,,,,,,80,1,4-Seam Fastball,9,6,6,9,6,9,6,9,Strategic,Standard,207,0.0,0.037,,,,-0.037,,3,-3,0.9962837250836992,0.0037162749163008,30,26,31,26,1,4,5,2,1.0,1.0,0.75,0.64,0.64,44.6,,,,,
273,CH,2025-10-07,83.6,2.15,6.36,"Guerrero Jr., Vladimir",665489,607074,home_run,hit_into_play,,,,,6,Vladimir Guerrero Jr. homers (3) on a fly ball to center field. Davis Schneider scores.,D,R,L,NYY,TOR,X,,fly_ball,2,0,2025,1.2,0.44,0.53,2.54,,,676914.0,1,1,Top,89.03,30.14,,,,,-6.071032638506417,-121.58523678745448,-3.2666632178192114,13.100803270792568,22.665280511482877,-27.350956542573137,3.67,1.68,427.0,110.5,27.0,83.5,1500,6.2,813061,669224,700250,665862,641857,683011,641355,663757,592450,54.34,0.991,2.025,2.0,1.0,0.0,3.0,6.0,3,3,Changeup,0,0,0,0,2,0,2,0,Strategic,Standard,136,-0.175,1.362,85.1,7.9,3.965,-1.362,110.5,0,0,0.4975253340373624,0.5024746659626376,32,26,33,26,1,0,6,2,,1.0,2.81,1.2,-1.2,44.6,2.346198055966349,-6.888238955009393,26.86171867271382,39.99107181795064,40.23602200983166
274,FF,2025-10-07,92.3,1.91,6.49,"Guerrero Jr., Vladimir",665489,607074,,ball,,,,,11,Ball,D,R,L,NYY,TOR,B,,,1,0,2025,0.92,1.48,-1.34,3.21,,,676914.0,1,1,Top,,,,,,,-10.227052783000548,-133.89329150538376,-5.679269928158017,13.37101800644112,30.13943036545442,-13.270993862993766,3.67,1.7,,,,91.7,2337,6.2,813061,669224,700250,665862,641857,683011,641355,663757,592450,54.28,,,,,,,,3,2,4-Seam Fastball,0,0,0,0,0,0,0,0,Strategic,Standard,144,-0.001,0.068,,,,-0.068,,0,0,0.4975253340373624,0.5024746659626376,32,26,33,26,1,0,6,2,,1.0,1.22,0.92,-0.92,49.0,,,,,
275,FF,2025-10-07,93.5,2.1,6.44,"Guerrero Jr., Vladimir",665489,607074,,ball,,,,,14,Ball,D,R,L,NYY,TOR,B,,,0,0,2025,0.98,1.27,1.33,2.71,,,676914.0,1,1,Top,,,,,,,-4.141336671926539,-135.99123770903765,-6.640706984628547,13.047692342359836,30.963757659402276,-15.16312263835447,3.67,1.85,,,,93.1,2339,6.2,813061,669224,700250,665862,641857,683011,641355,663757,592450,54.31,,,,,,,,3,1,4-Seam Fastball,0,0,0,0,0,0,0,0,Strategic,Standard,144,-0.001,0.035,,,,-0.035,,0,0,0.4975253340373624,0.5024746659626376,32,26,33,26,1,0,6,2,,1.0,1.35,0.98,-0.98,53.7,,,,,
276,CH,2025-10-07,85.9,-2.49,5.15,"Guerrero Jr., Vladimir",665489,642207,field_out,hit_into_play,,,,,14,Vladimir Guerrero Jr. pops out to second baseman Jazz Chisholm Jr.,D,R,R,NYY,TOR,X,4.0,popup,3,2,2025,-1.53,-0.21,0.77,1.42,,,,0,7,Top,129.1,130.23,,,,,10.973849455810605,-124.63847674360606,-2.080609314400708,-18.180436060625084,26.67137230674958,-34.158621341022744,3.67,1.68,175.0,66.2,49.0,86.7,2670,7.1,813061,669224,502671,665862,676609,683011,641355,663757,592450,53.38,0.131,0.118,0.0,1.0,0.0,0.0,3.0,62,6,Changeup,9,6,6,9,6,9,6,9,Standard,Standard,279,0.031,-0.345,67.5,8.8,0.136,0.345,88.0,3,-3,0.8934890965969006,0.1065109034030994,30,26,31,26,1,3,6,2,1.0,1.0,3.34,1.53,1.53,13.3,4.656613900426033,-21.50146615513792,26.941257911426963,43.913500324389325,42.21471770227863
277,CH,2025-10-07,87.1,-2.5,5.13,"Guerrero Jr., Vladimir",665489,642207,,ball,,,,,14,Ball,D,R,R,NYY,TOR,B,,,2,2,2025,-1.47,-0.26,1.47,1.13,,,,0,7,Top,,,,,,,12.730172640555669,-126.0857504926207,-2.829204036818441,-18.36984875450036,27.2382414969214,-34.46239872549115,3.67,1.63,,,,87.9,2605,7.2,813061,669224,502671,665862,676609,683011,641355,663757,592450,53.28,,,,,,,,62,5,Changeup,9,6,6,9,6,9,6,9,Standard,Standard,268,0.009,0.112,,,,-0.112,,3,-3,0.8934890965969006,0.1065109034030994,30,26,31,26,1,3,6,2,1.0,1.0,3.31,1.47,1.47,15.4,,,,,
278,FF,2025-10-07,95.1,-2.46,5.48,"Guerrero Jr., Vladimir",665489,642207,,foul,,,,,6,Foul,D,R,R,NYY,TOR,S,,,2,1,2025,-1.12,1.16,0.51,2.88,,,,0,7,Top,,,,,,,10.4901582508406,-138.01056321409507,-3.75758213479847,-16.692541706772317,33.27196753412903,-16.659008151853598,3.67,1.68,196.0,73.8,55.0,96.6,2426,7.5,813061,669224,502671,665862,676609,683011,641355,663757,592450,53.04,,,,,,,,62,4,4-Seam Fastball,9,6,6,9,6,9,6,9,Strategic,Standard,230,0.009,-0.073,81.6,7.4,,0.073,88.0,3,-3,0.8934890965969006,0.1065109034030994,30,26,31,26,1,3,6,2,1.0,1.0,1.39,1.12,1.12,26.9,-3.9458954398421056,9.752731624941609,26.3554205478105,40.84174689318489,25.27909499571001
279,FF,2025-10-07,95.2,-2.46,5.54,"Guerrero Jr., Vladimir",665489,642207,,ball,,,,,11,Ball,D,R,R,NYY,TOR,B,,,1,1,2025,-0.88,1.36,-0.89,4.04,,,,0,7,Top,,,,,,,6.244565043219813,-138.44152952545096,-1.3194695925576942,-12.782279537322736,32.61046315429469,-14.667343237762465,3.67,1.7,,,,96.9,2363,7.4,813061,669224,502671,665862,676609,683011,641355,663757,592450,53.08,,,,,,,,62,3,4-Seam Fastball,9,6,6,9,6,9,6,9,Strategic,Standard,228,0.009,0.055,,,,-0.055,,3,-3,0.8934890965969006,0.1065109034030994,30,26,31,26,1,3,6,2,1.0,1.0,1.17,0.88,0.88,26.6,,,,,
280,FF,2025-10-07,96.1,-2.44,5.45,"Guerrero Jr., Vladimir",665489,642207,,ball,,,,,12,Ball,D,R,R,NYY,TOR,B,,,0,1,2025,-0.95,1.26,0.67,3.82,,,,0,7,Top,,,,,,,10.591513771657857,-139.46718972899285,-1.5313924051998806,-14.892352702575536,33.39148431404485,-15.668428521066051,3.67,1.75,,,,97.5,2407,7.4,813061,669224,502671,665862,676609,683011,641355,663757,592450,53.14,,,,,,,,62,2,4-Seam Fastball,9,6,6,9,6,9,6,9,Strategic,Standard,223,0.009,0.031,,,,-0.031,,3,-3,0.8934890965969006,0.1065109034030994,30,26,31,26,1,3,6,2,1.0,1.0,1.24,0.95,0.95,25.6,,,,,
281,FF,2025-10-07,95.0,-2.42,5.42,"Guerrero Jr., Vladimir",665489,642207,,called_strike,,,,,6,Called Strike,D,R,R,NYY,TOR,S,,,0,0,2025,-1.33,0.96,0.83,2.54,,,,0,7,Top,,,,,,,11.699279238693803,-137.7771522223216,-4.036406074951524,-19.573977466051115,32.60574818247378,-19.153745920388907,3.66,1.78,,,,96.4,2429,7.4,813061,669224,502671,665862,676609,683011,641355,663757,592450,53.07,,,,,,,,62,1,4-Seam Fastball,9,6,6,9,6,9,6,9,Strategic,Standard,232,0.009,-0.039,,,,0.039,,3,-3,0.8934890965969006,0.1065109034030994,30,26,31,26,1,3,6,2,1.0,1.0,1.59,1.33,1.33,23.0,,,,,
282,FF,2025-10-05,90.4,-2.3,5.74,"Guerrero Jr., Vladimir",665489,701542,field_out,hit_into_play,,,,,2,Vladimir Guerrero Jr. flies out to right fielder Aaron Judge.,D,R,R,TOR,NYY,X,9.0,fly_ball,0,1,2025,-0.4,1.32,-0.05,3.33,,,,0,8,Bot,144.65,95.5,,,,,6.491332134382342,-131.450430368159,-2.886071918455269,-5.977483239951986,28.215756720854344,-16.4740348104265,3.68,1.68,263.0,94.2,50.0,90.7,2376,6.6,813062,700250,502671,665862,641857,683011,641355,663757,592450,53.93,0.011,0.016,0.0,1.0,0.0,0.0,3.0,75,2,4-Seam Fastball,13,7,13,7,7,13,13,7,Strategic,Standard,219,0.0,-0.22,79.7,7.1,0.023,0.22,94.2,6,6,0.9978392571995528,0.9978392571995528,26,26,26,26,3,4,9,1,,2.0,1.48,0.4,0.4,33.5,1.8964265479934368,-5.1010336238238985,20.47190834097772,37.38331438052704,34.04595869694949
283,FF,2025-10-05,92.1,-2.26,5.57,"Guerrero Jr., Vladimir",665489,701542,,called_strike,,,,,9,Called Strike,D,R,R,TOR,NYY,S,,,0,0,2025,-0.57,1.24,0.79,2.01,,,,0,8,Bot,,,,,,,9.010222121452813,-133.69723535999768,-5.888242058852536,-8.753928811513104,29.018222896611057,-16.19395890642843,3.74,1.83,,,,92.6,2374,6.7,813062,700250,502671,665862,641857,683011,641355,663757,592450,53.79,,,,,,,,75,1,4-Seam Fastball,13,7,13,7,7,13,13,7,Strategic,Standard,223,0.0,-0.039,,,,0.039,,6,6,0.9978392571995528,0.9978392571995528,26,26,26,26,3,4,9,1,,2.0,1.46,0.57,0.57,31.5,,,,,
284,FF,2025-10-05,91.8,-2.2,5.45,"Guerrero Jr., Vladimir",665489,701542,field_out,hit_into_play,,,,,5,Vladimir Guerrero Jr. flies out to center fielder Trent Grisham.,D,R,R,TOR,NYY,X,8.0,fly_ball,2,2,2025,-0.38,1.38,-0.12,2.49,,,,0,6,Bot,151.02,76.16,,,,,6.159590714692107,-133.5935921294344,-4.7426440333281645,-5.758979158620466,25.60187547537916,-14.726601242290467,3.68,1.68,311.0,97.9,43.0,93.2,2567,6.9,813062,669224,700250,665862,641857,683011,641355,663757,592450,53.63,0.054,0.097,0.0,1.0,0.0,0.0,3.0,54,5,4-Seam Fastball,12,2,12,2,2,12,12,2,Strategic,Standard,217,0.0,-0.232,77.6,7.5,0.18,0.232,97.9,10,10,0.9991438476614442,0.9991438476614442,26,26,26,26,2,3,9,1,,2.0,1.3,0.38,0.38,26.8,0.3255362099742115,-7.100474571129594,32.623792163732084,35.04072200231878,35.35913114940022
285,ST,2025-10-05,83.2,-2.41,5.46,"Guerrero Jr., Vladimir",665489,701542,,foul,,,,,8,Foul,D,R,R,TOR,NYY,S,,,2,1,2025,1.07,0.3,-0.28,2.01,,,,0,6,Bot,,,,,,,2.815625081371113,-121.2407080428429,-2.0642786630167422,9.945525080006286,24.22308513902341,-29.01337281214157,3.68,1.68,,,,83.5,2863,6.5,813062,669224,700250,665862,641857,683011,641355,663757,592450,54.03,,,,,,,,54,4,Sweeper,12,2,12,2,2,12,12,2,Strategic,Standard,62,0.0,-0.073,77.3,8.0,,0.073,,10,10,0.9991438476614442,0.9991438476614442,26,26,26,26,2,3,9,1,,2.0,2.99,-1.07,-1.07,27.5,15.58531937306471,-22.376911767192947,27.15916754737376,32.54695922971967,43.6542011436335
286,FF,2025-10-05,91.5,-2.36,5.4,"Guerrero Jr., Vladimir",665489,701542,,ball,,,,,14,Ball,D,R,R,TOR,NYY,B,,,1,1,2025,-0.33,1.38,1.35,2.43,,,,0,6,Bot,,,,,,,10.167885567555196,-132.9377832171621,-4.67608851912208,-5.951506121406383,25.797924764774866,-14.864675612699482,3.72,1.68,,,,92.5,2549,6.8,813062,669224,700250,665862,641857,683011,641355,663757,592450,53.74,,,,,,,,54,3,4-Seam Fastball,12,2,12,2,2,12,12,2,Strategic,Standard,219,0.0,0.055,,,,-0.055,,10,10,0.9991438476614442,0.9991438476614442,26,26,26,26,2,3,9,1,,2.0,1.33,0.33,0.33,30.1,,,,,
287,SI,2025-10-05,91.6,-2.36,5.49,"Guerrero Jr., Vladimir",665489,701542,,ball,,,,,13,Ball,D,R,R,TOR,NYY,B,,,0,1,2025,-1.29,0.42,-1.28,2.01,,,,0,6,Bot,,,,,,,5.550521141462775,-133.35483000749835,-3.865265924900456,-16.613991589742835,28.044693918808942,-26.48776033066697,3.72,1.73,,,,92.3,2280,6.6,813062,669224,700250,665862,641857,683011,641355,663757,592450,53.86,,,,,,,,54,2,Sinker,12,2,12,2,2,12,12,2,Strategic,Standard,236,0.0,0.031,,,,-0.031,,10,10,0.9991438476614442,0.9991438476614442,26,26,26,26,2,3,9,1,,2.0,2.28,1.29,1.29,28.3,,,,,
288,SI,2025-10-05,91.4,-2.16,5.6,"Guerrero Jr., Vladimir",665489,701542,,called_strike,,,,,3,Called Strike,D,R,R,TOR,NYY,S,,,0,0,2025,-1.21,0.51,0.28,3.44,,,,0,6,Bot,,,,,,,8.810902858383972,-132.8471728951539,-0.6587246022907072,-16.21217089515906,27.34888861900067,-26.17258374086421,3.76,1.75,,,,92.1,2390,6.7,813062,669224,700250,665862,641857,683011,641355,663757,592450,53.8,,,,,,,,54,1,Sinker,12,2,12,2,2,12,12,2,Strategic,Standard,227,0.0,-0.039,,,,0.039,,10,10,0.9991438476614442,0.9991438476614442,26,26,26,26,2,3,9,1,,2.0,2.21,1.21,1.21,29.4,,,,,
289,FC,2025-10-05,97.4,1.19,5.79,"Guerrero Jr., Vladimir",665489,608331,single,hit_into_play,,,,,5,Vladimir Guerrero Jr. singles on a line drive to center fielder Trent Grisham. Davis Schneider to 3rd.,D,R,L,TOR,NYY,X,8.0,line_drive,0,0,2025,0.05,0.51,-0.24,2.39,,,676914.0,1,3,Bot,151.77,91.39,,,,,-3.979067442533925,-141.9308800096677,-4.8743291674198,1.4800881142022313,28.829884008343345,-24.43653168489085,3.68,1.68,214.0,89.5,12.0,98.5,2427,6.6,813062,669224,700250,665862,641857,683011,641355,663757,592450,53.9,0.811,0.764,0.9,1.0,1.0,0.0,4.0,22,1,Cutter,2,0,2,0,0,2,2,0,Strategic,Standard,156,0.051,0.406,77.2,7.1,0.944,-0.406,89.5,2,2,0.7659232071922555,0.7659232071922555,31,26,31,26,2,1,5,1,,2.0,1.87,0.05,-0.05,46.4,-10.411557028927984,9.734445358385305,31.051808435553333,34.27959121759596,23.77961998582369
290,FF,2025-10-05,95.8,-2.44,5.57,"Guerrero Jr., Vladimir",665489,701542,home_run,hit_into_play,,,,,4,Vladimir Guerrero Jr. hits a grand slam (2) to left field. Andrés Giménez scores. Myles Straw scores. George Springer scores.,D,R,R,TOR,NYY,X,,fly_ball,2,1,2025,-0.67,1.33,-0.79,2.85,665926.0,664702.0,543807.0,1,4,Bot,26.73,62.63,,,,,5.939405961937716,-139.30120343764207,-4.629950217505804,-10.097845915253354,31.57122324949927,-13.968445103033837,3.68,1.68,415.0,110.7,25.0,96.7,2708,6.9,813062,669224,700250,665862,641857,683011,641355,663757,592450,53.63,0.986,1.979,2.0,1.0,0.0,3.0,6.0,34,4,4-Seam Fastball,5,0,5,0,0,9,9,0,Standard,Standard,224,0.031,0.899,77.6,7.7,3.854,-0.899,110.7,5,5,0.964035430011283,0.964035430011283,26,26,26,26,1,2,9,1,,2.0,1.16,0.67,0.67,29.9,9.460088859385468,-18.086232763633184,30.723898276464336,27.956212077435204,38.52637669855578
291,SI,2025-10-05,96.4,-2.31,5.56,"Guerrero Jr., Vladimir",665489,701542,,called_strike,,,,,5,Called Strike,D,R,R,TOR,NYY,S,,,2,0,2025,-1.3,0.42,0.09,3.11,665926.0,664702.0,543807.0,1,4,Bot,,,,,,,9.384247735182845,-139.93253388726868,-1.8301523984437,-19.25143950970633,35.071927811640606,-26.492283131643617,3.76,1.74,,,,96.5,2634,6.7,813062,669224,700250,665862,641857,683011,641355,663757,592450,53.75,,,,,,,,34,3,Sinker,5,0,5,0,0,5,5,0,Standard,Standard,214,0.004,-0.013,,,,0.013,,5,5,0.964035430011283,0.964035430011283,26,26,26,26,1,2,9,1,,2.0,2.07,1.3,1.3,29.3,,,,,
292,SI,2025-10-05,95.8,-2.28,5.53,"Guerrero Jr., Vladimir",665489,701542,,ball,,,,,14,Ball,D,R,R,TOR,NYY,B,,,1,0,2025,-1.69,0.21,0.14,1.51,665926.0,664702.0,543807.0,1,4,Bot,,,,,,,10.26080619925662,-138.9458987717667,-5.380875695709494,-24.27758334259613,36.34078724302556,-28.303512731164936,3.78,1.74,,,,95.7,2483,6.8,813062,669224,700250,665862,641857,683011,641355,663757,592450,53.73,,,,,,,,34,2,Sinker,5,0,5,0,0,5,5,0,Standard,Standard,227,0.004,0.034,,,,-0.034,,5,5,0.964035430011283,0.964035430011283,26,26,26,26,1,2,9,1,,2.0,2.33,1.69,1.69,27.8,,,,,
293,ST,2025-10-05,86.2,-2.32,5.56,"Guerrero Jr., Vladimir",665489,701542,,ball,,,,,14,Ball,D,R,R,TOR,NYY,B,,,0,0,2025,1.56,-0.06,1.93,1.09,665926.0,664702.0,543807.0,1,4,Bot,,,,,,,6.987986476486372,-125.18897760294038,-4.175016595793721,14.502385750470223,29.89322705214276,-32.05838860427704,3.88,1.78,,,,86.3,3137,6.9,813062,669224,700250,665862,641857,683011,641355,663757,592450,53.63,,,,,,,,34,1,Sweeper,5,0,5,0,0,5,5,0,Standard,Standard,52,0.004,0.038,,,,-0.038,,5,5,0.964035430011283,0.964035430011283,26,26,26,26,1,2,9,1,,2.0,3.19,-1.56,-1.56,30.8,,,,,
294,SI,2025-10-05,98.9,1.18,5.91,"Guerrero Jr., Vladimir",665489,608331,single,hit_into_play,,,,,9,Vladimir Guerrero Jr. singles on a ground ball to second baseman Jazz Chisholm Jr. Davis Schneider to 2nd.,D,R,L,TOR,NYY,X,4.0,ground_ball,1,1,2025,1.13,0.32,0.64,2.0,,,676914.0,1,1,Bot,136.3,158.17,,,,,-4.117972425464226,-143.96955052175636,-6.052090481582006,16.63111218639633,31.758712163332337,-26.53338614962249,3.68,1.68,1.0,,-71.0,99.7,2277,6.6,813062,669224,700250,665862,641857,683011,641355,663757,592450,53.9,,,0.9,,1.0,0.0,,7,3,Sinker,0,0,0,0,0,0,0,0,Strategic,Standard,142,0.034,0.427,75.9,6.9,,-0.427,,0,0,0.5505129551270388,0.5505129551270388,31,26,31,26,1,0,5,1,,2.0,2.0,1.13,-1.13,43.0,-12.593424924506552,20.29138564041181,29.235121394277485,43.20013920935811,17.19545016669255
295,SI,2025-10-05,97.8,1.12,5.9,"Guerrero Jr., Vladimir",665489,608331,,called_strike,,,,,8,Called Strike,D,R,L,TOR,NYY,S,,,1,0,2025,1.16,0.4,0.25,1.57,,,676914.0,1,1,Bot,,,,,,,-5.053275693543845,-142.23696850107197,-7.174043093488649,16.922700691258324,30.6843098653566,-25.33934476935488,3.75,1.53,,,,98.6,2154,6.6,813062,669224,700250,665862,641857,683011,641355,663757,592450,53.89,,,,,,,,7,2,Sinker,0,0,0,0,0,0,0,0,Strategic,Standard,146,-0.001,-0.056,,,,0.056,,0,0,0.5505129551270388,0.5505129551270388,31,26,31,26,1,0,5,1,,2.0,1.97,1.16,-1.16,42.4,,,,,
296,SI,2025-10-05,97.5,1.17,5.89,"Guerrero Jr., Vladimir",665489,608331,,ball,,,,,13,Ball,D,R,L,TOR,NYY,B,,,0,0,2025,0.68,0.41,-0.33,1.01,,,676914.0,1,1,Bot,,,,,,,-5.639137975183437,-141.81308577163284,-8.605551349801274,10.398113670019782,30.85919566952834,-24.961664962378222,3.79,1.73,,,,98.3,2081,6.6,813062,669224,700250,665862,641857,683011,641355,663757,592450,53.86,,,,,,,,7,1,Sinker,0,0,0,0,0,0,0,0,Strategic,Standard,142,-0.001,0.035,,,,-0.035,,0,0,0.5505129551270388,0.5505129551270388,31,26,31,26,1,0,5,1,,2.0,1.98,0.68,-0.68,40.8,,,,,
297,FF,2025-10-04,97.2,-2.69,5.69,"Guerrero Jr., Vladimir",665489,661563,single,hit_into_play,,,,,9,Vladimir Guerrero Jr. singles on a line drive to right fielder Aaron Judge.,D,R,R,TOR,NYY,X,9.0,line_drive,1,2,2025,0.14,1.02,0.82,2.28,,,,2,3,Bot,162.14,91.42,,,,,9.122645413836995,-141.1905893600389,-5.98741529048311,-0.0862827381663741,31.204819718282693,-17.360745832742335,3.68,1.68,219.0,88.9,12.0,98.0,2515,6.7,813063,669224,700250,665862,641857,683011,641355,663757,592450,53.75,0.806,0.766,0.9,1.0,1.0,0.0,4.0,22,4,4-Seam Fastball,2,0,2,0,0,2,2,0,Strategic,Standard,194,0.017,0.403,78.9,7.9,0.945,-0.403,88.9,2,2,0.7370810438988974,0.7370810438988974,27,26,27,26,2,1,6,6,,1.0,1.4,-0.14,-0.14,36.9,-2.1885082367858115,-1.5215238294306537,28.524878034376957,47.50004431939384,29.481761374833678
298,SL,2025-10-04,88.4,-2.71,5.65,"Guerrero Jr., Vladimir",665489,661563,,ball,,,,,14,Ball,D,R,R,TOR,NYY,B,,,0,2,2025,0.85,0.15,1.49,2.44,,,,2,3,Bot,,,,,,,8.52710550555613,-128.52647183439643,-2.1207769753580186,7.864280625942362,24.620978106921147,-30.28544256078152,3.47,1.68,,,,89.4,2628,6.8,813063,669224,700250,665862,641857,683011,641355,663757,592450,53.73,,,,,,,,22,3,Slider,2,0,2,0,0,2,2,0,Strategic,Standard,104,0.009,0.022,,,,-0.022,,2,2,0.7370810438988974,0.7370810438988974,27,26,27,26,2,1,6,6,,1.0,2.75,-0.85,-0.85,39.8,,,,,
299,FF,2025-10-04,95.8,-2.69,5.76,"Guerrero Jr., Vladimir",665489,661563,,foul,,,,,9,Foul,D,R,R,TOR,NYY,S,,,0,1,2025,0.04,1.33,0.44,1.81,,,,2,3,Bot,,,,,,,8.238450444359245,-139.16020887553884,-7.90005965240944,-1.307716071483367,30.028733740812672,-13.254738141524896,3.68,1.68,198.0,71.3,54.0,96.7,2526,6.8,813063,669224,700250,665862,641857,683011,641355,663757,592450,53.69,,,,,,,,22,2,4-Seam Fastball,2,0,2,0,0,2,2,0,Strategic,Standard,200,0.009,-0.057,75.4,7.9,,0.057,88.0,2,2,0.7370810438988974,0.7370810438988974,27,26,27,26,2,1,6,6,,1.0,1.15,-0.04,-0.04,41.0,-7.100902450239152,-8.245588926211687,35.28536763785689,41.61091562650893,32.057937986325854
300,FF,2025-10-04,96.6,-2.76,5.63,"Guerrero Jr., Vladimir",665489,661563,,called_strike,,,,,9,Called Strike,D,R,R,TOR,NYY,S,,,0,0,2025,-0.02,1.15,0.82,1.94,,,,2,3,Bot,,,,,,,9.685083759283344,-140.22346527705238,-6.962319760046884,-2.3760697628211576,30.511846259826545,-15.549666784317282,3.68,1.7,,,,97.8,2386,7.0,813063,669224,700250,665862,641857,683011,641355,663757,592450,53.46,,,,,,,,22,1,4-Seam Fastball,2,0,2,0,0,2,2,0,Strategic,Standard,201,0.009,-0.043,,,,0.043,,2,2,0.7370810438988974,0.7370810438988974,27,26,27,26,2,1,6,6,,1.0,1.3,0.02,0.02,38.9,,,,,
301,FC,2025-10-04,90.6,-1.86,5.85,"Guerrero Jr., Vladimir",665489,621112,single,hit_into_play,,,,,12,Vladimir Guerrero Jr. singles on a line drive to right fielder Aaron Judge. Nathan Lukes to 2nd.,D,R,R,TOR,NYY,X,9.0,line_drive,3,1,2025,0.39,0.43,0.95,3.17,,,664770.0,2,8,Bot,171.84,119.15,,,,,6.175296164884055,-131.8143900939398,-1.6972383414680468,3.331379872522076,27.22873782913578,-26.98319815986307,3.68,1.68,197.0,75.0,16.0,90.7,2426,6.3,813063,669224,700250,665862,676609,683011,641355,663757,592450,54.22,0.717,0.646,0.9,1.0,1.0,0.0,4.0,70,5,Cutter,10,1,10,1,1,10,10,1,Strategic,Standard,163,-0.001,0.228,78.7,7.4,0.758,-0.228,88.0,9,9,0.999820187045124,0.999820187045124,31,26,32,26,1,4,7,6,,1.0,2.34,-0.39,-0.39,47.2,3.4825435181863345,9.495530838415217,15.580685948917,48.96101112607517,27.154474250605222
302,SI,2025-10-04,93.4,-1.81,5.86,"Guerrero Jr., Vladimir",665489,621112,,called_strike,,,,,9,Called Strike,D,R,R,TOR,NYY,S,,,3,0,2025,-0.96,0.71,0.66,2.26,,,664770.0,2,8,Bot,,,,,,,8.460849135410944,-135.70048446659857,-5.086397184398057,-13.68473109471421,29.463682015580662,-22.436213150793908,3.68,1.68,,,,93.4,2025,6.3,813063,669224,700250,665862,676609,683011,641355,663757,592450,54.15,,,,,,,,70,4,Sinker,10,1,10,1,1,10,10,1,Strategic,Standard,207,-0.001,-0.048,,,,0.048,,9,9,0.999820187045124,0.999820187045124,31,26,32,26,1,4,7,6,,1.0,1.91,0.96,0.96,45.9,,,,,
303,FC,2025-10-04,89.6,-1.81,5.92,"Guerrero Jr., Vladimir",665489,621112,,ball,,,,,12,Ball,D,R,R,TOR,NYY,B,,,2,0,2025,0.48,0.38,1.06,2.87,,,664770.0,2,8,Bot,,,,,,,6.09626968837673,-130.34859142695396,-2.366515884646232,4.195805304053873,26.80426146028726,-27.510335875075945,3.68,1.68,,,,89.9,2485,6.4,813063,669224,700250,665862,676609,683011,641355,663757,592450,54.09,,,,,,,,70,3,Cutter,10,1,10,1,1,10,10,1,Strategic,Standard,170,-0.001,0.083,,,,-0.083,,9,9,0.999820187045124,0.999820187045124,31,26,32,26,1,4,7,6,,1.0,2.45,-0.48,-0.48,51.0,,,,,
304,SI,2025-10-04,92.8,-1.71,5.92,"Guerrero Jr., Vladimir",665489,621112,,ball,,,,,12,Ball,D,R,R,TOR,NYY,B,,,1,0,2025,-0.93,0.77,1.34,2.75,,,664770.0,2,8,Bot,,,,,,,9.849103546341734,-134.75584864526223,-3.994653977010103,-13.504126691765627,29.25441174753483,-22.109569722336964,3.68,1.68,,,,92.9,1976,6.5,813063,669224,700250,665862,676609,683011,641355,663757,592450,54.05,,,,,,,,70,2,Sinker,10,1,10,1,1,10,10,1,Strategic,Standard,201,-0.001,0.048,,,,-0.048,,9,9,0.999820187045124,0.999820187045124,31,26,32,26,1,4,7,6,,1.0,1.89,0.93,0.93,48.3,,,,,
305,SI,2025-10-04,94.0,-1.8,5.91,"Guerrero Jr., Vladimir",665489,621112,,ball,,,,,12,Ball,D,R,R,TOR,NYY,B,,,0,0,2025,-1.1,0.77,0.51,4.78,,,664770.0,2,8,Bot,,,,,,,8.419970050541059,-136.62015822346797,1.0995967770775286,-15.655528979605355,29.448092015930204,-22.97787625322021,3.68,1.7,,,,94.0,1908,6.3,813063,669224,700250,665862,676609,683011,641355,663757,592450,54.18,,,,,,,,70,1,Sinker,10,1,10,1,1,10,10,1,Strategic,Standard,210,-0.001,0.035,,,,-0.035,,9,9,0.999820187045124,0.999820187045124,31,26,32,26,1,4,7,6,,1.0,1.81,1.1,1.1,47.3,,,,,
306,FF,2025-10-04,94.7,-2.3,5.82,"Guerrero Jr., Vladimir",665489,518585,sac_fly,hit_into_play,,,,,4,Vladimir Guerrero Jr. out on a sacrifice fly to center fielder Trent Grisham. George Springer scores. Nathan Lukes to 3rd.,D,R,R,TOR,NYY,X,8.0,fly_ball,3,0,2025,-0.5,1.59,-0.39,2.8,543807.0,664770.0,,1,7,Bot,157.4,74.58,,,,,6.21266924750635,-137.81959766268264,-5.883682207723126,-7.7216841356033585,28.744675916672325,-10.706509549662762,3.68,1.68,318.0,96.7,40.0,96.4,2304,7.1,813063,669224,700250,665862,676609,683011,641355,663757,592450,53.4,0.051,0.092,0.0,1.0,0.0,0.0,3.0,57,4,4-Seam Fastball,5,1,5,1,1,6,6,1,Strategic,Standard,210,0.006,-0.267,83.7,7.5,0.181,0.267,96.7,4,4,0.9813993538181632,0.9813993538181632,35,26,35,26,1,3,3,6,3.0,1.0,0.93,0.5,0.5,42.8,3.783528032453579,-9.550805719891866,26.75905116177969,32.40704346022841,34.18281028898906
307,SL,2025-10-04,88.8,-1.29,5.45,"Guerrero Jr., Vladimir",665489,666808,field_out,hit_into_play,,,,,8,Vladimir Guerrero Jr. flies out to left fielder Cody Bellinger.,D,R,R,TOR,NYY,X,7.0,fly_ball,2,2,2025,1.03,-0.23,-0.25,2.11,,,,0,6,Bot,78.55,104.75,,,,,0.4117581480871193,-129.38819251336193,-1.661101920013357,11.433008641445516,27.39409116917713,-34.65744631127536,3.68,1.68,262.0,88.9,47.0,89.1,2803,6.4,813063,669224,700250,665862,641857,683011,641355,663757,592450,54.09,0.001,0.0,0.0,1.0,0.0,0.0,3.0,44,5,Slider,2,1,2,1,1,2,2,1,Strategic,Standard,60,-0.015,-0.232,81.3,8.3,0.001,0.232,88.9,1,1,0.7401786041492516,0.7401786041492516,27,26,28,26,1,2,8,6,3.0,1.0,3.12,-1.03,-1.03,19.5,7.240097741069853,-27.207472438165468,29.517324641202105,32.94636658176843,47.22890307758397
308,FF,2025-10-04,95.9,-2.19,5.86,"Guerrero Jr., Vladimir",665489,518585,,blocked_ball,,,,,13,Ball In Dirt,D,R,R,TOR,NYY,B,,,2,0,2025,-0.79,1.32,-0.21,0.69,543807.0,664770.0,,1,7,Bot,,,,,,,7.106327713976768,-139.06364711821607,-11.12360624660197,-11.914304482152737,32.68869548018909,-12.64836519469985,3.62,1.68,,,,96.7,2360,7.0,813063,669224,700250,665862,676609,683011,641355,663757,592450,53.48,,,,,,,,57,3,4-Seam Fastball,5,1,5,1,1,5,5,1,Strategic,Standard,211,0.002,0.029,,,,-0.029,,4,4,0.9813993538181632,0.9813993538181632,35,26,35,26,1,3,3,6,3.0,1.0,1.19,0.79,0.79,42.5,,,,,
309,SL,2025-10-04,83.1,-2.34,5.72,"Guerrero Jr., Vladimir",665489,518585,,ball,,,,,14,Ball,D,R,R,TOR,NYY,B,,,1,0,2025,0.76,0.0,1.52,1.86,543807.0,664770.0,,1,7,Bot,,,,,,,7.445466299220643,-120.84605720193652,-2.357570074179856,5.886179812088986,24.663193752049064,-31.901852974625747,3.66,1.68,,,,84.1,2818,7.1,813063,669224,700250,665862,676609,683011,641355,663757,592450,53.42,,,,,,,,57,2,Slider,5,1,5,1,1,5,5,1,Strategic,Standard,54,0.002,0.012,,,,-0.012,,4,4,0.9813993538181632,0.9813993538181632,35,26,35,26,1,3,3,6,3.0,1.0,3.32,-0.76,-0.76,46.7,,,,,
310,FC,2025-10-04,95.9,-1.57,5.14,"Guerrero Jr., Vladimir",665489,666808,,swinging_strike,,,,,6,Swinging Strike,D,R,R,TOR,NYY,S,,,2,1,2025,-0.3,0.63,0.58,2.71,,,,0,6,Bot,,,,,,,6.393359480502064,-139.5781248233821,-2.2476209803441014,-5.316313901264807,30.92080931497176,-23.598458442414284,3.68,1.68,,,,96.5,2465,6.6,813063,669224,700250,665862,641857,683011,641355,663757,592450,53.92,,,,,,,,44,4,Cutter,2,1,2,1,1,2,2,1,Strategic,Standard,203,0.006,-0.073,80.9,8.5,,0.073,,1,1,0.7401786041492516,0.7401786041492516,27,26,28,26,1,2,8,6,3.0,1.0,1.84,0.3,0.3,13.2,9.766973810788498,-24.21235007913701,19.539684463506152,43.935435529299625,46.086364557010285
311,SL,2025-10-04,87.8,-1.3,5.42,"Guerrero Jr., Vladimir",665489,666808,,ball,,,,,13,Ball,D,R,R,TOR,NYY,B,,,1,1,2025,0.69,-0.15,-0.91,2.62,,,,0,6,Bot,,,,,,,-0.4884692358231585,-128.00069028778393,-0.3727977434645541,7.672553524375485,25.53603115406868,-34.003061399106315,3.61,1.68,,,,88.0,2720,6.3,813063,669224,700250,665862,641857,683011,641355,663757,592450,54.23,,,,,,,,44,3,Slider,2,1,2,1,1,2,2,1,Strategic,Standard,76,0.006,0.055,,,,-0.055,,1,1,0.7401786041492516,0.7401786041492516,27,26,28,26,1,2,8,6,3.0,1.0,3.09,-0.69,-0.69,18.9,,,,,
312,FF,2025-10-04,94.9,-2.37,5.78,"Guerrero Jr., Vladimir",665489,518585,,ball,,,,,14,Ball,D,R,R,TOR,NYY,B,,,0,0,2025,-0.71,1.33,0.43,0.82,543807.0,664770.0,,1,7,Bot,,,,,,,9.016990280835476,-137.53821836376557,-10.35912110248134,-11.101612800027606,32.36372175839335,-13.041775334893186,3.64,1.68,,,,95.8,2243,7.2,813063,669224,700250,665862,676609,683011,641355,663757,592450,53.32,,,,,,,,57,1,4-Seam Fastball,5,1,5,1,1,5,5,1,Strategic,Standard,216,0.002,0.03,,,,-0.03,,4,4,0.9813993538181632,0.9813993538181632,35,26,35,26,1,3,3,6,3.0,1.0,1.23,0.71,0.71,41.8,,,,,
313,FC,2025-10-04,96.7,-1.63,5.13,"Guerrero Jr., Vladimir",665489,666808,,called_strike,,,,,4,Called Strike,D,R,R,TOR,NYY,S,,,1,0,2025,-0.67,0.53,-0.57,2.54,,,,0,6,Bot,,,,,,,4.355354518308101,-140.77443407432926,-2.562162048687589,-9.884830918632224,31.099266830060703,-24.786242394100363,3.64,1.68,,,,97.1,2366,6.4,813063,669224,700250,665862,641857,683011,641355,663757,592450,54.08,,,,,,,,44,2,Cutter,2,1,2,1,1,2,2,1,Strategic,Standard,220,0.006,-0.05,,,,0.05,,1,1,0.7401786041492516,0.7401786041492516,27,26,28,26,1,2,8,6,3.0,1.0,1.9,0.67,0.67,10.3,,,,,
314,FC,2025-10-04,95.8,-1.51,5.37,"Guerrero Jr., Vladimir",665489,666808,,ball,,,,,11,Ball,D,R,R,TOR,NYY,B,,,0,0,2025,-0.69,0.88,-0.65,4.16,,,,0,6,Bot,,,,,,,3.8207380656895062,-139.50004594289933,0.4190713553671716,-9.870162750283756,30.619312309862654,-21.00007703877741,3.65,1.68,,,,95.7,2473,6.1,813063,669224,700250,665862,641857,683011,641355,663757,592450,54.37,,,,,,,,44,1,Cutter,2,1,2,1,1,2,2,1,Strategic,Standard,215,0.006,0.041,,,,-0.041,,1,1,0.7401786041492516,0.7401786041492516,27,26,28,26,1,2,8,6,3.0,1.0,1.6,0.69,0.69,17.3,,,,,
315,CH,2025-10-04,90.3,-3.05,5.02,"Guerrero Jr., Vladimir",665489,661563,home_run,hit_into_play,,,,,4,Vladimir Guerrero Jr. homers (1) on a fly ball to left field.,D,R,R,TOR,NYY,X,,fly_ball,2,1,2025,-1.18,0.5,-0.62,2.56,,,,2,1,Bot,44.88,74.46,,,,,8.639122779534416,-131.3011043677044,-1.2892270659299108,-15.446107374854488,25.156350435953733,-26.30771455747331,3.68,1.68,369.0,101.2,37.0,91.5,1625,6.8,813063,669224,700250,665862,641857,683011,641355,663757,592450,53.68,0.283,0.56,2.0,1.0,0.0,3.0,5.0,7,4,Changeup,0,0,0,0,0,1,1,0,Strategic,Standard,218,0.107,2.559,81.3,7.6,1.101,-2.559,101.2,0,0,0.5103018082716771,0.5103018082716771,27,26,27,26,1,0,6,6,,1.0,2.28,1.18,1.18,25.9,3.7080049356742095,-20.73184187570521,25.746025578179424,28.293480495415107,41.779269033668655
316,CH,2025-10-04,92.2,-2.86,4.97,"Guerrero Jr., Vladimir",665489,661563,,ball,,,,,14,Ball,D,R,R,TOR,NYY,B,,,1,1,2025,-1.33,0.37,0.59,0.92,,,,2,1,Bot,,,,,,,11.779485476055331,-133.7848550525056,-5.331522678373386,-18.44300020958308,26.465191753189995,-26.78525532114468,3.68,1.71,,,,93.5,1686,7.0,813063,669224,700250,665862,641857,683011,641355,663757,592450,53.49,,,,,,,,7,3,Changeup,0,0,0,0,0,0,0,0,Strategic,Standard,225,0.0,0.053,,,,-0.053,,0,0,0.5103018082716771,0.5103018082716771,27,26,27,26,1,0,6,6,,1.0,2.31,1.33,1.33,22.0,,,,,
317,SL,2025-10-04,85.2,-2.78,5.63,"Guerrero Jr., Vladimir",665489,661563,,foul,,,,,1,Foul,D,R,R,TOR,NYY,S,,,1,0,2025,0.52,0.67,-0.37,3.07,,,,2,1,Bot,,,,,,,4.66773904819566,-124.11479559535616,-1.1177737157281895,4.601947688907169,22.199855508861,-25.231633728744267,3.68,1.68,,,,86.5,2353,6.8,813063,669224,700250,665862,641857,683011,641355,663757,592450,53.65,,,,,,,,7,2,Slider,0,0,0,0,0,0,0,0,Strategic,Standard,90,0.0,-0.054,79.0,6.9,,0.054,,0,0,0.5103018082716771,0.5103018082716771,27,26,27,26,1,0,6,6,,1.0,2.44,-0.52,-0.52,37.5,1.4229703905237858,2.1849629215384123,24.764699593356987,31.44957745855413,33.73003604043235
318,FF,2025-10-04,95.8,-2.73,5.81,"Guerrero Jr., Vladimir",665489,661563,,ball,,,,,12,Ball,D,R,R,TOR,NYY,B,,,0,0,2025,-0.22,1.38,0.19,4.17,,,,2,1,Bot,,,,,,,8.244538099698959,-139.3791027436395,-1.8570536688139831,-4.659307131274212,29.88020375267082,-13.936773474523806,3.68,1.69,,,,96.6,2480,6.7,813063,669224,700250,665862,641857,683011,641355,663757,592450,53.84,,,,,,,,7,1,4-Seam Fastball,0,0,0,0,0,0,0,0,Strategic,Standard,193,0.0,0.037,,,,-0.037,,0,0,0.5103018082716771,0.5103018082716771,27,26,27,26,1,0,6,6,,1.0,1.1,0.22,0.22,41.3,,,,,
