{
"type": "FeatureCollection",
"name": "nia_neighbourhoods_clean",
"crs": { "type": "name", "properties": { "name": "urn:ogc:def:crs:OGC:1.3:CRS84" } },
"features": [
{ "type": "Feature", "properties": { "_id": 1, "AREA_ID": 2502359.0, "DATE_EFFECTIVE": "2022-04-11T21:27:23", "DATE_EXPIRY": "3000/01/01 05:00:00", "AREA_ATTR_ID": 26022874.0, "AREA_TYPE_ID": 602.0, "PARENT_AREA_ID": null, "AREA_TYPE": "CNBH", "AREA_CLASS_ID": null, "AREA_CLASS": "None", "AREA_SHORT_CODE": "155", "AREA_LONG_CODE": "155", "AREA_NAME": "Downsview", "AREA_DESC": "Downsview (155)", "FEATURE_CODE": null, "FEATURE_CODE_DESC": "None", "TRANS_ID_CREATE": 344709.0, "TRANS_ID_EXPIRE": -1.0, "OBJECTID": 17824849 }, "geometry": { "type": "MultiPolygon", "coordinates": [ [ [ [ -79.464530788886194, 43.7501446478418 ], [ -79.464297054564994, 43.750114367031301 ], [ -79.464020909452501, 43.750136558418397 ], [ -79.463958872553604, 43.750138168091297 ], [ -79.463390360333094, 43.750251132538999 ], [ -79.462771535839593, 43.750377309549002 ], [ -79.459741455395701, 43.751033676282098 ], [ -79.459513340465605, 43.751083903425403 ], [ -79.459098176024796, 43.750032064074901 ], [ -79.458707771217803, 43.749073061399798 ], [ -79.458676049969895, 43.748995153505497 ], [ -79.458374671845604, 43.748218222074399 ], [ -79.458316317265897, 43.748087179244301 ], [ -79.458268409059599, 43.748022299066598 ], [ -79.458231039936805, 43.747997118042299 ], [ -79.458135706345004, 43.747994733849303 ], [ -79.456254307165807, 43.748403053092098 ], [ -79.454897874539597, 43.748701671975098 ], [ -79.454730967036596, 43.748323483328498 ], [ -79.454547060674898, 43.747883017304602 ], [ -79.454469121829007, 43.747685796838297 ], [ -79.454038949129099, 43.746597396600599 ], [ -79.453919029848805, 43.746308400497298 ], [ -79.453883460830596, 43.746222631628001 ], [ -79.453606909404897, 43.745535115292299 ], [ -79.453587502952402, 43.7454868789264 ], [ -79.453289966148006, 43.744747164185199 ], [ -79.452878690914503, 43.743711945912104 ], [ -79.452804863592803, 43.743526139401197 ], [ -79.455508217424395, 43.742876021804697 ], [ -79.455793075196297, 43.742816958344498 ], [ -79.457099539559394, 43.742545997519301 ], [ -79.459669804811298, 43.7420128911833 ], [ -79.458772528762907, 43.739859398695501 ], [ -79.457733845878593, 43.740063572044299 ], [ -79.456502620302601, 43.7403055849719 ], [ -79.456060675512305, 43.738563670784998 ], [ -79.455793836310704, 43.738272765416099 ], [ -79.455502136343995, 43.736904745321802 ], [ -79.452729262484198, 43.734359723593698 ], [ -79.453268949305595, 43.734015891550101 ], [ -79.453042000254399, 43.733555376658103 ], [ -79.452863390601394, 43.733383100613402 ], [ -79.453062328277596, 43.733340039584597 ], [ -79.457660325279207, 43.732344588898002 ], [ -79.458918748992303, 43.732092617571404 ], [ -79.458640029368993, 43.7309226718167 ], [ -79.458382002297995, 43.729983155307103 ], [ -79.458367243249398, 43.729929457563102 ], [ -79.458138741840799, 43.729097416857797 ], [ -79.457964636911399, 43.728374526601201 ], [ -79.457941282110596, 43.728277601680702 ], [ -79.457889593599106, 43.728068456882198 ], [ -79.462684406373697, 43.727025528971403 ], [ -79.466145437156001, 43.726281060712601 ], [ -79.469156237818098, 43.725651735874003 ], [ -79.469377195736499, 43.725606149984699 ], [ -79.469598029486406, 43.725559996556598 ], [ -79.4698184784544, 43.725513185509101 ], [ -79.470038679134802, 43.725465779888999 ], [ -79.470258643978497, 43.725417689688499 ], [ -79.470478360499996, 43.725369049924304 ], [ -79.470697816330201, 43.725319761580998 ], [ -79.470917011493199, 43.725269761651496 ], [ -79.471135846616903, 43.725219194131903 ], [ -79.471354545137004, 43.725168005072902 ], [ -79.471572871215798, 43.725116203417798 ], [ -79.471790824877104, 43.725063726160101 ], [ -79.472566684410097, 43.724869911206 ], [ -79.473301860759705, 43.724686261890298 ], [ -79.475541070077, 43.724142907800903 ], [ -79.478173165935402, 43.723498690529603 ], [ -79.481249086059293, 43.7227467683227 ], [ -79.481313829176401, 43.722730900725701 ], [ -79.481353553959195, 43.7229048203018 ], [ -79.481374302645406, 43.722995700269998 ], [ -79.481430897058502, 43.723243558794799 ], [ -79.481447864684498, 43.723320702228598 ], [ -79.481463851779495, 43.7233980345259 ], [ -79.481478970077902, 43.723475447690397 ], [ -79.481493219606804, 43.723552842708699 ], [ -79.481506612705303, 43.723630444614301 ], [ -79.481519000469007, 43.723708127365903 ], [ -79.4815306435586, 43.723785827997297 ], [ -79.481541293726295, 43.723863582473498 ], [ -79.481551062651604, 43.7239414628229 ], [ -79.481559987610495, 43.724019325031797 ], [ -79.481568031331307, 43.724097277109202 ], [ -79.481575206214103, 43.724175346061202 ], [ -79.481581388187493, 43.7242533698454 ], [ -79.481586701340802, 43.724331429493198 ], [ -79.481591145659394, 43.7244095610098 ], [ -79.481590043105697, 43.724443243488103 ], [ -79.481694012023198, 43.7251112694832 ], [ -79.481697790293197, 43.725135492433502 ], [ -79.481708926855802, 43.725207090103403 ], [ -79.482069736717705, 43.726642386285398 ], [ -79.483701898783394, 43.726280906792702 ], [ -79.485475922795601, 43.7258735697582 ], [ -79.486280431012204, 43.7277004439105 ], [ -79.488056228017001, 43.727301060244201 ], [ -79.488065777218196, 43.727405628642202 ], [ -79.488231933677298, 43.727830261326297 ], [ -79.488271260119404, 43.727939009334001 ], [ -79.488282029988994, 43.7279606044102 ], [ -79.488317362090896, 43.727993507554103 ], [ -79.488397137239403, 43.727994955878103 ], [ -79.488492830772103, 43.727967691798902 ], [ -79.489749921977605, 43.727683471306698 ], [ -79.489816256777004, 43.727668715203897 ], [ -79.489878322701401, 43.727647729827197 ], [ -79.4899462841245, 43.727629022248799 ], [ -79.490015298211503, 43.727624482672503 ], [ -79.4900785865687, 43.727641581536602 ], [ -79.490128764153098, 43.727678373945402 ], [ -79.490158171611597, 43.727740178988597 ], [ -79.490182337340997, 43.727824711701601 ], [ -79.490379334875797, 43.7282988776915 ], [ -79.490627435771302, 43.728234143397103 ], [ -79.491220390537293, 43.728029214279701 ], [ -79.491437536855102, 43.727934195675097 ], [ -79.491496053950101, 43.727990727822402 ], [ -79.491510786577706, 43.727998253952997 ], [ -79.491557475276196, 43.728050230562502 ], [ -79.491623400457996, 43.728124288601599 ], [ -79.491673438029594, 43.728195897108698 ], [ -79.491727281390396, 43.728303825864302 ], [ -79.491945639961301, 43.728797226303101 ], [ -79.492723648166304, 43.730607391013898 ], [ -79.493078703513604, 43.731436066650403 ], [ -79.493442623953896, 43.732223227890998 ], [ -79.493767796094005, 43.733035760227096 ], [ -79.493984635298702, 43.733545088454797 ], [ -79.494085336803806, 43.733654584668699 ], [ -79.494134077029003, 43.733613784606199 ], [ -79.494195788043996, 43.733588080244402 ], [ -79.4943365998259, 43.733554386703702 ], [ -79.494483109889103, 43.733514626435699 ], [ -79.494646763598297, 43.733468673937502 ], [ -79.4947960285118, 43.733435493295801 ], [ -79.4949114400588, 43.733415830804397 ], [ -79.494982062110296, 43.733407318763 ], [ -79.495117508185004, 43.733400006628898 ], [ -79.496053077887197, 43.733752683943003 ], [ -79.498165101569995, 43.734548797040901 ], [ -79.4980321110163, 43.734562611713997 ], [ -79.497946068154306, 43.734624268613203 ], [ -79.497942353238102, 43.7347164321204 ], [ -79.497953756199607, 43.734876303133099 ], [ -79.497781310065093, 43.734977113665501 ], [ -79.497629551842195, 43.734906748022603 ], [ -79.497594048903807, 43.7348811567905 ], [ -79.497577266022503, 43.734861236718999 ], [ -79.497560483556299, 43.7348313612871 ], [ -79.497534527741607, 43.734788208843902 ], [ -79.497517744997097, 43.734766083462603 ], [ -79.497491813145302, 43.734745065029202 ], [ -79.497456719734402, 43.7347262426862 ], [ -79.4974185719948, 43.734719607926003 ], [ -79.497363652797503, 43.734718499521399 ], [ -79.497299547391194, 43.734715167570499 ], [ -79.497261411636103, 43.7347184881163 ], [ -79.497203425840496, 43.734725129618496 ], [ -79.497148493651196, 43.7347361817692 ], [ -79.497117967088698, 43.734750555964602 ], [ -79.497085925258901, 43.734780430227602 ], [ -79.497064571703106, 43.734812510057303 ], [ -79.497027937359903, 43.7348280002237 ], [ -79.496973017736295, 43.7348335345376 ], [ -79.496913033659396, 43.734830265487602 ], [ -79.496774695907305, 43.734767145058001 ], [ -79.496469556737793, 43.734842386305203 ], [ -79.496270261268194, 43.734870733843202 ], [ -79.496203150766206, 43.734880290937497 ], [ -79.496031333410897, 43.735002089713198 ], [ -79.495883745974993, 43.735146473182503 ], [ -79.495699263807495, 43.7352832940445 ], [ -79.495460561900302, 43.735343359002997 ], [ -79.495231788650102, 43.735273770203399 ], [ -79.495014804101999, 43.735266388940602 ], [ -79.4950893883384, 43.735410474809797 ], [ -79.495209906793804, 43.735533661712601 ], [ -79.495200699123203, 43.735644106376697 ], [ -79.495205892226195, 43.735749591967199 ], [ -79.495158710945603, 43.735842950697403 ], [ -79.495094133908594, 43.735977165226302 ], [ -79.495045955972898, 43.7361089230928 ], [ -79.494849157985499, 43.736199331705897 ], [ -79.494659708369497, 43.7362928637476 ], [ -79.494543742277799, 43.736479084621799 ], [ -79.494392270538498, 43.736664520529203 ], [ -79.494376861912599, 43.736823202363801 ], [ -79.494409235168106, 43.736859946950702 ], [ -79.494532633741599, 43.737000011972803 ], [ -79.494550998383602, 43.737232613483897 ], [ -79.494487045804604, 43.737430367305102 ], [ -79.494382255539307, 43.737557999553303 ], [ -79.494304031752307, 43.737687820326798 ], [ -79.494274241834304, 43.737765670418099 ], [ -79.494230412658098, 43.737825724374702 ], [ -79.494369950055301, 43.738116740867198 ], [ -79.494557908125699, 43.738248536869399 ], [ -79.494661699891907, 43.7384697107953 ], [ -79.494709863402804, 43.738673878749303 ], [ -79.494720175668306, 43.738865155184598 ], [ -79.494652756582994, 43.739080740300601 ], [ -79.494773300180995, 43.739274659178697 ], [ -79.495283943723706, 43.739498001671699 ], [ -79.495428204663597, 43.739667068452299 ], [ -79.495637518420295, 43.739700273132598 ], [ -79.495825250447396, 43.739801732894399 ], [ -79.4959993111964, 43.7399481169561 ], [ -79.496146185064703, 43.7400754892601 ], [ -79.496233104158705, 43.740251303974297 ], [ -79.496311815476105, 43.7404579925335 ], [ -79.496362855159205, 43.740644499421599 ], [ -79.496414367371102, 43.740823724310097 ], [ -79.496578748025399, 43.740980899619501 ], [ -79.496762251151395, 43.7410989109326 ], [ -79.496921542777997, 43.741264357716297 ], [ -79.497007707459503, 43.741461585680497 ], [ -79.4970129342409, 43.741712737777299 ], [ -79.496933228118294, 43.741943967923198 ], [ -79.496860587088605, 43.742150291833198 ], [ -79.496936944583595, 43.742347591560097 ], [ -79.497023646025994, 43.742518814977203 ], [ -79.496477342825997, 43.742634231034302 ], [ -79.4964428767735, 43.742641511950197 ], [ -79.494243302068696, 43.743106200074003 ], [ -79.493424804318096, 43.743286378237997 ], [ -79.492551608825906, 43.743478572605802 ], [ -79.491850158218895, 43.7436491427543 ], [ -79.490901673063703, 43.743856135109397 ], [ -79.490046278895505, 43.744042802991501 ], [ -79.489312895191901, 43.744202841349903 ], [ -79.488678615583297, 43.744341263944399 ], [ -79.488519064206599, 43.744376703806402 ], [ -79.488111642388901, 43.744467223356601 ], [ -79.487675748288694, 43.744563796202698 ], [ -79.487461314726204, 43.744610687199298 ], [ -79.4872146965415, 43.744667196493502 ], [ -79.486900103768406, 43.744707729334401 ], [ -79.486702174235006, 43.744735313196003 ], [ -79.486452429214594, 43.744777517554397 ], [ -79.485009884650296, 43.745036536367799 ], [ -79.484833266620697, 43.745083688418397 ], [ -79.484598683079398, 43.745157935047601 ], [ -79.484350070371306, 43.745273647854802 ], [ -79.484179294408804, 43.745338694100397 ], [ -79.483998687389899, 43.745439473522097 ], [ -79.483914493246004, 43.745486718061997 ], [ -79.483818668995895, 43.745565294108502 ], [ -79.483628399658897, 43.745670590180602 ], [ -79.483490134118895, 43.745801636919303 ], [ -79.483370238034595, 43.745909481041799 ], [ -79.483288580890999, 43.745982531955399 ], [ -79.483081606786897, 43.746229368691097 ], [ -79.482972636013699, 43.746379168642797 ], [ -79.482880394022402, 43.746643988444603 ], [ -79.482810314130205, 43.746823624055097 ], [ -79.482773069858297, 43.746979249346197 ], [ -79.482740329431707, 43.747189053573699 ], [ -79.482733241954193, 43.747353657596001 ], [ -79.482722186056193, 43.747544310508403 ], [ -79.482721742485495, 43.747705063007103 ], [ -79.482786042736507, 43.7482871987661 ], [ -79.482868730431704, 43.750795963905802 ], [ -79.482915389594893, 43.752210014627202 ], [ -79.4828988823961, 43.752399469419501 ], [ -79.482864363752597, 43.752522141603201 ], [ -79.482797399528494, 43.752725054589199 ], [ -79.482735475352797, 43.752845346282399 ], [ -79.482640666356204, 43.753017209820399 ], [ -79.482600035003401, 43.753062092621597 ], [ -79.482538944002997, 43.753133039756101 ], [ -79.482456934064004, 43.753228961974699 ], [ -79.482388292229899, 43.753301573089203 ], [ -79.482252635966503, 43.753442834917102 ], [ -79.482104607320906, 43.7535544446974 ], [ -79.481996259004703, 43.753646545943603 ], [ -79.481934269149804, 43.753687716643299 ], [ -79.481698024841194, 43.7538330664065 ], [ -79.481576110174899, 43.753900573804998 ], [ -79.481291334198303, 43.754048165188301 ], [ -79.481098921636203, 43.754116749658998 ], [ -79.480977152200694, 43.754153058289702 ], [ -79.480704867126505, 43.754219981555401 ], [ -79.480613600265102, 43.754242406096303 ], [ -79.480286882442996, 43.754321263708199 ], [ -79.479497002965502, 43.754492138485901 ], [ -79.478579796036101, 43.754699582873201 ], [ -79.475185930273597, 43.755472486218402 ], [ -79.474937536150605, 43.755513774511201 ], [ -79.474710957709107, 43.755532285068199 ], [ -79.474542874981196, 43.755536775356497 ], [ -79.474296100725098, 43.7555345598402 ], [ -79.473767513570905, 43.755517391483103 ], [ -79.473284262851095, 43.755450742716498 ], [ -79.473094344059206, 43.755410858877703 ], [ -79.472966178698201, 43.755376624093799 ], [ -79.472426225159893, 43.755182123294198 ], [ -79.471705556985896, 43.754902577050999 ], [ -79.470968782151004, 43.754612157716203 ], [ -79.470361288406295, 43.754366521165402 ], [ -79.469900054017302, 43.754178734675399 ], [ -79.469662301342197, 43.754028252809299 ], [ -79.469190263909596, 43.753727756578698 ], [ -79.468860226852001, 43.7534788200172 ], [ -79.468537807509904, 43.753200657697001 ], [ -79.468161066223303, 43.752824105228598 ], [ -79.467219837964194, 43.751924475265703 ], [ -79.466437897388502, 43.751189066218501 ], [ -79.465716402791202, 43.7505104944685 ], [ -79.4656369004514, 43.750458389633899 ], [ -79.465499838745899, 43.7503949258682 ], [ -79.465375858373207, 43.750342987441101 ], [ -79.465253254612804, 43.750294343737899 ], [ -79.465129191091293, 43.750258022104802 ], [ -79.464983578609605, 43.750209623123297 ], [ -79.464822781556805, 43.750180139813402 ], [ -79.464530788886194, 43.7501446478418 ] ] ] ] } },
{ "type": "Feature", "properties": { "_id": 2, "AREA_ID": 2502358.0, "DATE_EFFECTIVE": "2022-04-11T21:27:23", "DATE_EXPIRY": "3000/01/01 05:00:00", "AREA_ATTR_ID": 26022873.0, "AREA_TYPE_ID": 602.0, "PARENT_AREA_ID": null, "AREA_TYPE": "CNBH", "AREA_CLASS_ID": null, "AREA_CLASS": "None", "AREA_SHORT_CODE": "154", "AREA_LONG_CODE": "154", "AREA_NAME": "Oakdale-Beverley Heights", "AREA_DESC": "Oakdale-Beverley Heights (154)", "FEATURE_CODE": null, "FEATURE_CODE_DESC": "None", "TRANS_ID_CREATE": 344709.0, "TRANS_ID_EXPIRE": -1.0, "OBJECTID": 17824865 }, "geometry": { "type": "MultiPolygon", "coordinates": [ [ [ [ -79.511923889020494, 43.734567632472803 ], [ -79.511540648076604, 43.732892479985203 ], [ -79.511249933787497, 43.732952394156598 ], [ -79.511010240359695, 43.733021150894402 ], [ -79.510838953077098, 43.7331329895528 ], [ -79.510625103512695, 43.733271367543601 ], [ -79.510385896140704, 43.733362752015701 ], [ -79.510114146464005, 43.733348644453599 ], [ -79.509866467557799, 43.7333380626524 ], [ -79.509667867535697, 43.733452206218999 ], [ -79.509535079021006, 43.733612097218 ], [ -79.509306029621001, 43.733665673412503 ], [ -79.509097347210499, 43.7336959343437 ], [ -79.508842615232098, 43.733764102643001 ], [ -79.508590973392302, 43.733830118847798 ], [ -79.508356845349994, 43.733885556774197 ], [ -79.508144069122295, 43.733945097261802 ], [ -79.507929277203104, 43.733972530108097 ], [ -79.507760827788502, 43.734015747569401 ], [ -79.507581073079194, 43.734090019772502 ], [ -79.507392256014398, 43.734165732474999 ], [ -79.507253219236304, 43.734252063166402 ], [ -79.5071227440462, 43.734308248039703 ], [ -79.506951168251902, 43.734381150551698 ], [ -79.506730829105805, 43.734443191204399 ], [ -79.506510736700093, 43.734495240054201 ], [ -79.506309758536702, 43.7345208058127 ], [ -79.506046335675293, 43.734520360988199 ], [ -79.505789228750004, 43.734491480356603 ], [ -79.505537832407299, 43.734462058796403 ], [ -79.5052985066377, 43.734478461377897 ], [ -79.505054684977907, 43.7344718925224 ], [ -79.504802927146997, 43.734418355070702 ], [ -79.504545449226796, 43.734394593355503 ], [ -79.504289227810105, 43.734405854793103 ], [ -79.5040333800806, 43.7344374854232 ], [ -79.503768582833999, 43.734487640303698 ], [ -79.503519823213693, 43.734526074478502 ], [ -79.503293019882605, 43.7344990685515 ], [ -79.503059492587397, 43.734553712496599 ], [ -79.502921928751206, 43.734442469915102 ], [ -79.502795909486494, 43.734313557472298 ], [ -79.502565989481695, 43.734241445020899 ], [ -79.502293866200404, 43.734252180270602 ], [ -79.502121564190304, 43.734310511560402 ], [ -79.502082119012996, 43.734484776069202 ], [ -79.501976839466593, 43.7345644208064 ], [ -79.501862862599197, 43.7344086114581 ], [ -79.501680116137194, 43.734341393115798 ], [ -79.501493289541401, 43.734419517371499 ], [ -79.501356740174103, 43.734562557593499 ], [ -79.501190007452607, 43.734481548396303 ], [ -79.501086956824295, 43.734317511034902 ], [ -79.500937355854603, 43.734211918945803 ], [ -79.500707811572696, 43.7341983377435 ], [ -79.500487714898597, 43.7342567298655 ], [ -79.500283371056, 43.734332610912197 ], [ -79.500077425292204, 43.734396168911999 ], [ -79.499884004723299, 43.734446845795503 ], [ -79.499682638963506, 43.734493003712899 ], [ -79.499510694054806, 43.7345116086451 ], [ -79.4993494245509, 43.734570736909397 ], [ -79.499185560154203, 43.734634815602497 ], [ -79.499036082891706, 43.734715186404898 ], [ -79.498883501742, 43.734795547979203 ], [ -79.498727332078403, 43.734898079332702 ], [ -79.498573128074497, 43.734799217027103 ], [ -79.498463021460097, 43.734598650236997 ], [ -79.498219201508803, 43.7345431811301 ], [ -79.498165101569995, 43.734548797040901 ], [ -79.496053077887197, 43.733752683943003 ], [ -79.495117508185004, 43.733400006628898 ], [ -79.494982062110296, 43.733407318763 ], [ -79.4949114400588, 43.733415830804397 ], [ -79.4947960285118, 43.733435493295801 ], [ -79.494646763598297, 43.733468673937502 ], [ -79.494483109889103, 43.733514626435699 ], [ -79.4943365998259, 43.733554386703702 ], [ -79.494195788043996, 43.733588080244402 ], [ -79.494134077029003, 43.733613784606199 ], [ -79.494085336803806, 43.733654584668699 ], [ -79.493984635298702, 43.733545088454797 ], [ -79.493767796094005, 43.733035760227096 ], [ -79.493442623953896, 43.732223227890998 ], [ -79.493078703513604, 43.731436066650403 ], [ -79.492723648166304, 43.730607391013898 ], [ -79.492008850754999, 43.728944328958498 ], [ -79.491945639961301, 43.728797226303101 ], [ -79.491924197303007, 43.728748798133097 ], [ -79.491727281390396, 43.728303825864302 ], [ -79.491673438029594, 43.728195897108698 ], [ -79.491623400457996, 43.728124288601599 ], [ -79.491557475276196, 43.728050230562502 ], [ -79.491510786577706, 43.727998253952997 ], [ -79.491496053950101, 43.727990727822402 ], [ -79.491437536855102, 43.727934195675097 ], [ -79.491220390537293, 43.728029214279701 ], [ -79.490627435771302, 43.728234143397103 ], [ -79.490379334875797, 43.7282988776915 ], [ -79.490182337340997, 43.727824711701601 ], [ -79.490158171611597, 43.727740178988597 ], [ -79.490128764153098, 43.727678373945402 ], [ -79.4900785865687, 43.727641581536602 ], [ -79.490015298211503, 43.727624482672503 ], [ -79.4899462841245, 43.727629022248799 ], [ -79.489878322701401, 43.727647729827197 ], [ -79.489816256777004, 43.727668715203897 ], [ -79.489749921977605, 43.727683471306698 ], [ -79.488492830772103, 43.727967691798902 ], [ -79.488397137239403, 43.727994955878103 ], [ -79.488317362090896, 43.727993507554103 ], [ -79.488282029988994, 43.7279606044102 ], [ -79.488271260119404, 43.727939009334001 ], [ -79.488231933677298, 43.727830261326297 ], [ -79.488065777218196, 43.727405628642202 ], [ -79.488056228017001, 43.727301060244201 ], [ -79.486280431012204, 43.7277004439105 ], [ -79.485475922795601, 43.7258735697582 ], [ -79.483701898783394, 43.726280906792702 ], [ -79.482069736717705, 43.726642386285398 ], [ -79.481708926855802, 43.725207090103403 ], [ -79.481697790293197, 43.725135492433502 ], [ -79.481694012023198, 43.7251112694832 ], [ -79.481590043105697, 43.724443243488103 ], [ -79.481591145659394, 43.7244095610098 ], [ -79.481586701340802, 43.724331429493198 ], [ -79.481581388187493, 43.7242533698454 ], [ -79.481575206214103, 43.724175346061202 ], [ -79.481568031331307, 43.724097277109202 ], [ -79.481559987610495, 43.724019325031797 ], [ -79.481551062651604, 43.7239414628229 ], [ -79.481541293726295, 43.723863582473498 ], [ -79.4815306435586, 43.723785827997297 ], [ -79.481519000469007, 43.723708127365903 ], [ -79.481506612705303, 43.723630444614301 ], [ -79.481493219606804, 43.723552842708699 ], [ -79.481478970077902, 43.723475447690397 ], [ -79.481463851779495, 43.7233980345259 ], [ -79.481447864684498, 43.723320702228598 ], [ -79.481430897058502, 43.723243558794799 ], [ -79.481374302645406, 43.722995700269998 ], [ -79.481353553959195, 43.7229048203018 ], [ -79.481313829176401, 43.722730900725701 ], [ -79.485111221351403, 43.721800036337399 ], [ -79.4853747290245, 43.721732263952802 ], [ -79.485638360052505, 43.721665175070299 ], [ -79.485902362687696, 43.721598688708397 ], [ -79.486166600431901, 43.721532723836901 ], [ -79.486431098083401, 43.7214674154758 ], [ -79.486695843264499, 43.721402646605597 ], [ -79.486960823572304, 43.721338408222103 ], [ -79.487226187924193, 43.721274808355098 ], [ -79.487491787421703, 43.721211711967001 ], [ -79.487757659269207, 43.721149290084 ], [ -79.488023629733704, 43.721087470675897 ], [ -79.488289984286894, 43.721026208765103 ], [ -79.488428996306794, 43.720986590419599 ], [ -79.488568256235197, 43.720947656024698 ], [ -79.488707764108597, 43.720909234555499 ], [ -79.488847656436803, 43.720871407035801 ], [ -79.488987784288895, 43.720834182451 ], [ -79.489128147688007, 43.720797452785398 ], [ -79.489268895545905, 43.720761353070799 ], [ -79.489409891355706, 43.7207258202844 ], [ -79.489551122700703, 43.7206909084316 ], [ -79.489692750922103, 43.720656653531201 ], [ -79.4898344906143, 43.720622794519898 ], [ -79.489976614762298, 43.720589691471503 ], [ -79.490118837969504, 43.720557029315998 ], [ -79.490261445646695, 43.720525087116101 ], [ -79.490404313732896, 43.720493585821202 ], [ -79.490547404953901, 43.720462804466102 ], [ -79.490690632474099, 43.720432509010401 ], [ -79.490834232079195, 43.720402870496102 ], [ -79.490977955561902, 43.7203738348949 ], [ -79.491122063572703, 43.720345294211398 ], [ -79.491266283038101, 43.720317491457202 ], [ -79.491410626414094, 43.720290147594 ], [ -79.491555329477805, 43.720263505672499 ], [ -79.491700181267504, 43.720237421656002 ], [ -79.491845132136106, 43.720211949548002 ], [ -79.492490142999102, 43.720096804736698 ], [ -79.493567095883805, 43.719904558687197 ], [ -79.495267360033395, 43.719601020511803 ], [ -79.497873808463396, 43.719135643958403 ], [ -79.499777750146094, 43.718795623186999 ], [ -79.501211162645603, 43.718560441240399 ], [ -79.501319382608301, 43.718539944188102 ], [ -79.501427850722905, 43.718520032111698 ], [ -79.501536442885296, 43.718500660005901 ], [ -79.5016451590987, 43.718481845872702 ], [ -79.5017541234741, 43.718463661720101 ], [ -79.501863211903299, 43.718445927524201 ], [ -79.501972548500802, 43.7184288413101 ], [ -79.502082009158599, 43.718412241056797 ], [ -79.502191606294204, 43.718396243779999 ], [ -79.502301426783902, 43.718380831475102 ], [ -79.502411383756296, 43.718365986140803 ], [ -79.502521340696902, 43.718351680775903 ], [ -79.502631545818701, 43.718337888370897 ], [ -79.5027418750213, 43.718324662935601 ], [ -79.502852328309004, 43.718312031473602 ], [ -79.502962905683702, 43.718299966980503 ], [ -79.503073607152103, 43.718288541466102 ], [ -79.503184432707201, 43.7182775569024 ], [ -79.503295382360704, 43.718267184313 ], [ -79.503406332007501, 43.718257369693703 ], [ -79.503517393350293, 43.718248194052201 ], [ -79.503618029893502, 43.718240359820001 ], [ -79.503739789064795, 43.718231435658403 ], [ -79.503851111039396, 43.718223969922398 ], [ -79.504644993213503, 43.718134503957103 ], [ -79.5064791805585, 43.717912173734199 ], [ -79.507830163219197, 43.717755170299 ], [ -79.508537049734002, 43.717673001241302 ], [ -79.512651773611196, 43.7172072189597 ], [ -79.515632037310397, 43.7168737677625 ], [ -79.518196359398203, 43.716601955419698 ], [ -79.518296915953997, 43.716591299882303 ], [ -79.518324664229695, 43.716588307019997 ], [ -79.518608264841305, 43.716557683933999 ], [ -79.519055810423893, 43.716509381465798 ], [ -79.5202055217365, 43.716385263710897 ], [ -79.520426861034096, 43.716361371039604 ], [ -79.520458307185294, 43.716357980943002 ], [ -79.523099233024794, 43.716093632908098 ], [ -79.524712059582498, 43.7159100930063 ], [ -79.524855635321401, 43.715889412990599 ], [ -79.524998838458103, 43.715868246808 ], [ -79.525142028805405, 43.715846414355802 ], [ -79.525284982959107, 43.7158238706769 ], [ -79.525427688580393, 43.715800795800199 ], [ -79.525570257317796, 43.715777099688999 ], [ -79.525712589863701, 43.715752728358801 ], [ -79.525854661424702, 43.715727753826002 ], [ -79.525996620908998, 43.715702158055102 ], [ -79.526138319388494, 43.715675932079499 ], [ -79.526279781678994, 43.715649075894397 ], [ -79.526421119474307, 43.715621607477203 ], [ -79.526562072136599, 43.715593472881601 ], [ -79.526567953944195, 43.715592283348499 ], [ -79.526702912745407, 43.715564816065204 ], [ -79.526843368229393, 43.715535529077499 ], [ -79.528253947736303, 43.7152183178085 ], [ -79.529659723895094, 43.714904618855002 ], [ -79.529596995982203, 43.715114148420902 ], [ -79.529278778191696, 43.716177512986199 ], [ -79.529231365092997, 43.716342860211697 ], [ -79.528634919046397, 43.718422877249097 ], [ -79.528612158607004, 43.718502265004403 ], [ -79.528597537577795, 43.718551595532702 ], [ -79.528588466897403, 43.718580779865498 ], [ -79.528582184324506, 43.718600980249299 ], [ -79.528572589887901, 43.718651029616801 ], [ -79.528566245809401, 43.718672409179 ], [ -79.528551595690203, 43.7187651887564 ], [ -79.528535753995996, 43.718857743596402 ], [ -79.528520656923504, 43.7189503612558 ], [ -79.528506428574602, 43.719043023701303 ], [ -79.528493068944798, 43.719135712930701 ], [ -79.528480578089201, 43.719228536959299 ], [ -79.528472062496604, 43.719303303482903 ], [ -79.528470072664206, 43.719320829416702 ], [ -79.528470770812604, 43.719353683813502 ], [ -79.528468177572805, 43.719381183284902 ], [ -79.528468759323104, 43.719404109329197 ], [ -79.528469745242404, 43.7194418693363 ], [ -79.528470022146195, 43.719502456694698 ], [ -79.528471167751206, 43.719562926819897 ], [ -79.528470344373005, 43.719606340062697 ], [ -79.528470005087598, 43.719623694560703 ], [ -79.528473657134697, 43.719656800255002 ], [ -79.528474067218397, 43.719684118951797 ], [ -79.5284769947108, 43.7197072334368 ], [ -79.528478675442898, 43.7197445612086 ], [ -79.528480369512295, 43.719757639605099 ], [ -79.5284837180522, 43.719804994355101 ], [ -79.528484104255597, 43.719808090689298 ], [ -79.528488596059304, 43.719858523581799 ], [ -79.528489207480007, 43.719865463394299 ], [ -79.528494117947602, 43.719908902209397 ], [ -79.528496099296802, 43.719925824068 ], [ -79.528497098212299, 43.7199385785921 ], [ -79.528498721482293, 43.719959371077799 ], [ -79.528504678838004, 43.719985824269699 ], [ -79.528509361680094, 43.7200464735322 ], [ -79.528517705551096, 43.720106698821802 ], [ -79.528526918208001, 43.7201669328945 ], [ -79.528536875492904, 43.720227067766203 ], [ -79.528547564984095, 43.720287076436001 ], [ -79.528559135649502, 43.720347030876503 ], [ -79.528571575102205, 43.720406976096797 ], [ -79.528584759153503, 43.720466741103799 ], [ -79.528598687852593, 43.720526424911199 ], [ -79.528613472943604, 43.720586117503203 ], [ -79.528629014990997, 43.720645503860403 ], [ -79.528645301744305, 43.720704917032101 ], [ -79.528662457256203, 43.720764230969301 ], [ -79.528680344973097, 43.720823373695801 ], [ -79.528696068730099, 43.720873155662296 ], [ -79.528698989744996, 43.720882399212499 ], [ -79.529044708721401, 43.722261474213802 ], [ -79.529242507704296, 43.723050671120497 ], [ -79.529381440185006, 43.723605031230903 ], [ -79.532251130725996, 43.735047745472002 ], [ -79.529327912424506, 43.735696135174599 ], [ -79.528906774587099, 43.735797938311102 ], [ -79.5272614940815, 43.736164647451197 ], [ -79.526487165041601, 43.736353450190897 ], [ -79.526280116036801, 43.736401582528799 ], [ -79.525852448561494, 43.736498686262202 ], [ -79.523799047028206, 43.736965035647003 ], [ -79.522374680128905, 43.737295974312602 ], [ -79.520134387634997, 43.7378066792608 ], [ -79.516694192981703, 43.738593058212302 ], [ -79.513221023395005, 43.739389328688098 ], [ -79.512449150880997, 43.736688112420602 ], [ -79.512311212405905, 43.736190026559399 ], [ -79.512245835696206, 43.735930006170101 ], [ -79.511923889020494, 43.734567632472803 ] ] ] ] } },
{ "type": "Feature", "properties": { "_id": 3, "AREA_ID": 2502346.0, "DATE_EFFECTIVE": "2022-04-11T21:27:23", "DATE_EXPIRY": "3000/01/01 05:00:00", "AREA_ATTR_ID": 26022861.0, "AREA_TYPE_ID": 602.0, "PARENT_AREA_ID": null, "AREA_TYPE": "CNBH", "AREA_CLASS_ID": null, "AREA_CLASS": "None", "AREA_SHORT_CODE": "142", "AREA_LONG_CODE": "142", "AREA_NAME": "Woburn North", "AREA_DESC": "Woburn North (142)", "FEATURE_CODE": null, "FEATURE_CODE_DESC": "None", "TRANS_ID_CREATE": 344709.0, "TRANS_ID_EXPIRE": -1.0, "OBJECTID": 17825057 }, "geometry": { "type": "MultiPolygon", "coordinates": [ [ [ [ -79.224477460467796, 43.788407845438101 ], [ -79.224302726132606, 43.788399971130801 ], [ -79.224117520294698, 43.788429317991501 ], [ -79.223942567881195, 43.788466124258399 ], [ -79.223705925549496, 43.788502781141901 ], [ -79.223536155651402, 43.788528428901898 ], [ -79.223417812376297, 43.788554200871701 ], [ -79.223294432824005, 43.788553911232 ], [ -79.223207224933404, 43.788512735884197 ], [ -79.223135637940203, 43.788430643131697 ], [ -79.223022924781105, 43.788348450674597 ], [ -79.222905050863204, 43.788269963063598 ], [ -79.222745856853606, 43.788236065755299 ], [ -79.222612276303195, 43.788217127276802 ], [ -79.222396519914298, 43.788186809660303 ], [ -79.222278388496406, 43.788164181843399 ], [ -79.2220732404231, 43.788059422971301 ], [ -79.222016953941804, 43.788003425015297 ], [ -79.2219711969081, 43.787895327048602 ], [ -79.221930450665397, 43.787813299551402 ], [ -79.221920486135602, 43.787746243822397 ], [ -79.221977324622699, 43.787683077085802 ], [ -79.222106299588205, 43.7875828390222 ], [ -79.2221116159362, 43.787545614233302 ], [ -79.222132476931193, 43.787478633464303 ], [ -79.222256021810495, 43.787445422517003 ], [ -79.222338329822307, 43.7874307256197 ], [ -79.222422727764695, 43.787396672286597 ], [ -79.222675861599299, 43.787250928245598 ], [ -79.222779007387302, 43.787176703042498 ], [ -79.222887292007101, 43.787106198674799 ], [ -79.222933738098604, 43.787065347088102 ], [ -79.222944128868605, 43.787043031445997 ], [ -79.2229699433544, 43.787017026716903 ], [ -79.222985689057097, 43.786946306914501 ], [ -79.223006531657205, 43.786883052406303 ], [ -79.222996462906295, 43.786838337339198 ], [ -79.222991731850996, 43.7867489535437 ], [ -79.222976708552594, 43.786663262271901 ], [ -79.2229615648654, 43.786603647011397 ], [ -79.222910457127398, 43.786540200087998 ], [ -79.222890157370898, 43.7864805723163 ], [ -79.222859789081298, 43.786376229458099 ], [ -79.222860356852294, 43.786253338246603 ], [ -79.222824823043695, 43.786156426793802 ], [ -79.222779208471096, 43.786014800206502 ], [ -79.222759201595906, 43.785891868082302 ], [ -79.2226682889291, 43.7856693553003 ], [ -79.222304219895406, 43.785676302295897 ], [ -79.222104929087294, 43.785671443349997 ], [ -79.222002355812293, 43.785649321126002 ], [ -79.221917808298301, 43.785649115446297 ], [ -79.221787878272707, 43.785664110186097 ], [ -79.221666997645301, 43.785683501371501 ], [ -79.221582429740295, 43.785687678950602 ], [ -79.221491831526706, 43.785687458216103 ], [ -79.221431467372994, 43.785680740270102 ], [ -79.221353024676205, 43.785660854551701 ], [ -79.221235478165795, 43.785612438799902 ], [ -79.221054721700796, 43.785520105115303 ], [ -79.220970430033006, 43.785472949397501 ], [ -79.220759959193103, 43.785363746563903 ], [ -79.220603934653695, 43.785291482126802 ], [ -79.220504917597196, 43.785247674495601 ], [ -79.220426987935596, 43.785195205255803 ], [ -79.220364274524997, 43.7851035552101 ], [ -79.220313616035099, 43.785003239524301 ], [ -79.220266151771696, 43.784868070201803 ], [ -79.220242555723502, 43.784769989989002 ], [ -79.2201890943671, 43.784626083840799 ], [ -79.220156407478896, 43.784543238289402 ], [ -79.220147763568505, 43.784462620876603 ], [ -79.220145143086597, 43.784379839933997 ], [ -79.220190575431999, 43.784305889750797 ], [ -79.220299649166705, 43.784185586395601 ], [ -79.220252349775393, 43.783996554598403 ], [ -79.220238253436506, 43.783840953298103 ], [ -79.220209035027906, 43.783755055850797 ], [ -79.220091073483204, 43.783647473359402 ], [ -79.219973099979299, 43.783539881713899 ], [ -79.219840204774101, 43.783459085785502 ], [ -79.219677616268001, 43.783394310927001 ], [ -79.219648148221495, 43.783362050548597 ], [ -79.219574515701694, 43.783276043978802 ], [ -79.219538069564905, 43.783152557831897 ], [ -79.219508952817904, 43.783045201711197 ], [ -79.219450330988593, 43.782910940740699 ], [ -79.219376900052097, 43.782782017062097 ], [ -79.219310736076395, 43.7826799255986 ], [ -79.219259155378396, 43.782626161073502 ], [ -79.219111177888095, 43.782604329759003 ], [ -79.218962999420995, 43.782625424231 ], [ -79.218814695216494, 43.782673323618397 ], [ -79.218651254609199, 43.782790935443103 ], [ -79.218524798223598, 43.7829193674878 ], [ -79.218279679406905, 43.783085050742699 ], [ -79.218012622776996, 43.783191676827897 ], [ -79.217864164957803, 43.783271780699401 ], [ -79.217738021577105, 43.783330471753899 ], [ -79.217678279842403, 43.783437608859003 ], [ -79.2176702817234, 43.783566341494499 ], [ -79.217603021140405, 43.7837002833963 ], [ -79.217565265440896, 43.783855765902302 ], [ -79.217564709838598, 43.783973778545999 ], [ -79.217527193629195, 43.784080979481701 ], [ -79.217497145362501, 43.784172104814999 ], [ -79.217452489737099, 43.784220267568699 ], [ -79.217348785530206, 43.784230749515501 ], [ -79.217163882386998, 43.7841873656307 ], [ -79.216971663578207, 43.7841225136021 ], [ -79.216927513802304, 43.784063392756202 ], [ -79.216890730550702, 43.784015028506502 ], [ -79.216816962240202, 43.783955825244902 ], [ -79.216750472062401, 43.783923472387002 ], [ -79.2165210785884, 43.783896080240801 ], [ -79.216059960994997, 43.783835104989997 ], [ -79.215724428346206, 43.783558826866603 ], [ -79.215607806470999, 43.7833984333543 ], [ -79.215449704358903, 43.783247936727903 ], [ -79.215312052340707, 43.783152523829102 ], [ -79.215091546540407, 43.783056913256402 ], [ -79.214967460594906, 43.783011571130999 ], [ -79.214863978780301, 43.7829912944622 ], [ -79.214739620095997, 43.783005989057301 ], [ -79.214677238438497, 43.783055870717497 ], [ -79.214697163730406, 43.783221019486398 ], [ -79.214723806446102, 43.783426213110701 ], [ -79.214716327826807, 43.783546260729203 ], [ -79.214688436438905, 43.783606228749001 ], [ -79.214612154972301, 43.783671071577501 ], [ -79.214501312062097, 43.783745837300202 ], [ -79.214349166580106, 43.783795485511199 ], [ -79.214190303837, 43.7838050886281 ], [ -79.213962436543298, 43.783804509574999 ], [ -79.213838206766397, 43.783789175688298 ], [ -79.213707164798194, 43.783753824057598 ], [ -79.213617593051595, 43.783713571558899 ], [ -79.213556165211997, 43.783563341521301 ], [ -79.213488355756596, 43.7833030114328 ], [ -79.213365215099998, 43.783062570091403 ], [ -79.213338314185293, 43.782912417503702 ], [ -79.213264955318806, 43.782617796965901 ], [ -79.212881538772294, 43.782408484856198 ], [ -79.212681414272694, 43.782382976753503 ], [ -79.212495200090501, 43.782332480102298 ], [ -79.212371177941705, 43.782277144039597 ], [ -79.212261067078003, 43.782201824312402 ], [ -79.212137273034003, 43.782096460188498 ], [ -79.211621368071206, 43.781684941308399 ], [ -79.211360042924198, 43.781464167551697 ], [ -79.211170282034502, 43.781180899058803 ], [ -79.2113907605777, 43.781129654402697 ], [ -79.211919599112505, 43.781001561057103 ], [ -79.212629546421795, 43.780831624368602 ], [ -79.213057263460598, 43.780729896855597 ], [ -79.214761910942599, 43.780324440440701 ], [ -79.217142586961899, 43.779752591128201 ], [ -79.222217215095696, 43.778556893614699 ], [ -79.222379127231207, 43.778518600057403 ], [ -79.223354687185093, 43.778287898662199 ], [ -79.226575919820107, 43.777589545599 ], [ -79.228736698705006, 43.777106921750999 ], [ -79.231756833760301, 43.776436253676202 ], [ -79.231617179328097, 43.776066860350298 ], [ -79.231448006428096, 43.7755263844574 ], [ -79.231188042294093, 43.774805653561302 ], [ -79.2306814763582, 43.773499247649703 ], [ -79.229800051486905, 43.771248055453697 ], [ -79.229666356884906, 43.770906586119501 ], [ -79.229546081793799, 43.7706251051358 ], [ -79.229367361216305, 43.770187585419301 ], [ -79.229030825055602, 43.769363721250798 ], [ -79.228354057900106, 43.7675888932703 ], [ -79.227997726749194, 43.766723933294401 ], [ -79.227388332804395, 43.765174270487101 ], [ -79.227080530180302, 43.7643994257934 ], [ -79.226252858171605, 43.762201149974899 ], [ -79.225730646730298, 43.760948769910897 ], [ -79.225482771239896, 43.760318101067497 ], [ -79.225408009250501, 43.760029883621101 ], [ -79.2253243455431, 43.759822655372403 ], [ -79.225830940959099, 43.759706847304599 ], [ -79.226979234955706, 43.759466546041999 ], [ -79.229224502423406, 43.758994806487699 ], [ -79.230262459466601, 43.758772231128198 ], [ -79.230923593994603, 43.758638771697001 ], [ -79.2330779145788, 43.758184771595701 ], [ -79.235267225606194, 43.7577217927048 ], [ -79.238246653083394, 43.757089543446398 ], [ -79.240188181971405, 43.756661889224198 ], [ -79.241319839202603, 43.756416887315297 ], [ -79.242208159242907, 43.756224549647797 ], [ -79.2431214575669, 43.756026806487696 ], [ -79.243230877478496, 43.7560031091868 ], [ -79.243232866162302, 43.756002699599598 ], [ -79.245422776762894, 43.755548528507099 ], [ -79.245436611792897, 43.755618570584801 ], [ -79.245455285679995, 43.755730640994898 ], [ -79.245472650257696, 43.755800051841902 ], [ -79.245472263546205, 43.755897146823202 ], [ -79.245471834961705, 43.755995330853601 ], [ -79.245481385633894, 43.756176753107297 ], [ -79.245513282706696, 43.756462332871401 ], [ -79.245514381280898, 43.7564668359122 ], [ -79.245555720956901, 43.756601945790798 ], [ -79.245592429648696, 43.7567280441544 ], [ -79.245636836145906, 43.756872162012698 ], [ -79.245702873189302, 43.7570433225426 ], [ -79.245751205270196, 43.757178447894098 ], [ -79.245820347595, 43.757349615254597 ], [ -79.245907978161299, 43.757556828422302 ], [ -79.245911802198194, 43.757565847112502 ], [ -79.245951151440394, 43.7576698712965 ], [ -79.246221920828205, 43.758385626137297 ], [ -79.246670038170507, 43.759619746658103 ], [ -79.246851307183206, 43.760079208682399 ], [ -79.246883328157097, 43.760157715915597 ], [ -79.2472408503818, 43.761034196212798 ], [ -79.247608722129698, 43.761980133223801 ], [ -79.248207208153403, 43.7634756490909 ], [ -79.248625638571298, 43.7645927071611 ], [ -79.248958310221298, 43.7654215375427 ], [ -79.249737119229493, 43.767430543289898 ], [ -79.250211099483394, 43.768637755121702 ], [ -79.250400198171306, 43.769088235745102 ], [ -79.250762603644404, 43.770052151688702 ], [ -79.250810525999299, 43.770183493213104 ], [ -79.251065026752997, 43.770880918192901 ], [ -79.251332206406602, 43.771601593115697 ], [ -79.251425528113501, 43.771934839242903 ], [ -79.251498429845896, 43.772142024570002 ], [ -79.251509526285702, 43.7723930911826 ], [ -79.251530551907095, 43.772508153773501 ], [ -79.251552639373699, 43.772621787481299 ], [ -79.251577444840194, 43.772742015942399 ], [ -79.251605701925101, 43.772862665950498 ], [ -79.251637775836798, 43.7729765373657 ], [ -79.251685968812495, 43.773133559363899 ], [ -79.251750191138498, 43.773313434103599 ], [ -79.251872114070295, 43.7736494692383 ], [ -79.252190818482006, 43.774463217650698 ], [ -79.252239912670206, 43.774574092375701 ], [ -79.2523969082375, 43.774952427344999 ], [ -79.252587486637793, 43.775438425640601 ], [ -79.252923709182397, 43.776307521797399 ], [ -79.253131009674405, 43.776828506716399 ], [ -79.253559429417905, 43.777929453653201 ], [ -79.253561652870701, 43.777932536842698 ], [ -79.253585317793096, 43.7779931926489 ], [ -79.253848714362604, 43.778651717675103 ], [ -79.254031435359195, 43.779108514588302 ], [ -79.254218237158796, 43.779588785955802 ], [ -79.254225318459007, 43.779606965511 ], [ -79.254457452969902, 43.780078872836597 ], [ -79.2544974270143, 43.780152759157602 ], [ -79.254536493082497, 43.780226931550601 ], [ -79.254574813189294, 43.780301264348203 ], [ -79.254612424049895, 43.780375892647299 ], [ -79.254649139975598, 43.780450654029202 ], [ -79.254685233981206, 43.7805256210899 ], [ -79.254720457708999, 43.780600766293702 ], [ -79.254754959868094, 43.780676179971898 ], [ -79.254788666651805, 43.780751681943698 ], [ -79.254799133890401, 43.780777402687903 ], [ -79.254802495152504, 43.7807848268478 ], [ -79.254821689426194, 43.780827380462704 ], [ -79.254832763560898, 43.780853561564001 ], [ -79.254853791924205, 43.780903329029499 ], [ -79.254885161228998, 43.780979348023003 ], [ -79.254902748040806, 43.781023113330903 ], [ -79.254915784363007, 43.781055572433402 ], [ -79.254945698740997, 43.781131966336801 ], [ -79.254974705585497, 43.781208529307598 ], [ -79.254979853843807, 43.781222537133999 ], [ -79.254475945101504, 43.781319010221303 ], [ -79.251846746677401, 43.781829367882999 ], [ -79.250913639727102, 43.7820094313658 ], [ -79.250714427316097, 43.782047872999399 ], [ -79.250651826877899, 43.782059185905901 ], [ -79.249661033509895, 43.782238231174098 ], [ -79.247824612602798, 43.782570035916699 ], [ -79.246438434480396, 43.782849803130603 ], [ -79.2452037595299, 43.783119351022997 ], [ -79.245170892628593, 43.783126514669704 ], [ -79.243730720745006, 43.783440873039702 ], [ -79.2421438539467, 43.783807548084397 ], [ -79.240458843834404, 43.784199586501501 ], [ -79.238988771231206, 43.7845784363654 ], [ -79.237484656729805, 43.784989782250101 ], [ -79.235291514030806, 43.785598079773301 ], [ -79.234623115684201, 43.785783456503701 ], [ -79.232646478860502, 43.786396688245901 ], [ -79.231875530781096, 43.786635860801702 ], [ -79.230678108989906, 43.787038654852601 ], [ -79.230527042413101, 43.787089875310997 ], [ -79.230376221684907, 43.787141627216499 ], [ -79.230225895132705, 43.787193947160702 ], [ -79.230075814463106, 43.7872467895535 ], [ -79.229926079029596, 43.787300163631798 ], [ -79.229776738081696, 43.787354168525901 ], [ -79.229627904249497, 43.787408624480904 ], [ -79.229479316043793, 43.787463656895802 ], [ -79.229331085689793, 43.787519176026102 ], [ -79.229183324194395, 43.787575362158798 ], [ -79.229035858705601, 43.787631971855198 ], [ -79.228888850091906, 43.787689149516197 ], [ -79.228742236430193, 43.787746849991102 ], [ -79.228596092062702, 43.787805118463403 ], [ -79.228450231307605, 43.787863801474401 ], [ -79.228304814502593, 43.787923160439398 ], [ -79.228159817977698, 43.787982934270801 ], [ -79.228015290369001, 43.788043357115399 ], [ -79.227871120789004, 43.788104221684797 ], [ -79.227729199120205, 43.788165244446098 ], [ -79.227618028047999, 43.788212802606999 ], [ -79.227507239271901, 43.788260955645903 ], [ -79.227396821019298, 43.7883095595177 ], [ -79.227286885071507, 43.788358623491199 ], [ -79.227177331250303, 43.788408318350399 ], [ -79.227068235290204, 43.788458383244198 ], [ -79.226959695934198, 43.788508962427898 ], [ -79.226851352653, 43.788560100047299 ], [ -79.2267436531519, 43.788611707161898 ], [ -79.226636298944101, 43.7886638460675 ], [ -79.2265294520856, 43.788716400138 ], [ -79.226423000463299, 43.788769432114499 ], [ -79.226316993447199, 43.788823014125398 ], [ -79.226211518955495, 43.7888769393563 ], [ -79.226106525890202, 43.788931513724897 ], [ -79.226002028113498, 43.788986422226102 ], [ -79.225897887880095, 43.7890418985602 ], [ -79.225794379197296, 43.789097799367603 ], [ -79.225691240479904, 43.7891542680402 ], [ -79.225588609431298, 43.789211079881198 ], [ -79.225521028893198, 43.789249064421703 ], [ -79.225331847420307, 43.789079802603901 ], [ -79.225196136960605, 43.7889583570742 ], [ -79.224815751483703, 43.788628387241303 ], [ -79.224708230871997, 43.788535029536902 ], [ -79.224621175926004, 43.788460335396699 ], [ -79.224554513391695, 43.788422928047297 ], [ -79.224477460467796, 43.788407845438101 ] ] ] ] } },
{ "type": "Feature", "properties": { "_id": 4, "AREA_ID": 2502345.0, "DATE_EFFECTIVE": "2022-04-11T21:27:23", "DATE_EXPIRY": "3000/01/01 05:00:00", "AREA_ATTR_ID": 26022860.0, "AREA_TYPE_ID": 602.0, "PARENT_AREA_ID": null, "AREA_TYPE": "CNBH", "AREA_CLASS_ID": null, "AREA_CLASS": "None", "AREA_SHORT_CODE": "141", "AREA_LONG_CODE": "141", "AREA_NAME": "Golfdale-Cedarbrae-Woburn", "AREA_DESC": "Golfdale-Cedarbrae-Woburn (141)", "FEATURE_CODE": null, "FEATURE_CODE_DESC": "None", "TRANS_ID_CREATE": 344709.0, "TRANS_ID_EXPIRE": -1.0, "OBJECTID": 17825073 }, "geometry": { "type": "MultiPolygon", "coordinates": [ [ [ [ -79.219478591146299, 43.771785878605101 ], [ -79.218684219423594, 43.7698112486013 ], [ -79.2176146299838, 43.770046502848501 ], [ -79.216303716683797, 43.770343733439901 ], [ -79.214306216595105, 43.770801876897103 ], [ -79.212978682625803, 43.771102781243201 ], [ -79.212776757936197, 43.771136856459897 ], [ -79.212600406382904, 43.7711532813342 ], [ -79.212380763955494, 43.771164934400403 ], [ -79.212218457667802, 43.771179440776102 ], [ -79.212037346594798, 43.771172944831697 ], [ -79.211854988949995, 43.771175140583402 ], [ -79.210719503965194, 43.771165161377702 ], [ -79.210449385871101, 43.771162785167398 ], [ -79.210307777077304, 43.7711559184891 ], [ -79.210131062531403, 43.771167622022404 ], [ -79.209914519318701, 43.771206137685802 ], [ -79.209776819296906, 43.7712360500297 ], [ -79.2096695091806, 43.771259360543503 ], [ -79.208748135696496, 43.771450838440799 ], [ -79.2077711386261, 43.7691180056203 ], [ -79.207605025881094, 43.768708765703998 ], [ -79.206787659349402, 43.766800349863203 ], [ -79.206609327706801, 43.766360157961699 ], [ -79.206418594314897, 43.765926846795097 ], [ -79.205874133317593, 43.764586135244897 ], [ -79.205628560134897, 43.764049771043702 ], [ -79.204859824988105, 43.764231628579097 ], [ -79.203554877260302, 43.764528458631403 ], [ -79.202059138785202, 43.764868702312299 ], [ -79.201938453050303, 43.7646733951958 ], [ -79.201880780172701, 43.764604628822298 ], [ -79.2017443093617, 43.764471874492799 ], [ -79.201601645923503, 43.764270775905203 ], [ -79.201464059649695, 43.764085379443998 ], [ -79.201352815889706, 43.763830292528802 ], [ -79.201334791216894, 43.763661203333797 ], [ -79.201370778708807, 43.7635099875842 ], [ -79.201443923697894, 43.763314322059699 ], [ -79.201495062893102, 43.763233039981998 ], [ -79.2016086151542, 43.763116033144001 ], [ -79.201846247664903, 43.762995083377803 ], [ -79.202167033426093, 43.762905871951901 ], [ -79.202428595776198, 43.762825218590201 ], [ -79.202642575120905, 43.762672323403898 ], [ -79.202656528582096, 43.762600872346397 ], [ -79.202683703557298, 43.762397597413901 ], [ -79.202522521032506, 43.7622247154303 ], [ -79.202362424981303, 43.762093403489601 ], [ -79.202185701681699, 43.761951705643099 ], [ -79.201982224360407, 43.761763113627303 ], [ -79.2018077183819, 43.761537935025402 ], [ -79.201765661054196, 43.761351428852002 ], [ -79.2017553433068, 43.761173358578603 ], [ -79.201741334134496, 43.761098378191498 ], [ -79.201735822458502, 43.7609853719851 ], [ -79.201786409887205, 43.760829666537703 ], [ -79.201821945604607, 43.7608088495057 ], [ -79.201919945864205, 43.760751434560497 ], [ -79.2020920317687, 43.760670539548798 ], [ -79.202292691748198, 43.760567548796899 ], [ -79.202408359416197, 43.760370697133602 ], [ -79.202448523587194, 43.760117517437202 ], [ -79.202455810310894, 43.759822477641798 ], [ -79.202515668750806, 43.759599737159597 ], [ -79.202625039075897, 43.759357403874503 ], [ -79.202690842199104, 43.759117693514803 ], [ -79.2027143969012, 43.759065844955202 ], [ -79.202819275145998, 43.758834976287197 ], [ -79.202827371325299, 43.758641957934202 ], [ -79.202808012182402, 43.7584659434362 ], [ -79.202881209745996, 43.758362854142902 ], [ -79.202995724404204, 43.758209546545302 ], [ -79.203149169312695, 43.758039048667499 ], [ -79.203368616832506, 43.7578488382728 ], [ -79.2036164668109, 43.757605315068403 ], [ -79.203778126706595, 43.757407699051598 ], [ -79.203839978286098, 43.757401270466701 ], [ -79.203413718197993, 43.757158105249196 ], [ -79.202934972231404, 43.756201277858999 ], [ -79.2027643182427, 43.755860238207099 ], [ -79.203977834034205, 43.755467281243703 ], [ -79.203411385500004, 43.753868974488903 ], [ -79.203617978308401, 43.753826916746199 ], [ -79.203848695396104, 43.753780501554402 ], [ -79.204079520651007, 43.7537347432635 ], [ -79.204310703010194, 43.753689525501301 ], [ -79.204541894917199, 43.753644820363803 ], [ -79.204655892535598, 43.753619191555799 ], [ -79.2047696444032, 43.753593012926601 ], [ -79.2048831632885, 43.753566212499997 ], [ -79.204996411139504, 43.753538952200302 ], [ -79.205109314641504, 43.753510988806603 ], [ -79.205221971983406, 43.753482556604403 ], [ -79.205334359166699, 43.753453484509798 ], [ -79.205446500493693, 43.753423880600501 ], [ -79.205558284203207, 43.753393744589403 ], [ -79.205669946183406, 43.753363086086097 ], [ -79.205781102146901, 43.7533317690838 ], [ -79.205892037078797, 43.753299920334101 ], [ -79.206002713767703, 43.753267530740601 ], [ -79.206113008123097, 43.753234581982703 ], [ -79.206223081703399, 43.753201047473098 ], [ -79.206329365069294, 43.753168061192902 ], [ -79.206332747845806, 43.753167007743599 ], [ -79.206442081537602, 43.7531323639748 ], [ -79.2065510328421, 43.753097170046701 ], [ -79.206659737778295, 43.753061543324897 ], [ -79.206768060718304, 43.753025285435797 ], [ -79.206876038560495, 43.752988468484702 ], [ -79.206983770511002, 43.752951119730596 ], [ -79.207090983513396, 43.752913211470698 ], [ -79.207197826488297, 43.7528747620904 ], [ -79.207304448311902, 43.752835798975603 ], [ -79.207410551049605, 43.752796303361698 ], [ -79.207516296258504, 43.752756248660098 ], [ -79.2076216711244, 43.752715715849703 ], [ -79.207726676127606, 43.752674605919601 ], [ -79.207831310915296, 43.752632990879498 ], [ -79.2079354641224, 43.752590789434997 ], [ -79.208039222100297, 43.752548118823597 ], [ -79.208142622537096, 43.752504889130499 ], [ -79.208245528226698, 43.752461226023399 ], [ -79.208348039075702, 43.752417012742796 ], [ -79.208546277161702, 43.7523343563753 ], [ -79.208741236466906, 43.752251700308598 ], [ -79.208935962098295, 43.752168467236601 ], [ -79.209130229928306, 43.752084782606701 ], [ -79.209323953381599, 43.752000574191399 ], [ -79.209517319281304, 43.751915725452797 ], [ -79.209710202057295, 43.751830524112101 ], [ -79.209902714768305, 43.751744700422599 ], [ -79.210094856758104, 43.7516583894026 ], [ -79.210286392139196, 43.751571581454797 ], [ -79.210477519498397, 43.7514842950876 ], [ -79.210584536165996, 43.751434591475203 ], [ -79.210692816394896, 43.751385476038202 ], [ -79.210801441658404, 43.751336874439403 ], [ -79.210910709884701, 43.751288805433703 ], [ -79.211020459521606, 43.751241295614498 ], [ -79.211130566182803, 43.751194389671902 ], [ -79.211241166719503, 43.751148033943601 ], [ -79.211280346538899, 43.7511318767584 ], [ -79.211352174256604, 43.751102219207503 ], [ -79.211463638335104, 43.751056972591101 ], [ -79.211575608366303, 43.751012348224897 ], [ -79.211687935735995, 43.750968264721799 ], [ -79.211800645021299, 43.750924776150001 ], [ -79.211913848022206, 43.750881873788899 ], [ -79.212004916167302, 43.750845639438801 ], [ -79.212096217107302, 43.750810035686001 ], [ -79.212188037214503, 43.750774901229697 ], [ -79.212280214334797, 43.750740388680697 ], [ -79.212372761835894, 43.750706300045501 ], [ -79.212465802683298, 43.750672887665999 ], [ -79.212559101687404, 43.750639997929198 ], [ -79.212652745769702, 43.7506076310531 ], [ -79.212746771924799, 43.7505758411369 ], [ -79.212841167996203, 43.750544574141998 ], [ -79.212935921568501, 43.750513830036397 ], [ -79.213030932705493, 43.750483734584797 ], [ -79.213126314194795, 43.750454072041201 ], [ -79.213222065006505, 43.7504250584307 ], [ -79.213318185229198, 43.750396675750302 ], [ -79.2134145390512, 43.750368761636899 ], [ -79.213511287165801, 43.750341469513003 ], [ -79.213608256166594, 43.750314708931299 ], [ -79.213705495251801, 43.750288579027497 ], [ -79.213803091857898, 43.750262972005601 ], [ -79.213900933976802, 43.7502379415915 ], [ -79.2139990215681, 43.750213496785598 ], [ -79.214111694715896, 43.750184776804502 ], [ -79.216663689197603, 43.749534106991 ], [ -79.216753069941603, 43.7495149849466 ], [ -79.216842192803497, 43.749495241110601 ], [ -79.216930932891202, 43.749475028194702 ], [ -79.217019576214099, 43.749454256895802 ], [ -79.217107949146396, 43.749432881778503 ], [ -79.217195964513607, 43.749410956634897 ], [ -79.217283858190697, 43.749388491050397 ], [ -79.217371394340901, 43.749365466439798 ], [ -79.217458659752793, 43.749341910021897 ], [ -79.217545704091506, 43.749317821920201 ], [ -79.217632341060707, 43.7492932106761 ], [ -79.217718757079695, 43.749268040746202 ], [ -79.217804803187406, 43.7492423027618 ], [ -79.217890603168897, 43.749216078040298 ], [ -79.217976157445094, 43.749189276571101 ], [ -79.218061329302799, 43.749161925021298 ], [ -79.218146143362304, 43.749134068458297 ], [ -79.218230599537705, 43.749105724885098 ], [ -79.218314785251195, 43.749076786503601 ], [ -79.218398612950395, 43.749047388116701 ], [ -79.218481934097198, 43.749017430346001 ], [ -79.218565158357706, 43.748986932203799 ], [ -79.218647851018005, 43.748955919623903 ], [ -79.2187302229502, 43.7489244381322 ], [ -79.218812187699498, 43.748892388503599 ], [ -79.218893807094801, 43.748859824898197 ], [ -79.218974894547401, 43.748826818867599 ], [ -79.219055773395397, 43.748793263193299 ], [ -79.219136120845306, 43.748759148081199 ], [ -79.219216147348106, 43.748724609067601 ], [ -79.219295754074096, 43.748689537895899 ], [ -79.219374903603594, 43.748653970479999 ], [ -79.219453545890502, 43.748617987708698 ], [ -79.219538025319693, 43.748579057811099 ], [ -79.219621128199194, 43.748539737422398 ], [ -79.219703897358997, 43.748500065107699 ], [ -79.219786284097793, 43.748459833720801 ], [ -79.219868176538498, 43.748419069991797 ], [ -79.219949561381895, 43.748377962914397 ], [ -79.220030476800702, 43.748336314556902 ], [ -79.220110984456994, 43.748294215083099 ], [ -79.220191022308896, 43.748251655340901 ], [ -79.220270553566905, 43.748208536227999 ], [ -79.220349626848602, 43.748165082894403 ], [ -79.220428156201194, 43.748121088103098 ], [ -79.220506352411903, 43.748076615379198 ], [ -79.220583892021494, 43.748031798950699 ], [ -79.220660974573704, 43.747986450281203 ], [ -79.220900111844301, 43.747838478628502 ], [ -79.220975274706305, 43.747791972903798 ], [ -79.221054254029298, 43.7477364392361 ], [ -79.221132477306199, 43.747680579625403 ], [ -79.221210342282106, 43.747624305031302 ], [ -79.221287451714005, 43.7475675964834 ], [ -79.221364190135702, 43.747510535931603 ], [ -79.221440209845596, 43.7474531315303 ], [ -79.221515722507405, 43.7473952577799 ], [ -79.221590740453905, 43.7473369327138 ], [ -79.221665014564607, 43.747278326749097 ], [ -79.2217387938353, 43.747219296474398 ], [ -79.221812053308099, 43.747159868833201 ], [ -79.221884606487805, 43.747100097380098 ], [ -79.221956664536194, 43.747039964627803 ], [ -79.222028078874303, 43.746979380203598 ], [ -79.222098898417897, 43.7469185062495 ], [ -79.222169061669305, 43.746857216600098 ], [ -79.222238643043397, 43.7467955294399 ], [ -79.222307728913606, 43.746733561995498 ], [ -79.222343253191298, 43.746701126946803 ], [ -79.222376034330594, 43.746671178557598 ], [ -79.222443732498803, 43.746608514566198 ], [ -79.222510960704696, 43.746545417335199 ], [ -79.222577432834896, 43.746482003186699 ], [ -79.222643273011002, 43.746418281424297 ], [ -79.222708630685602, 43.7463541533984 ], [ -79.2227732693283, 43.746289753554301 ], [ -79.222837127150399, 43.746225018734897 ], [ -79.222929679494001, 43.746133232809903 ], [ -79.223021868456996, 43.746042103015803 ], [ -79.223114651951406, 43.745951226619702 ], [ -79.223208066353294, 43.745860792733801 ], [ -79.223302075118298, 43.7457706482475 ], [ -79.223396727577807, 43.745680865288399 ], [ -79.223492135847906, 43.745591363115203 ], [ -79.223588013736901, 43.7455022760521 ], [ -79.223630856596102, 43.745462945367997 ], [ -79.223684646895506, 43.745413586786 ], [ -79.223781911410796, 43.745325241008402 ], [ -79.223879658745304, 43.745237139345498 ], [ -79.223978148392007, 43.745149552459097 ], [ -79.224077232227501, 43.745062290964199 ], [ -79.224176835713905, 43.744975363680702 ], [ -79.224277194339606, 43.744888861187299 ], [ -79.224378035449703, 43.744802674810202 ], [ -79.224479631903606, 43.744716868214198 ], [ -79.224581697888098, 43.744631494716003 ], [ -79.224684395551705, 43.744546392682999 ], [ -79.224787711528904, 43.744461769109201 ], [ -79.224891634063198, 43.744377479945399 ], [ -79.224996187408607, 43.744293651265103 ], [ -79.225101248230999, 43.744210102745797 ], [ -79.225206915114697, 43.744126996645001 ], [ -79.225240133987398, 43.744101162024798 ], [ -79.225313187894798, 43.744044368965397 ], [ -79.225419980360797, 43.7439620664776 ], [ -79.225551442645397, 43.743858049203297 ], [ -79.225681770991699, 43.743754830161897 ], [ -79.225812606575403, 43.7436519092266 ], [ -79.225944184717704, 43.743549412976897 ], [ -79.226076269439403, 43.743447358847099 ], [ -79.226208836114594, 43.743345701770401 ], [ -79.226342145675204, 43.743244397363902 ], [ -79.226475949481397, 43.743143517039599 ], [ -79.226610384268, 43.743043025117998 ], [ -79.226745300721007, 43.742942993249699 ], [ -79.226880811112295, 43.7428433046856 ], [ -79.227016964694101, 43.742744049553103 ], [ -79.227153625100797, 43.742645182518601 ], [ -79.227290903785402, 43.742546766854602 ], [ -79.227428664260302, 43.742448784230902 ], [ -79.227567030924703, 43.742351180935202 ], [ -79.227706053235707, 43.742254002089098 ], [ -79.227845557541599, 43.742157211271802 ], [ -79.227985654928503, 43.742060952765499 ], [ -79.228126147445195, 43.7419650730765 ], [ -79.228892301286507, 43.741475786751103 ], [ -79.228908484814198, 43.741510146759701 ], [ -79.229039016114299, 43.741681596328498 ], [ -79.229177330180406, 43.742010576392602 ], [ -79.229320441909707, 43.742382809451499 ], [ -79.229571220162299, 43.742962621976403 ], [ -79.229794042487399, 43.7435425388311 ], [ -79.230029961178701, 43.744082493757602 ], [ -79.230605353398502, 43.745435508698499 ], [ -79.231073522497198, 43.746518574106801 ], [ -79.231494743334395, 43.747563983097798 ], [ -79.231949859462105, 43.748635492317597 ], [ -79.232290899270097, 43.749460144520199 ], [ -79.232376922132801, 43.749647291894803 ], [ -79.232758446132806, 43.750585227415002 ], [ -79.233168502361707, 43.751560034017302 ], [ -79.233253588020602, 43.751733019594198 ], [ -79.233558427928301, 43.752462638476899 ], [ -79.233683941611403, 43.752771428961204 ], [ -79.233704148215594, 43.752821144635199 ], [ -79.2338057397196, 43.753067104898598 ], [ -79.233835868445794, 43.753142001993098 ], [ -79.233954656374806, 43.753111197427998 ], [ -79.234198488971003, 43.753033076283899 ], [ -79.234518195617397, 43.753018985353499 ], [ -79.234857658004998, 43.753080990452503 ], [ -79.235217387906104, 43.753142753458199 ], [ -79.235504091794297, 43.753206875700599 ], [ -79.235798993742307, 43.753321413860199 ], [ -79.236072460468606, 43.7533151867474 ], [ -79.236409010035203, 43.753280525686499 ], [ -79.236409729902704, 43.7532806083574 ], [ -79.236493669912505, 43.753290028131403 ], [ -79.236615007490002, 43.753303368536898 ], [ -79.236684935225199, 43.753311117662498 ], [ -79.23695024285, 43.7533560324406 ], [ -79.237258029696903, 43.753392988191102 ], [ -79.237583636270301, 43.753393043125598 ], [ -79.2375875106206, 43.7533930430195 ], [ -79.237832407092498, 43.753357699245001 ], [ -79.238015321250003, 43.753499968472802 ], [ -79.238131150293199, 43.753705992199997 ], [ -79.238190624909606, 43.753938296232199 ], [ -79.238237176653996, 43.7541327026101 ], [ -79.238295325553594, 43.754162188657901 ], [ -79.238541605439707, 43.754328824303897 ], [ -79.238839121317994, 43.754473100518901 ], [ -79.2391424714679, 43.754615355002301 ], [ -79.239424213211805, 43.754709511052802 ], [ -79.239681164643301, 43.754793294582598 ], [ -79.2398689371107, 43.754956994711499 ], [ -79.240110776945897, 43.755112608392203 ], [ -79.240197835864095, 43.755122302570904 ], [ -79.240422483647507, 43.755147341230703 ], [ -79.240663635601095, 43.755232706877599 ], [ -79.240937274790099, 43.755220068673196 ], [ -79.241197606362604, 43.755292766980901 ], [ -79.241539145301701, 43.755404893551898 ], [ -79.241855433908199, 43.755550041451002 ], [ -79.242168934527101, 43.755676765746102 ], [ -79.242502497245098, 43.755738554783299 ], [ -79.242790507228904, 43.755647418130401 ], [ -79.243004515425696, 43.755640581557202 ], [ -79.243146599340704, 43.755778376128198 ], [ -79.243172361167098, 43.755829164728397 ], [ -79.243230877478496, 43.7560031091868 ], [ -79.2431214575669, 43.756026806487696 ], [ -79.242208159242907, 43.756224549647797 ], [ -79.241319839202603, 43.756416887315297 ], [ -79.240188181971405, 43.756661889224198 ], [ -79.238246653083394, 43.757089543446398 ], [ -79.235267225606194, 43.7577217927048 ], [ -79.2330779145788, 43.758184771595701 ], [ -79.230923593994603, 43.758638771697001 ], [ -79.230262459466601, 43.758772231128198 ], [ -79.229224502423406, 43.758994806487699 ], [ -79.226979234955706, 43.759466546041999 ], [ -79.225830940959099, 43.759706847304599 ], [ -79.2253243455431, 43.759822655372403 ], [ -79.225408009250501, 43.760029883621101 ], [ -79.225482771239896, 43.760318101067497 ], [ -79.225730646730298, 43.760948769910897 ], [ -79.226252858171605, 43.762201149974899 ], [ -79.227080530180302, 43.7643994257934 ], [ -79.227388332804395, 43.765174270487101 ], [ -79.227997726749194, 43.766723933294401 ], [ -79.228354057900106, 43.7675888932703 ], [ -79.229030825055602, 43.769363721250798 ], [ -79.229367361216305, 43.770187585419301 ], [ -79.229546081793799, 43.7706251051358 ], [ -79.229666356884906, 43.770906586119501 ], [ -79.229800051486905, 43.771248055453697 ], [ -79.2306814763582, 43.773499247649703 ], [ -79.231188042294093, 43.774805653561302 ], [ -79.231448006428096, 43.7755263844574 ], [ -79.231617179328097, 43.776066860350298 ], [ -79.231756833760301, 43.776436253676202 ], [ -79.228736698705006, 43.777106921750999 ], [ -79.226575919820107, 43.777589545599 ], [ -79.223354687185093, 43.778287898662199 ], [ -79.222379127231207, 43.778518600057403 ], [ -79.222217215095696, 43.778556893614699 ], [ -79.221470472137796, 43.776698884999199 ], [ -79.221429387734702, 43.776605838923999 ], [ -79.221052797989302, 43.775680987595798 ], [ -79.2206551360822, 43.774714128972803 ], [ -79.220072642532102, 43.773263669903798 ], [ -79.219478591146299, 43.771785878605101 ] ] ] ] } },
{ "type": "Feature", "properties": { "_id": 5, "AREA_ID": 2502343.0, "DATE_EFFECTIVE": "2022-04-11T21:27:23", "DATE_EXPIRY": "3000/01/01 05:00:00", "AREA_ATTR_ID": 26022858.0, "AREA_TYPE_ID": 602.0, "PARENT_AREA_ID": null, "AREA_TYPE": "CNBH", "AREA_CLASS_ID": null, "AREA_CLASS": "None", "AREA_SHORT_CODE": "139", "AREA_LONG_CODE": "139", "AREA_NAME": "Scarborough Village", "AREA_DESC": "Scarborough Village (139)", "FEATURE_CODE": null, "FEATURE_CODE_DESC": "None", "TRANS_ID_CREATE": 344709.0, "TRANS_ID_EXPIRE": -1.0, "OBJECTID": 17825105 }, "geometry": { "type": "MultiPolygon", "coordinates": [ [ [ [ -79.208274641130799, 43.737574709182702 ], [ -79.207606087210706, 43.736060769046198 ], [ -79.205883502444394, 43.737694616362802 ], [ -79.205569196784495, 43.737072723094798 ], [ -79.205406637183501, 43.736676241591702 ], [ -79.204708674038201, 43.7350047861175 ], [ -79.204877065270296, 43.734950088542199 ], [ -79.2049955942027, 43.734914623665503 ], [ -79.205129932744896, 43.734877777258902 ], [ -79.205238625804796, 43.734838011174197 ], [ -79.205299951529497, 43.734802407450303 ], [ -79.205472054337093, 43.734706997035197 ], [ -79.205614528732994, 43.734615812638197 ], [ -79.205679810627203, 43.734558093892602 ], [ -79.205691053117206, 43.734551407928997 ], [ -79.205700622613094, 43.7345314588555 ], [ -79.205719822677807, 43.734479085168097 ], [ -79.205725102928994, 43.734455380540297 ], [ -79.205723456894006, 43.734439147097497 ], [ -79.205720103850794, 43.734421667090899 ], [ -79.205714147220903, 43.734406043634003 ], [ -79.2057039535066, 43.734378554656601 ], [ -79.205695421122499, 43.734364175736602 ], [ -79.205692037339702, 43.7343504401587 ], [ -79.205690388433595, 43.734337330132099 ], [ -79.205693924843303, 43.734317365523701 ], [ -79.205704338431005, 43.734297418622504 ], [ -79.205713895671806, 43.734279962854202 ], [ -79.205724306365397, 43.734263139367997 ], [ -79.205741594432695, 43.734248826925203 ], [ -79.205759726783199, 43.734237018993198 ], [ -79.205781285505694, 43.734227713217003 ], [ -79.205806276934197, 43.734222151779797 ], [ -79.205833835067594, 43.734219729368597 ], [ -79.2058553512028, 43.734221656995402 ], [ -79.2058699561764, 43.734225439088398 ], [ -79.205887118956994, 43.734236716778902 ], [ -79.205911119230805, 43.734256122161703 ], [ -79.205939402621894, 43.734280534237598 ], [ -79.205967698235199, 43.734302452999003 ], [ -79.205997752927402, 43.7343175173459 ], [ -79.206020082935595, 43.734328178221702 ], [ -79.2060784800113, 43.734335313353 ], [ -79.206079038187198, 43.734335404800497 ], [ -79.206200716226405, 43.734310523204798 ], [ -79.206427086739296, 43.734185168731898 ], [ -79.206601479241101, 43.734034494973102 ], [ -79.206772106875803, 43.733825843403501 ], [ -79.206812005619497, 43.733764575408102 ], [ -79.206834212174201, 43.733724189867303 ], [ -79.206862347389006, 43.733672117935399 ], [ -79.206856600340004, 43.733646566723102 ], [ -79.206842015780197, 43.733628436856797 ], [ -79.206828953154798, 43.733598600299302 ], [ -79.206811509646499, 43.733563441780603 ], [ -79.206795486277997, 43.733539988493803 ], [ -79.206789723723503, 43.733517623671197 ], [ -79.206783955947003, 43.733496329980603 ], [ -79.206787010172803, 43.733470792340398 ], [ -79.206791541559497, 43.733445267490602 ], [ -79.206803409410497, 43.733419743457297 ], [ -79.2068196591282, 43.733394248664602 ], [ -79.206844693332499, 43.733377282557498 ], [ -79.206866777171996, 43.733364566457702 ], [ -79.206909439620702, 43.733342325820203 ], [ -79.2069535532587, 43.733325417612399 ], [ -79.207029918089304, 43.733316027068597 ], [ -79.207057809168305, 43.733313965264102 ], [ -79.207094508596398, 43.733312997171197 ], [ -79.207129701736307, 43.733320540365597 ], [ -79.207142873407506, 43.733328018127203 ], [ -79.207175046805403, 43.733351512741997 ], [ -79.207216000697699, 43.733379278417402 ], [ -79.207254744074902, 43.733414878483202 ], [ -79.207277907981293, 43.733435262573202 ], [ -79.207297773332201, 43.733439643035503 ], [ -79.207333561475096, 43.733439734676701 ], [ -79.207375341596801, 43.733435512058001 ], [ -79.207431098832899, 43.733421225827499 ], [ -79.207486857604906, 43.733404068182899 ], [ -79.207542658484002, 43.733378251440698 ], [ -79.207594515071193, 43.733346654795703 ], [ -79.207680348821896, 43.733279104123298 ], [ -79.207744225729698, 43.733228797600503 ], [ -79.207800129866698, 43.733184240445297 ], [ -79.207846099384199, 43.733135328280497 ], [ -79.207896144626702, 43.733067685961799 ], [ -79.207940211903505, 43.733001468541701 ], [ -79.207966335293705, 43.732946744830301 ], [ -79.207972474315696, 43.732912150803401 ], [ -79.207958827870002, 43.732889972922401 ], [ -79.2078997365292, 43.732849694463702 ], [ -79.207870991220503, 43.732825794756103 ], [ -79.207851171388199, 43.7328069765436 ], [ -79.207828391539607, 43.732781651876401 ], [ -79.207810614021, 43.732751290304499 ], [ -79.207800718151205, 43.732738996336401 ], [ -79.207786874606299, 43.732721633586202 ], [ -79.207777010346106, 43.732702840811797 ], [ -79.207772106295394, 43.7326876702097 ], [ -79.207775148700193, 43.732674680217997 ], [ -79.207776211970796, 43.732660244970099 ], [ -79.207785276206906, 43.732639331292297 ], [ -79.2077943088387, 43.732624916417898 ], [ -79.2078153181929, 43.732603313176199 ], [ -79.207829318012401, 43.732591080291897 ], [ -79.207855277039897, 43.732575259480498 ], [ -79.207891202041594, 43.732557303838703 ], [ -79.207925072352396, 43.732550891508097 ], [ -79.207954956351898, 43.732547358375797 ], [ -79.207981840069394, 43.732548156161499 ], [ -79.208001730049702, 43.732552527563698 ], [ -79.208037518213501, 43.732562727361199 ], [ -79.2080653389514, 43.732575067092498 ], [ -79.208083223317701, 43.732580891556502 ], [ -79.208100148986404, 43.732577082257698 ], [ -79.2081311745752, 43.732578754703397 ], [ -79.208214803472202, 43.732555898078502 ], [ -79.208328331543498, 43.732518688727502 ], [ -79.208439866314507, 43.732482923376303 ], [ -79.208511649725807, 43.732442726959597 ], [ -79.208621414837296, 43.732362256827898 ], [ -79.208719243478598, 43.732283205369001 ], [ -79.2087911941626, 43.732208399485302 ], [ -79.208857187808704, 43.732130706990603 ], [ -79.208905189109004, 43.732074589583 ], [ -79.208929263818106, 43.732029950800197 ], [ -79.208955943972796, 43.731970205586101 ], [ -79.208986104703101, 43.731919704485797 ], [ -79.208986163804099, 43.731907498972397 ], [ -79.208980580029007, 43.731899347646497 ], [ -79.208960090973406, 43.7318802938874 ], [ -79.208939582140104, 43.731865326631201 ], [ -79.208919098939504, 43.731847632064898 ], [ -79.2088911320253, 43.731824499696202 ], [ -79.208866925612398, 43.731804086268397 ], [ -79.208848356973505, 43.731775550086802 ], [ -79.208837221653795, 43.731755169947 ], [ -79.208831729168907, 43.7317307446271 ], [ -79.208839326022201, 43.731707702834498 ], [ -79.2088469038721, 43.731686020178202 ], [ -79.208860118038402, 43.731661633507201 ], [ -79.208875172991597, 43.731646747818203 ], [ -79.208897694815406, 43.731630521958699 ], [ -79.208923965393097, 43.731614305641202 ], [ -79.208952097882403, 43.731598103060001 ], [ -79.209000810657798, 43.731584653237398 ], [ -79.209030783976502, 43.7315779426172 ], [ -79.209062592982605, 43.7315766644018 ], [ -79.209086910294303, 43.7315767262957 ], [ -79.209114963213196, 43.731579516061998 ], [ -79.209141122106601, 43.731586360555397 ], [ -79.209174733237504, 43.7316000199312 ], [ -79.209213896109205, 43.731625890084501 ], [ -79.209253085271797, 43.731646332550802 ], [ -79.209290432125698, 43.731662710764503 ], [ -79.209314756046496, 43.731661413441401 ], [ -79.209340474839195, 43.731654034830399 ], [ -79.209478703126294, 43.731598812673703 ], [ -79.209617935088204, 43.731536202891199 ], [ -79.209792080999406, 43.731435912437703 ], [ -79.209949042796396, 43.731297790956397 ], [ -79.2100888685423, 43.731109263921098 ], [ -79.210159181998804, 43.730933153181098 ], [ -79.210142107462701, 43.730870146287998 ], [ -79.210073069642505, 43.730781822158903 ], [ -79.209998300889396, 43.730746752719703 ], [ -79.209940412343698, 43.730724894867301 ], [ -79.209886292853298, 43.730696268626602 ], [ -79.209848991568805, 43.730673112795202 ], [ -79.209813545734406, 43.730651311846501 ], [ -79.209783776026001, 43.730615969447797 ], [ -79.209765227005306, 43.730583355902198 ], [ -79.209763509158293, 43.730553512465399 ], [ -79.209761706875895, 43.730538583850901 ], [ -79.209774992481002, 43.730499273212303 ], [ -79.209791967828593, 43.730472177607197 ], [ -79.2098126793978, 43.7304451004862 ], [ -79.209853984636695, 43.730415357267702 ], [ -79.209898973715994, 43.730396478866702 ], [ -79.2099382801226, 43.730392510065698 ], [ -79.209983157178698, 43.7303994108685 ], [ -79.210032173366997, 43.730410300697599 ], [ -79.210046513580295, 43.730414792684698 ], [ -79.210068385986602, 43.730419807845003 ], [ -79.210086164058396, 43.730421842210497 ], [ -79.210097129413896, 43.730420879887298 ], [ -79.210110832380295, 43.730415945962797 ], [ -79.210124547714003, 43.730411021069301 ], [ -79.210141036985704, 43.730397164987799 ], [ -79.210174001095993, 43.730372441188997 ], [ -79.210189144069901, 43.730354612144502 ], [ -79.210191944735698, 43.7303427106188 ], [ -79.210192030888393, 43.730324843396502 ], [ -79.210186647698904, 43.730305981172599 ], [ -79.210177175040698, 43.730283130035602 ], [ -79.210175981940694, 43.730247392128398 ], [ -79.210178846755298, 43.730219612596201 ], [ -79.210185801076605, 43.730195812975303 ], [ -79.2101927008367, 43.730185902113199 ], [ -79.210235271471205, 43.730156233973602 ], [ -79.210270940375494, 43.730139456087599 ], [ -79.210306582530094, 43.7301256485284 ], [ -79.210340842953499, 43.730117796270797 ], [ -79.210361388123602, 43.730114868926897 ], [ -79.210388758401507, 43.730114938279897 ], [ -79.210406545978998, 43.730114983347903 ], [ -79.210428408722706, 43.7301219876869 ], [ -79.210457104229803, 43.730132978872703 ], [ -79.210492624866006, 43.7301469667457 ], [ -79.210514458974998, 43.730159920808603 ], [ -79.210537706276995, 43.730162959090798 ], [ -79.210566478285202, 43.730158072273397 ], [ -79.210615816502994, 43.730143309162898 ], [ -79.210736961891399, 43.730103146281401 ], [ -79.210805656995504, 43.7300847325684 ], [ -79.210878334058293, 43.730059109899898 ], [ -79.210944127642804, 43.730037448321298 ], [ -79.211041555702906, 43.7299860726107 ], [ -79.211110163934705, 43.729949530016903 ], [ -79.211147264670402, 43.729918857576003 ], [ -79.211203604136102, 43.729870366291401 ], [ -79.211253109833095, 43.729825827257898 ], [ -79.211314980348305, 43.729765441262003 ], [ -79.211361844622203, 43.729697078252997 ], [ -79.211403225795394, 43.729607305454302 ], [ -79.211427745631397, 43.729572775631397 ], [ -79.211412880097001, 43.7295510361323 ], [ -79.211403598501605, 43.729537438841596 ], [ -79.211398066739903, 43.729518432277203 ], [ -79.211381352378197, 43.729493969733902 ], [ -79.211373978260497, 43.7294708899597 ], [ -79.211374108536106, 43.729443760578299 ], [ -79.211372377550305, 43.729413908125103 ], [ -79.2113780597454, 43.729398998432202 ], [ -79.211396927907103, 43.729367838806297 ], [ -79.211419480780805, 43.729344825593103 ], [ -79.211449543891803, 43.729319121964402 ], [ -79.211481455191006, 43.729298859736602 ], [ -79.211507717528605, 43.729284001983402 ], [ -79.211543325989496, 43.729271877181503 ], [ -79.211580809334293, 43.729257047728801 ], [ -79.211629487022606, 43.729250392620997 ], [ -79.211665043364604, 43.729249123134601 ], [ -79.211711794704797, 43.729253309616098 ], [ -79.211749167359699, 43.729261549984898 ], [ -79.2117734512385, 43.72926838915 ], [ -79.211784962564394, 43.729272594748203 ], [ -79.211818408930398, 43.729245396347402 ], [ -79.211884962424904, 43.729215139963799 ], [ -79.211958540820305, 43.729179842552199 ], [ -79.211993616250098, 43.7291545834698 ], [ -79.212056754187799, 43.7291065769518 ], [ -79.212116428310594, 43.729053502982303 ], [ -79.212172577751701, 43.729005478797802 ], [ -79.212221751185893, 43.728957446023003 ], [ -79.212253374808299, 43.728924581129398 ], [ -79.212299047546793, 43.728873992159201 ], [ -79.212320158212293, 43.728846168478199 ], [ -79.2123764407349, 43.728770258709503 ], [ -79.2124151249498, 43.728719661106801 ], [ -79.212439723740701, 43.7286943755254 ], [ -79.212488884607595, 43.728648871947598 ], [ -79.212524019846299, 43.728608400767598 ], [ -79.212541629986106, 43.728580568240197 ], [ -79.212559300759395, 43.728540053125798 ], [ -79.212569934808698, 43.728509655701501 ], [ -79.212598263708799, 43.728433693523797 ], [ -79.212630141393802, 43.728347586869802 ], [ -79.212676079882797, 43.7282412447749 ], [ -79.212700775018007, 43.728193141251403 ], [ -79.212732470675604, 43.728145064317701 ], [ -79.212761290535894, 43.728093559679401 ], [ -79.212785318781499, 43.728047317715799 ], [ -79.212838974708504, 43.727951922439097 ], [ -79.212874726460896, 43.727891388945601 ], [ -79.212910434247206, 43.727840045589303 ], [ -79.212969066296594, 43.727763034264498 ], [ -79.2130149374985, 43.727704362387897 ], [ -79.213086264856798, 43.727620046869802 ], [ -79.213144857764206, 43.727548544108799 ], [ -79.213195796450606, 43.727491730127802 ], [ -79.213251786836096, 43.727434928796903 ], [ -79.213284874340104, 43.727401941263899 ], [ -79.213282386073899, 43.727392744762 ], [ -79.213270541172406, 43.727367448584403 ], [ -79.213234067431003, 43.727376529340702 ], [ -79.213190966990695, 43.727395692842499 ], [ -79.213156721584198, 43.727411206046803 ], [ -79.213142789947597, 43.727414834586398 ], [ -79.213130137462997, 43.727415720958199 ], [ -79.213120017814205, 43.727413859308001 ], [ -79.213109923681401, 43.727409252344501 ], [ -79.213101096378395, 43.727401885181003 ], [ -79.213093543115704, 43.727395448341802 ], [ -79.213089788785098, 43.727386257658999 ], [ -79.213089841329406, 43.727375249281302 ], [ -79.213092443503498, 43.727360574799697 ], [ -79.213096268638907, 43.727352330269198 ], [ -79.213112784213607, 43.727340445087499 ], [ -79.213140695693497, 43.727323079748402 ], [ -79.213223070632495, 43.7272957516766 ], [ -79.213368077721299, 43.727260758551203 ], [ -79.213433477558098, 43.727159433613899 ], [ -79.213468839296993, 43.727099772067803 ], [ -79.213503254677093, 43.727048542295201 ], [ -79.213559627634197, 43.726992056811 ], [ -79.213606214774302, 43.726944394993602 ], [ -79.213650343758005, 43.726902037727399 ], [ -79.213701766590802, 43.726863236198803 ], [ -79.213758088187703, 43.7268226736714 ], [ -79.213814338286397, 43.726794505637997 ], [ -79.213875419759802, 43.726778735370701 ], [ -79.213969375853097, 43.726764118488703 ], [ -79.214004044567304, 43.726813432995101 ], [ -79.214010250448695, 43.726836968750497 ], [ -79.214033919806695, 43.726918039087003 ], [ -79.214061803790102, 43.727008121195901 ], [ -79.214093563882599, 43.727102713609497 ], [ -79.214142399875598, 43.7271928481019 ], [ -79.214210666777603, 43.7272740209213 ], [ -79.214294556101905, 43.727332738664302 ], [ -79.214405282998399, 43.727378021553399 ], [ -79.214531931557801, 43.7274188434832 ], [ -79.214661341350293, 43.7274506619299 ], [ -79.214791123606204, 43.727482490160597 ], [ -79.214937224726398, 43.727509849325202 ], [ -79.215071695615293, 43.7275371883131 ], [ -79.215213197442296, 43.727555534425399 ], [ -79.215360520684996, 43.727573903860701 ], [ -79.215498949801798, 43.727583240733203 ], [ -79.215656821938694, 43.727583633574397 ], [ -79.215807257332798, 43.727597509558699 ], [ -79.215963429147806, 43.727629393066898 ], [ -79.216108000839199, 43.727652255318098 ], [ -79.216244075494401, 43.727666086057198 ], [ -79.216385214400503, 43.727679938201597 ], [ -79.216540271239296, 43.727698316303801 ], [ -79.216685176875799, 43.727734680503801 ], [ -79.216811900190194, 43.727757488621599 ], [ -79.216928933144303, 43.727784782218897 ], [ -79.217068123751702, 43.727798628694799 ], [ -79.217212375056505, 43.727807977903502 ], [ -79.217349971913606, 43.727830821326897 ], [ -79.217494586972293, 43.727844671695898 ], [ -79.217636559585301, 43.727845022504702 ], [ -79.217762037988905, 43.7278528754441 ], [ -79.217914266424103, 43.727879021763997 ], [ -79.218043919294701, 43.727883428222199 ], [ -79.218201626534395, 43.727916518624099 ], [ -79.218332428230795, 43.727975106012799 ], [ -79.218453307740205, 43.728047971771502 ], [ -79.218553089417497, 43.728109542913202 ], [ -79.218758706665298, 43.728146008951697 ], [ -79.218989687947399, 43.728176119101001 ], [ -79.219122422286006, 43.728217193934803 ], [ -79.219291197007905, 43.7282675203857 ], [ -79.219461598585596, 43.728328373021299 ], [ -79.219606353824005, 43.7283737343786 ], [ -79.219627915059903, 43.728378944975098 ], [ -79.219762527368701, 43.728411436494603 ], [ -79.219859804172401, 43.728451586417698 ], [ -79.219908413816398, 43.728469852029903 ], [ -79.2200704995781, 43.728498837016197 ], [ -79.220171308269698, 43.728542955865898 ], [ -79.220297739316607, 43.728602547439003 ], [ -79.220443074588601, 43.7287022856001 ], [ -79.220568830853793, 43.728792344393298 ], [ -79.220695136682707, 43.728887094031698 ], [ -79.220811744943504, 43.7289612430258 ], [ -79.220947227931504, 43.729025851669903 ], [ -79.221083386174797, 43.729060028635203 ], [ -79.221253623273597, 43.729106368204498 ], [ -79.221467133634903, 43.729184407301602 ], [ -79.221637527697396, 43.7292452386638 ], [ -79.221799420801801, 43.729305752040503 ], [ -79.221929759141503, 43.729355900018 ], [ -79.222070168456995, 43.729413246316597 ], [ -79.222209983473803, 43.729462264858903 ], [ -79.222315785434105, 43.7295063579407 ], [ -79.222443802538507, 43.729572827924798 ], [ -79.222550075895498, 43.729614374585204 ], [ -79.222684947011501, 43.7296670440453 ], [ -79.222794326797697, 43.729718733400901 ], [ -79.222894524363198, 43.729750894723402 ], [ -79.223034184315296, 43.729785392893497 ], [ -79.223147671532502, 43.7297997367546 ], [ -79.2232881088255, 43.729811040325004 ], [ -79.223406573884304, 43.729825350973698 ], [ -79.223554657268906, 43.729852928941803 ], [ -79.223711779080503, 43.729885542251502 ], [ -79.223844958311901, 43.729920464825199 ], [ -79.223974168009903, 43.729957555955401 ], [ -79.2240559964509, 43.7300003113522 ], [ -79.224154402260595, 43.730049884624499 ], [ -79.224282253239906, 43.730101851160597 ], [ -79.2243616489896, 43.730150055214999 ], [ -79.224423728007906, 43.730214662712903 ], [ -79.2245273022357, 43.730282331594701 ], [ -79.224596424827794, 43.730351249559298 ], [ -79.224657921886106, 43.730407511385401 ], [ -79.224701544557803, 43.730471840236298 ], [ -79.224721951638699, 43.7305612715979 ], [ -79.224732770729105, 43.730640985540198 ], [ -79.224738306454498, 43.730741380583503 ], [ -79.224743251507903, 43.730829811568697 ], [ -79.224759015453898, 43.7309058649112 ], [ -79.224819178978507, 43.7309770024657 ], [ -79.224850500072705, 43.731011660589402 ], [ -79.224927905655505, 43.731050264142297 ], [ -79.2253871917857, 43.7312977411529 ], [ -79.224569113886503, 43.732060922143901 ], [ -79.225078145422501, 43.733239481044301 ], [ -79.225417543628694, 43.734025248699602 ], [ -79.225825953015402, 43.734989360008399 ], [ -79.225942488875006, 43.735295681053003 ], [ -79.226257364788793, 43.736016524337401 ], [ -79.226657325801995, 43.7369716108918 ], [ -79.227084192204799, 43.7379807584433 ], [ -79.227927931389203, 43.739980977014199 ], [ -79.228216305389196, 43.740659319511899 ], [ -79.228245787423305, 43.740728815973902 ], [ -79.228672830239603, 43.741017869334101 ], [ -79.228892301286507, 43.741475786751103 ], [ -79.228126147445195, 43.7419650730765 ], [ -79.227985654928503, 43.742060952765499 ], [ -79.227845557541599, 43.742157211271802 ], [ -79.227706053235707, 43.742254002089098 ], [ -79.227567030924703, 43.742351180935202 ], [ -79.227428664260302, 43.742448784230902 ], [ -79.227290903785402, 43.742546766854602 ], [ -79.227153625100797, 43.742645182518601 ], [ -79.227016964694101, 43.742744049553103 ], [ -79.226880811112295, 43.7428433046856 ], [ -79.226745300721007, 43.742942993249699 ], [ -79.226610384268, 43.743043025117998 ], [ -79.226475949481397, 43.743143517039599 ], [ -79.226342145675204, 43.743244397363902 ], [ -79.226208836114594, 43.743345701770401 ], [ -79.226076269439403, 43.743447358847099 ], [ -79.225944184717704, 43.743549412976897 ], [ -79.225812606575403, 43.7436519092266 ], [ -79.225681770991699, 43.743754830161897 ], [ -79.225551442645397, 43.743858049203297 ], [ -79.225419980360797, 43.7439620664776 ], [ -79.225313187894798, 43.744044368965397 ], [ -79.225240133987398, 43.744101162024798 ], [ -79.225206915114697, 43.744126996645001 ], [ -79.225101248230999, 43.744210102745797 ], [ -79.224996187408607, 43.744293651265103 ], [ -79.224891634063198, 43.744377479945399 ], [ -79.224787711528904, 43.744461769109201 ], [ -79.224684395551705, 43.744546392682999 ], [ -79.224581697888098, 43.744631494716003 ], [ -79.224479631903606, 43.744716868214198 ], [ -79.224378035449703, 43.744802674810202 ], [ -79.224277194339606, 43.744888861187299 ], [ -79.224176835713905, 43.744975363680702 ], [ -79.224077232227501, 43.745062290964199 ], [ -79.223978148392007, 43.745149552459097 ], [ -79.223879658745304, 43.745237139345498 ], [ -79.223781911410796, 43.745325241008402 ], [ -79.223684646895506, 43.745413586786 ], [ -79.223630856596102, 43.745462945367997 ], [ -79.223588013736901, 43.7455022760521 ], [ -79.223492135847906, 43.745591363115203 ], [ -79.223396727577807, 43.745680865288399 ], [ -79.223302075118298, 43.7457706482475 ], [ -79.223208066353294, 43.745860792733801 ], [ -79.223114651951406, 43.745951226619702 ], [ -79.223021868456996, 43.746042103015803 ], [ -79.222929679494001, 43.746133232809903 ], [ -79.222837127150399, 43.746225018734897 ], [ -79.2227732693283, 43.746289753554301 ], [ -79.222708630685602, 43.7463541533984 ], [ -79.222643273011002, 43.746418281424297 ], [ -79.222577432834896, 43.746482003186699 ], [ -79.222510960704696, 43.746545417335199 ], [ -79.222443732498803, 43.746608514566198 ], [ -79.222376034330594, 43.746671178557598 ], [ -79.222343253191298, 43.746701126946803 ], [ -79.222307728913606, 43.746733561995498 ], [ -79.222238643043397, 43.7467955294399 ], [ -79.222169061669305, 43.746857216600098 ], [ -79.222098898417897, 43.7469185062495 ], [ -79.222028078874303, 43.746979380203598 ], [ -79.221956664536194, 43.747039964627803 ], [ -79.221884606487805, 43.747100097380098 ], [ -79.221812053308099, 43.747159868833201 ], [ -79.2217387938353, 43.747219296474398 ], [ -79.221665014564607, 43.747278326749097 ], [ -79.221590740453905, 43.7473369327138 ], [ -79.221515722507405, 43.7473952577799 ], [ -79.221440209845596, 43.7474531315303 ], [ -79.221364190135702, 43.747510535931603 ], [ -79.221287451714005, 43.7475675964834 ], [ -79.221210342282106, 43.747624305031302 ], [ -79.221132477306199, 43.747680579625403 ], [ -79.221054254029298, 43.7477364392361 ], [ -79.220975274706305, 43.747791972903798 ], [ -79.220900111844301, 43.747838478628502 ], [ -79.220660974573704, 43.747986450281203 ], [ -79.220583892021494, 43.748031798950699 ], [ -79.220506352411903, 43.748076615379198 ], [ -79.220428156201194, 43.748121088103098 ], [ -79.220349626848602, 43.748165082894403 ], [ -79.220270553566905, 43.748208536227999 ], [ -79.220191022308896, 43.748251655340901 ], [ -79.220110984456994, 43.748294215083099 ], [ -79.220030476800702, 43.748336314556902 ], [ -79.219949561381895, 43.748377962914397 ], [ -79.219868176538498, 43.748419069991797 ], [ -79.219786284097793, 43.748459833720801 ], [ -79.219703897358997, 43.748500065107699 ], [ -79.219621128199194, 43.748539737422398 ], [ -79.219538025319693, 43.748579057811099 ], [ -79.219453545890502, 43.748617987708698 ], [ -79.219374903603594, 43.748653970479999 ], [ -79.219295754074096, 43.748689537895899 ], [ -79.219216147348106, 43.748724609067601 ], [ -79.219136120845306, 43.748759148081199 ], [ -79.219055773395397, 43.748793263193299 ], [ -79.218974894547401, 43.748826818867599 ], [ -79.218893807094801, 43.748859824898197 ], [ -79.218812187699498, 43.748892388503599 ], [ -79.2187302229502, 43.7489244381322 ], [ -79.218647851018005, 43.748955919623903 ], [ -79.218565158357706, 43.748986932203799 ], [ -79.218481934097198, 43.749017430346001 ], [ -79.218398612950395, 43.749047388116701 ], [ -79.218314785251195, 43.749076786503601 ], [ -79.218230599537705, 43.749105724885098 ], [ -79.218146143362304, 43.749134068458297 ], [ -79.218061329302799, 43.749161925021298 ], [ -79.217976157445094, 43.749189276571101 ], [ -79.217890603168897, 43.749216078040298 ], [ -79.217804803187406, 43.7492423027618 ], [ -79.217718757079695, 43.749268040746202 ], [ -79.217632341060707, 43.7492932106761 ], [ -79.217545704091506, 43.749317821920201 ], [ -79.217458659752793, 43.749341910021897 ], [ -79.217371394340901, 43.749365466439798 ], [ -79.217283858190697, 43.749388491050397 ], [ -79.217195964513607, 43.749410956634897 ], [ -79.217107949146396, 43.749432881778503 ], [ -79.217019576214099, 43.749454256895802 ], [ -79.216930932891202, 43.749475028194702 ], [ -79.216842192803497, 43.749495241110601 ], [ -79.216753069941603, 43.7495149849466 ], [ -79.216663689197603, 43.749534106991 ], [ -79.214111694715896, 43.750184776804502 ], [ -79.2139990215681, 43.750213496785598 ], [ -79.213900933976802, 43.7502379415915 ], [ -79.213803091857898, 43.750262972005601 ], [ -79.213705495251801, 43.750288579027497 ], [ -79.213608256166594, 43.750314708931299 ], [ -79.213511287165801, 43.750341469513003 ], [ -79.2134145390512, 43.750368761636899 ], [ -79.213318185229198, 43.750396675750302 ], [ -79.213222065006505, 43.7504250584307 ], [ -79.213126314194795, 43.750454072041201 ], [ -79.213030932705493, 43.750483734584797 ], [ -79.212935921568501, 43.750513830036397 ], [ -79.212841167996203, 43.750544574141998 ], [ -79.212746771924799, 43.7505758411369 ], [ -79.212652745769702, 43.7506076310531 ], [ -79.212559101687404, 43.750639997929198 ], [ -79.212465802683298, 43.750672887665999 ], [ -79.212372761835894, 43.750706300045501 ], [ -79.212280214334797, 43.750740388680697 ], [ -79.212188037214503, 43.750774901229697 ], [ -79.212096217107302, 43.750810035686001 ], [ -79.212004916167302, 43.750845639438801 ], [ -79.211913848022206, 43.750881873788899 ], [ -79.211800645021299, 43.750924776150001 ], [ -79.211687935735995, 43.750968264721799 ], [ -79.211575608366303, 43.751012348224897 ], [ -79.211463638335104, 43.751056972591101 ], [ -79.211352174256604, 43.751102219207503 ], [ -79.211280346538899, 43.7511318767584 ], [ -79.211279577368202, 43.751129147452801 ], [ -79.211268678104801, 43.750976099571901 ], [ -79.211254482399895, 43.750535005036703 ], [ -79.211240945976598, 43.750444958860903 ], [ -79.211228123753699, 43.750363915684503 ], [ -79.211206100214596, 43.750264846860802 ], [ -79.2111670342845, 43.750156733767597 ], [ -79.211097272458602, 43.749976542487602 ], [ -79.210845529627093, 43.749390836956401 ], [ -79.2103134754895, 43.748183346845501 ], [ -79.210094910020203, 43.7476856113026 ], [ -79.209809369398101, 43.747039662488397 ], [ -79.209349266077894, 43.746002643851199 ], [ -79.208993443606403, 43.745153734900803 ], [ -79.207891500083704, 43.742524470472397 ], [ -79.208030753369101, 43.7424528165878 ], [ -79.208124975826493, 43.742381047550303 ], [ -79.208198190771398, 43.7423272272258 ], [ -79.208253614924899, 43.742255359023098 ], [ -79.208293488512496, 43.742192452317397 ], [ -79.208330226906796, 43.742138538807602 ], [ -79.208357685042898, 43.742075600395502 ], [ -79.208366563894003, 43.742003613361597 ], [ -79.208421138752897, 43.741625701716103 ], [ -79.208467743463203, 43.741454797570498 ], [ -79.208500455813606, 43.741265855547098 ], [ -79.208574906647101, 43.7411130247852 ], [ -79.208767228566501, 43.740816474958699 ], [ -79.208858823606406, 43.740645685254897 ], [ -79.208784162269396, 43.740519478067 ], [ -79.208596742401994, 43.740122946991598 ], [ -79.2084472518263, 43.7397445057657 ], [ -79.208406645758103, 43.739636387604001 ], [ -79.208389111508097, 43.739573334366 ], [ -79.208359324877904, 43.739474245002398 ], [ -79.208342647823301, 43.739393191512299 ], [ -79.208348553716505, 43.739294184212397 ], [ -79.208339679606397, 43.739204149413801 ], [ -79.208330123200199, 43.739096110440599 ], [ -79.208336029082105, 43.7389971031361 ], [ -79.208341077808399, 43.738916105075702 ], [ -79.208345431782007, 43.738817102808902 ], [ -79.208357644701806, 43.738700109159097 ], [ -79.208372222741005, 43.738574129324803 ], [ -79.208386713392201, 43.738466142695103 ], [ -79.208397969267097, 43.738385160460801 ], [ -79.208409169015496, 43.738313179297997 ], [ -79.208396290580097, 43.738250137923998 ], [ -79.208400426041806, 43.7381961321706 ], [ -79.208399223688701, 43.7381241193657 ], [ -79.208394874039797, 43.738061099747704 ], [ -79.208385956348593, 43.737980066039597 ], [ -79.208366958207407, 43.737898997608802 ], [ -79.208352559375001, 43.737826951128298 ], [ -79.208324369147704, 43.737718864580998 ], [ -79.208274641130799, 43.737574709182702 ] ] ] ] } },
{ "type": "Feature", "properties": { "_id": 6, "AREA_ID": 2502342.0, "DATE_EFFECTIVE": "2022-04-11T21:27:23", "DATE_EXPIRY": "3000/01/01 05:00:00", "AREA_ATTR_ID": 26022857.0, "AREA_TYPE_ID": 602.0, "PARENT_AREA_ID": null, "AREA_TYPE": "CNBH", "AREA_CLASS_ID": null, "AREA_CLASS": "None", "AREA_SHORT_CODE": "138", "AREA_LONG_CODE": "138", "AREA_NAME": "Eglinton East", "AREA_DESC": "Eglinton East (138)", "FEATURE_CODE": null, "FEATURE_CODE_DESC": "None", "TRANS_ID_CREATE": 344709.0, "TRANS_ID_EXPIRE": -1.0, "OBJECTID": 17825121 }, "geometry": { "type": "MultiPolygon", "coordinates": [ [ [ [ -79.236409729902704, 43.7532806083574 ], [ -79.236409010035203, 43.753280525686499 ], [ -79.236072460468606, 43.7533151867474 ], [ -79.235798993742307, 43.753321413860199 ], [ -79.235504091794297, 43.753206875700599 ], [ -79.235217387906104, 43.753142753458199 ], [ -79.234857658004998, 43.753080990452503 ], [ -79.234518195617397, 43.753018985353499 ], [ -79.234198488971003, 43.753033076283899 ], [ -79.233954656374806, 43.753111197427998 ], [ -79.233835868445794, 43.753142001993098 ], [ -79.2338057397196, 43.753067104898598 ], [ -79.233704148215594, 43.752821144635199 ], [ -79.233683941611403, 43.752771428961204 ], [ -79.233558427928301, 43.752462638476899 ], [ -79.233253588020602, 43.751733019594198 ], [ -79.233168502361707, 43.751560034017302 ], [ -79.232758446132806, 43.750585227415002 ], [ -79.232376922132801, 43.749647291894803 ], [ -79.232290899270097, 43.749460144520199 ], [ -79.231949859462105, 43.748635492317597 ], [ -79.231494743334395, 43.747563983097798 ], [ -79.231073522497198, 43.746518574106801 ], [ -79.230605353398502, 43.745435508698499 ], [ -79.230029961178701, 43.744082493757602 ], [ -79.229794042487399, 43.7435425388311 ], [ -79.229571220162299, 43.742962621976403 ], [ -79.229320441909707, 43.742382809451499 ], [ -79.229177330180406, 43.742010576392602 ], [ -79.229039016114299, 43.741681596328498 ], [ -79.228908484814198, 43.741510146759701 ], [ -79.228892301286507, 43.741475786751103 ], [ -79.229509005439496, 43.7410819415825 ], [ -79.230118204452495, 43.740690478660703 ], [ -79.232475784711298, 43.739223143179302 ], [ -79.234225197719695, 43.7381261684801 ], [ -79.235974645531101, 43.737026493497901 ], [ -79.237134081797706, 43.736307294951999 ], [ -79.2399308010189, 43.734572280067503 ], [ -79.239978673314795, 43.734542594930502 ], [ -79.241987816074399, 43.733272340356201 ], [ -79.242094979649806, 43.733206576216297 ], [ -79.242201524054295, 43.7331404055234 ], [ -79.242307437182902, 43.733073756242199 ], [ -79.242412880255898, 43.733006664742597 ], [ -79.242517803734401, 43.732939103910603 ], [ -79.242622095665496, 43.732871127503003 ], [ -79.242725917847395, 43.732802636872002 ], [ -79.242829120856101, 43.732733739697601 ], [ -79.242931704845603, 43.732664399976798 ], [ -79.243033781305201, 43.732594671969203 ], [ -79.243135263841197, 43.7325244384661 ], [ -79.243236214327695, 43.732453744614197 ], [ -79.243336458670001, 43.7323826620338 ], [ -79.243436183260499, 43.732311146138997 ], [ -79.243535425377203, 43.732239188013502 ], [ -79.243633924494304, 43.7321667510693 ], [ -79.243731915850105, 43.732093979855399 ], [ -79.243829176581698, 43.732020738855198 ], [ -79.243925942464301, 43.731947046601199 ], [ -79.244022088943694, 43.7318730018292 ], [ -79.244117616518494, 43.7317984875259 ], [ -79.244212487412895, 43.731723629625499 ], [ -79.2443069131497, 43.731648311586802 ], [ -79.244400570564906, 43.731572631701901 ], [ -79.244493633788295, 43.731496509350599 ], [ -79.244586053090899, 43.731419962425903 ], [ -79.244677741199197, 43.731343080746598 ], [ -79.244767582005807, 43.731265609787698 ], [ -79.244856642505397, 43.731187677952597 ], [ -79.2449452322615, 43.731109465958497 ], [ -79.245032942407803, 43.731030792869703 ], [ -79.245120157138999, 43.7309518035648 ], [ -79.2452066657778, 43.730872416563997 ], [ -79.2452924930368, 43.730792658927903 ], [ -79.245377763313996, 43.730712467926303 ], [ -79.245462252375702, 43.730632032087001 ], [ -79.245491418136297, 43.730603896177897 ], [ -79.246018344240895, 43.7318221424783 ], [ -79.246362493848395, 43.732651028637797 ], [ -79.246894088280698, 43.733939400375 ], [ -79.247145322428906, 43.734552048709098 ], [ -79.2473848423124, 43.735173680761697 ], [ -79.2479174025069, 43.736408041986103 ], [ -79.248005224094896, 43.736561265399203 ], [ -79.248056837347306, 43.736651391388001 ], [ -79.248084593064405, 43.736696458668902 ], [ -79.250224913876906, 43.736224055122001 ], [ -79.252051263851101, 43.735849953240098 ], [ -79.2531905056955, 43.735582373211997 ], [ -79.254366881304904, 43.7353418652907 ], [ -79.255609312417803, 43.7350744828342 ], [ -79.256838561480706, 43.734807049813902 ], [ -79.257427187367696, 43.734673282169602 ], [ -79.258104307555797, 43.7345306885802 ], [ -79.259171243200498, 43.734307901948 ], [ -79.260187805972294, 43.734066997219998 ], [ -79.260942605648395, 43.733897546072903 ], [ -79.261782924699403, 43.733692263296597 ], [ -79.262374717439002, 43.7335494665151 ], [ -79.262970654156604, 43.733412805094297 ], [ -79.263604824396694, 43.734862937668098 ], [ -79.263702832736598, 43.735087054775398 ], [ -79.263814621317906, 43.735349095416602 ], [ -79.265908426829, 43.740256367128701 ], [ -79.265949472912894, 43.740354690453998 ], [ -79.266615208719799, 43.7419492216777 ], [ -79.266637479422101, 43.742001024124697 ], [ -79.266655337946602, 43.742044455432598 ], [ -79.2665359369025, 43.7420736545781 ], [ -79.266254614934297, 43.742137555301099 ], [ -79.266103372595097, 43.742171909576797 ], [ -79.2659482530144, 43.742207146832698 ], [ -79.2645270341078, 43.742519333198999 ], [ -79.262868128363706, 43.742885025272301 ], [ -79.261732661039602, 43.743134733847597 ], [ -79.261466533159606, 43.742540107806597 ], [ -79.260898073360096, 43.742655944819496 ], [ -79.2606697722684, 43.742700482070198 ], [ -79.260533153751993, 43.742709197136001 ], [ -79.260441637920394, 43.742700004154003 ], [ -79.260268639370807, 43.742690640226002 ], [ -79.259786288191293, 43.742617626831198 ], [ -79.259296178577898, 43.742544586060802 ], [ -79.259106987429107, 43.742508191638201 ], [ -79.258819376130802, 43.742444576632899 ], [ -79.258582954167196, 43.742381069034103 ], [ -79.258220310624907, 43.742254294531101 ], [ -79.257939029443705, 43.742154676846901 ], [ -79.2578405737124, 43.742136465871702 ], [ -79.257710321343197, 43.742109195202801 ], [ -79.257572200612003, 43.742108893332301 ], [ -79.257409285492898, 43.7420995464622 ], [ -79.2571251512814, 43.742134947908603 ], [ -79.256303407566406, 43.742331225502603 ], [ -79.256238972393803, 43.742340089314901 ], [ -79.256152810219206, 43.742348915741701 ], [ -79.256076765942794, 43.742348744481603 ], [ -79.255992998564807, 43.7423395644729 ], [ -79.255938754339695, 43.742321446234598 ], [ -79.255860461540095, 43.742303276606101 ], [ -79.255797748777795, 43.742267137787401 ], [ -79.255743614463, 43.7422220160541 ], [ -79.2556934270645, 43.742158891305003 ], [ -79.255655704103503, 43.742086800968501 ], [ -79.255521040591901, 43.7418074664131 ], [ -79.255203008930806, 43.741779782082602 ], [ -79.255043993484804, 43.741770440192703 ], [ -79.254844640342796, 43.741752010357303 ], [ -79.254610485879994, 43.741706501825099 ], [ -79.254523640640997, 43.741697314130803 ], [ -79.254418880661504, 43.741697089093897 ], [ -79.254279905049202, 43.741714801837098 ], [ -79.253241333922404, 43.741811586749797 ], [ -79.252726684313103, 43.741864490802797 ], [ -79.252442548507105, 43.741899880606297 ], [ -79.252218937000507, 43.7419354009253 ], [ -79.251580008223101, 43.742015024967102 ], [ -79.251380543576801, 43.742023601487197 ], [ -79.251121236907096, 43.742059042009402 ], [ -79.250638912263298, 43.742166005312399 ], [ -79.250847287204707, 43.742634540746998 ], [ -79.250997908975293, 43.742994935431597 ], [ -79.250761859379907, 43.743064603392803 ], [ -79.250688258396593, 43.7430857847474 ], [ -79.250549772500904, 43.7431370145271 ], [ -79.250307629167906, 43.743196892934101 ], [ -79.250126175029493, 43.743232465231898 ], [ -79.249941815341899, 43.743265069486398 ], [ -79.249732447118902, 43.743378890616697 ], [ -79.249613870927803, 43.743496528774699 ], [ -79.249481411529203, 43.7436592864481 ], [ -79.249374663300799, 43.743774726976802 ], [ -79.249324128105997, 43.743811125062898 ], [ -79.249272195996795, 43.743887701461603 ], [ -79.249250421138797, 43.7439198240167 ], [ -79.249120826315405, 43.744032414803598 ], [ -79.249033701983805, 43.744113207417499 ], [ -79.249007854546207, 43.744145320982902 ], [ -79.248885299696695, 43.744263588717502 ], [ -79.248732356688194, 43.744401079109103 ], [ -79.248581619084405, 43.744524676277798 ], [ -79.248394407317605, 43.744632350833697 ], [ -79.248214843830496, 43.7447191231213 ], [ -79.248046138340499, 43.744730236902797 ], [ -79.247913372690903, 43.744662516113998 ], [ -79.247768633388304, 43.744578233527797 ], [ -79.247648463327494, 43.744571352388803 ], [ -79.247571736313304, 43.744588213249799 ], [ -79.247499420448804, 43.744624913466097 ], [ -79.247343107175993, 43.744750936005801 ], [ -79.247246250066198, 43.744892553897401 ], [ -79.247193247374, 43.744989595715303 ], [ -79.247061342311, 43.745118615239697 ], [ -79.246869275885899, 43.745269392325199 ], [ -79.246695153955002, 43.745357353423898 ], [ -79.246479022458203, 43.745431845290398 ], [ -79.246267512512901, 43.745517319477798 ], [ -79.246050929735901, 43.745621936569698 ], [ -79.245878763592302, 43.745663823587499 ], [ -79.245632035998398, 43.745709099912602 ], [ -79.245327625547802, 43.745762402287298 ], [ -79.245077291180394, 43.745779657623203 ], [ -79.244956774810603, 43.745783664342603 ], [ -79.244844359312793, 43.745783449450997 ], [ -79.2446018432329, 43.745775292790299 ], [ -79.244455823116496, 43.745747386721398 ], [ -79.244274493770106, 43.745666438373199 ], [ -79.244214485040303, 43.745509278046299 ], [ -79.244181995614994, 43.745397626373702 ], [ -79.244068864491297, 43.745341151573903 ], [ -79.243753747736207, 43.7453692134061 ], [ -79.243623590261294, 43.745377751716198 ], [ -79.243493310044201, 43.745374317997197 ], [ -79.243393207154, 43.745349105953999 ], [ -79.243280664370303, 43.745320760466797 ], [ -79.243033664865493, 43.745264028896003 ], [ -79.242729823951294, 43.745314796297301 ], [ -79.242461383134895, 43.745336082695601 ], [ -79.242195065323401, 43.745241635731198 ], [ -79.242116907487599, 43.745232602228803 ], [ -79.241987079891004, 43.745199040773599 ], [ -79.241809851853901, 43.745147207671202 ], [ -79.241662141884305, 43.745126027116697 ], [ -79.241511648855806, 43.745154355718903 ], [ -79.241462992323704, 43.745205795585001 ], [ -79.241398008371903, 43.745263040273599 ], [ -79.241362318201894, 43.745287568818902 ], [ -79.241345927211199, 43.7452995033333 ], [ -79.241166417399398, 43.745448796040598 ], [ -79.240979663704806, 43.745573183709901 ], [ -79.2407175535661, 43.745695104844998 ], [ -79.240461910534094, 43.745785571844202 ], [ -79.240404574024296, 43.745813939454798 ], [ -79.240225004100097, 43.7459475234282 ], [ -79.240151496013397, 43.7461091620141 ], [ -79.240118341037501, 43.7463854866524 ], [ -79.240090277761098, 43.746627078195097 ], [ -79.240107455017394, 43.746955859251202 ], [ -79.240072084444506, 43.747207461490802 ], [ -79.239941603541396, 43.747464608117703 ], [ -79.239954547098094, 43.747514963296098 ], [ -79.239826867038204, 43.747649798799699 ], [ -79.239784914214397, 43.747743720864101 ], [ -79.239687783899299, 43.747894440866702 ], [ -79.239606918195406, 43.748225779963001 ], [ -79.239561224071593, 43.748503695985399 ], [ -79.239408302586099, 43.748711806269903 ], [ -79.2391955434734, 43.748868373959802 ], [ -79.2390530677784, 43.748918050444701 ], [ -79.238892692209603, 43.7488864860251 ], [ -79.238675514958899, 43.748865133906797 ], [ -79.238523362589504, 43.748969811949799 ], [ -79.238533801257901, 43.749193200632497 ], [ -79.238551731110704, 43.749258851399603 ], [ -79.238585429886399, 43.749521502498503 ], [ -79.238556648522305, 43.749738023545902 ], [ -79.238476029079294, 43.749902426048997 ], [ -79.238346872748707, 43.750069219722597 ], [ -79.238336206161193, 43.750297303695604 ], [ -79.238327248226099, 43.750486596403697 ], [ -79.238310443582705, 43.750598703864497 ], [ -79.238288892614506, 43.750625982159598 ], [ -79.238227819739606, 43.750820862267602 ], [ -79.238141969823502, 43.750976818401597 ], [ -79.238052363540504, 43.751077183461497 ], [ -79.238029550383999, 43.751183102277203 ], [ -79.238043314773904, 43.751301301546199 ], [ -79.2381840436272, 43.751434499669003 ], [ -79.238262042920098, 43.751575655061501 ], [ -79.238209378253003, 43.7516930090706 ], [ -79.238194999188394, 43.751721419917601 ], [ -79.238083282349294, 43.751937156684598 ], [ -79.237993590612206, 43.752056757041899 ], [ -79.237905704019099, 43.752118312751598 ], [ -79.237748602801204, 43.752125630417297 ], [ -79.237622212974998, 43.752092494986002 ], [ -79.237587432288393, 43.752197468099602 ], [ -79.237703288856494, 43.7523109870803 ], [ -79.237894369562298, 43.752399367106797 ], [ -79.238124594897798, 43.752498268891998 ], [ -79.238236850971305, 43.752646199648098 ], [ -79.2381995559915, 43.752815372704703 ], [ -79.238080867571298, 43.752983441133502 ], [ -79.237952855632898, 43.7531451602187 ], [ -79.237820292993106, 43.753245471570601 ], [ -79.237724635206902, 43.753300366420298 ], [ -79.237583636270301, 43.753393043125598 ], [ -79.237258029696903, 43.753392988191102 ], [ -79.23695024285, 43.7533560324406 ], [ -79.236684935225199, 43.753311117662498 ], [ -79.236615007490002, 43.753303368536898 ], [ -79.236493669912505, 43.753290028131403 ], [ -79.236409729902704, 43.7532806083574 ] ] ] ] } },
{ "type": "Feature", "properties": { "_id": 7, "AREA_ID": 2502341.0, "DATE_EFFECTIVE": "2022-04-11T21:27:23", "DATE_EXPIRY": "3000/01/01 05:00:00", "AREA_ATTR_ID": 26022856.0, "AREA_TYPE_ID": 602.0, "PARENT_AREA_ID": null, "AREA_TYPE": "CNBH", "AREA_CLASS_ID": null, "AREA_CLASS": "None", "AREA_SHORT_CODE": "136", "AREA_LONG_CODE": "136", "AREA_NAME": "West Hill", "AREA_DESC": "West Hill (136)", "FEATURE_CODE": null, "FEATURE_CODE_DESC": "None", "TRANS_ID_CREATE": 344709.0, "TRANS_ID_EXPIRE": -1.0, "OBJECTID": 17825137 }, "geometry": { "type": "MultiPolygon", "coordinates": [ [ [ [ -79.180365610335201, 43.780981337129397 ], [ -79.179956438221197, 43.780872691374903 ], [ -79.179569723264805, 43.780888439985503 ], [ -79.179153981334807, 43.780879667686897 ], [ -79.178746406903301, 43.7807771248631 ], [ -79.178324634230407, 43.780704640466702 ], [ -79.177942785450696, 43.780672619169898 ], [ -79.177573042638699, 43.780625769852499 ], [ -79.177155448581402, 43.780615274840997 ], [ -79.176779395945005, 43.780729795733798 ], [ -79.176400063131595, 43.780809570666598 ], [ -79.176023917715298, 43.7806439910592 ], [ -79.175636742328606, 43.780446253805501 ], [ -79.175347241463001, 43.780271538628703 ], [ -79.175265007036501, 43.780210358225297 ], [ -79.175236609834698, 43.780189232850098 ], [ -79.175013570281607, 43.779969699901798 ], [ -79.174782631577401, 43.779708837754598 ], [ -79.1746390101993, 43.779575301977403 ], [ -79.174436248635104, 43.779436097867702 ], [ -79.174063269041795, 43.7794472853912 ], [ -79.173711004576006, 43.779573907587199 ], [ -79.173292297893994, 43.7796528577191 ], [ -79.172894203463599, 43.779599053335701 ], [ -79.172554691521299, 43.779457573188097 ], [ -79.172158809335002, 43.779424421219602 ], [ -79.1718015983474, 43.779573427204703 ], [ -79.171551405593306, 43.7798234085259 ], [ -79.171227902698206, 43.780027704620601 ], [ -79.170833858503997, 43.780073376420603 ], [ -79.170656237404003, 43.780062990467897 ], [ -79.170623475279996, 43.780061068823102 ], [ -79.170315113425104, 43.779925972605803 ], [ -79.169954188841999, 43.7796827189784 ], [ -79.169797635604795, 43.779415580703201 ], [ -79.169873984304999, 43.779127314369703 ], [ -79.169918855360393, 43.778827192561401 ], [ -79.169919159901895, 43.778516653702297 ], [ -79.169625293796102, 43.778412948466404 ], [ -79.169273333082302, 43.778528945526404 ], [ -79.1688776407494, 43.778629413840903 ], [ -79.168450898430706, 43.7787192773703 ], [ -79.168098870540305, 43.7788960913918 ], [ -79.167960432068398, 43.779198407004301 ], [ -79.167974948028402, 43.7794937049201 ], [ -79.167975315847997, 43.779501320961899 ], [ -79.168015311049999, 43.779774343016697 ], [ -79.167933694270005, 43.779901580201603 ], [ -79.167847967857099, 43.780023818745299 ], [ -79.167473054540906, 43.7801118039512 ], [ -79.167467941906907, 43.780113004231403 ], [ -79.167023664809605, 43.780002337785398 ], [ -79.166566829913705, 43.779869229113999 ], [ -79.166067099315697, 43.779745102455998 ], [ -79.165685541774593, 43.779567213422503 ], [ -79.165664832569007, 43.779228286530802 ], [ -79.165764711715497, 43.778822905778902 ], [ -79.165877870177198, 43.7784620474253 ], [ -79.165881857244699, 43.778080680257403 ], [ -79.165606594834898, 43.777850354843501 ], [ -79.165232007745999, 43.777970782844399 ], [ -79.164863573992207, 43.778143605364399 ], [ -79.164569430931294, 43.778424667572203 ], [ -79.164283906313202, 43.778723558601598 ], [ -79.163962429580494, 43.778964213768802 ], [ -79.163587781765102, 43.779044896094298 ], [ -79.163527344517902, 43.77906242345 ], [ -79.163417066524602, 43.779066527309901 ], [ -79.163329342398498, 43.779040786677498 ], [ -79.163256144336302, 43.7789856640143 ], [ -79.163201389236207, 43.7789027370901 ], [ -79.1631634675405, 43.7788043147617 ], [ -79.163146530562798, 43.778696665080503 ], [ -79.163156751714098, 43.778537869883699 ], [ -79.163157128632207, 43.778395490773903 ], [ -79.163146158315499, 43.778220827089001 ], [ -79.163134331197099, 43.778072660265501 ], [ -79.163119146900598, 43.777834318994003 ], [ -79.163122947211306, 43.777684046944799 ], [ -79.163103884728798, 43.777530215054703 ], [ -79.163050000009903, 43.777392113531697 ], [ -79.162946172090301, 43.777281282221303 ], [ -79.162841111506197, 43.777204183503002 ], [ -79.162728399768895, 43.777149015923897 ], [ -79.162611577226599, 43.7771246200451 ], [ -79.162482329304396, 43.777118387687601 ], [ -79.162373858715, 43.777106572839301 ], [ -79.162133259898297, 43.7771058888517 ], [ -79.161903205421396, 43.777123291864697 ], [ -79.161755619447206, 43.777132882472699 ], [ -79.161522789401801, 43.777126963517098 ], [ -79.161279430760601, 43.777082604960903 ], [ -79.161079530360595, 43.777039850953301 ], [ -79.160900290254702, 43.777003494707799 ], [ -79.160786075016404, 43.776977340472101 ], [ -79.160669201466405, 43.776944589385003 ], [ -79.160557944160601, 43.776909451549898 ], [ -79.160477746837998, 43.776873739792798 ], [ -79.160326373956593, 43.776790875451098 ], [ -79.160110063783407, 43.776673757444001 ], [ -79.159561500031401, 43.776440624086099 ], [ -79.159324003795206, 43.776333738798698 ], [ -79.159147610148807, 43.776242967301101 ], [ -79.158966199151095, 43.776152054542798 ], [ -79.158860379908404, 43.776089468751998 ], [ -79.158742216759407, 43.776004370121299 ], [ -79.158625001888396, 43.775901127869702 ], [ -79.158472219119503, 43.775750379131502 ], [ -79.158289208036294, 43.775594040107201 ], [ -79.158106079857404, 43.775449698976999 ], [ -79.157937739009995, 43.775280702633303 ], [ -79.157814993749597, 43.775139170067803 ], [ -79.157627370136396, 43.7749754262083 ], [ -79.157525742597699, 43.774862436244199 ], [ -79.156077934741205, 43.773606999804102 ], [ -79.156015556466599, 43.773588818766598 ], [ -79.155977227733203, 43.773566200505698 ], [ -79.155932366153905, 43.7735390619859 ], [ -79.155870503120198, 43.7734938699408 ], [ -79.155789392336004, 43.773421616417799 ], [ -79.155725591745295, 43.773376418458099 ], [ -79.155626669575298, 43.773299610585703 ], [ -79.155527696982304, 43.773227303054597 ], [ -79.155423283942, 43.773154979034999 ], [ -79.155301201195201, 43.7730555981503 ], [ -79.1551925932621, 43.772969759526099 ], [ -79.155097138071199, 43.772892961649603 ], [ -79.155050404807497, 43.772852315392001 ], [ -79.154986657176195, 43.772798107013799 ], [ -79.154923294676905, 43.772743908763601 ], [ -79.154843301904293, 43.772680659096501 ], [ -79.154721567835196, 43.772585779218197 ], [ -79.154686422247593, 43.772554168976001 ], [ -79.154613333168598, 43.772504441745099 ], [ -79.154542605360803, 43.772450221023703 ], [ -79.154435832685394, 43.772386881120703 ], [ -79.154342546681207, 43.772337092648698 ], [ -79.154263259835304, 43.772287346448202 ], [ -79.154201282113206, 43.772264656046801 ], [ -79.154070424818499, 43.772201260931801 ], [ -79.153985234876799, 43.772164998412698 ], [ -79.153867079643305, 43.772124135420199 ], [ -79.153769853565095, 43.772087836288598 ], [ -79.153691964386098, 43.7720650974086 ], [ -79.1536047208008, 43.772046830705897 ], [ -79.153507443041207, 43.772019532355699 ], [ -79.153406237856103, 43.772001232175803 ], [ -79.153337612994903, 43.771987522309203 ], [ -79.153225103324999, 43.771973679260498 ], [ -79.153144801247507, 43.771964434428902 ], [ -79.153057915850198, 43.771955169557302 ], [ -79.152951483954396, 43.771960058103502 ], [ -79.152833776896799, 43.771983634719298 ], [ -79.152730472648003, 43.772034042432999 ], [ -79.152596752058201, 43.772090118347897 ], [ -79.152501372308606, 43.772140549940197 ], [ -79.152442892079307, 43.772202588149497 ], [ -79.1524093381136, 43.772295333088202 ], [ -79.152365515466201, 43.772340178608403 ], [ -79.152280902771906, 43.772352360824897 ], [ -79.152187138394495, 43.772351139403803 ], [ -79.152178709885405, 43.772347990351399 ], [ -79.152119908516894, 43.772326046583203 ], [ -79.152052835408895, 43.772276065989601 ], [ -79.152001689806198, 43.772212749126098 ], [ -79.151949866169403, 43.772122858745902 ], [ -79.151866093886397, 43.772041593156601 ], [ -79.151802069327303, 43.771969388830001 ], [ -79.1517631421993, 43.771919763842 ], [ -79.151725447400693, 43.771861141433597 ], [ -79.151679670141704, 43.771789001638801 ], [ -79.151626899822205, 43.771716831508698 ], [ -79.151579080604506, 43.771662678771001 ], [ -79.151501265731696, 43.771558928163202 ], [ -79.151452077046699, 43.771473267126801 ], [ -79.151431449684694, 43.771414696664202 ], [ -79.151424665608104, 43.771378671324101 ], [ -79.151411416540299, 43.771320123359096 ], [ -79.151398324341997, 43.771234572382198 ], [ -79.151399498988994, 43.771167067243503 ], [ -79.151365296679998, 43.771103954779498 ], [ -79.151335960203795, 43.771009362078701 ], [ -79.151319991060106, 43.770950805801498 ], [ -79.151287021266299, 43.7708786959085 ], [ -79.151247762513904, 43.770820068560603 ], [ -79.151208810430404, 43.770774943879701 ], [ -79.151150932470699, 43.7707162686769 ], [ -79.151051493508305, 43.770657466562902 ], [ -79.150956247808693, 43.770616670494 ], [ -79.150868595937496, 43.770602901033897 ], [ -79.150764621357794, 43.770593591215302 ], [ -79.150670452535394, 43.7705662999441 ], [ -79.150567698040106, 43.770547992511602 ], [ -79.150475747289804, 43.770538710188902 ], [ -79.150392582420494, 43.7705564671598 ], [ -79.150275592091603, 43.770583112736503 ], [ -79.150179516052802, 43.770618823371301 ], [ -79.150080269717904, 43.770663525382801 ], [ -79.149970844646901, 43.770726207463703 ], [ -79.149912273038495, 43.770784535633901 ], [ -79.149826483698604, 43.770851781550498 ], [ -79.149713952723204, 43.770914453867199 ], [ -79.149649804004, 43.770932259573897 ], [ -79.149576843320304, 43.770927544320799 ], [ -79.149504770312404, 43.7709048294168 ], [ -79.149397979327503, 43.770846003320301 ], [ -79.149312011616402, 43.770809734924804 ], [ -79.149219063267196, 43.770773454041503 ], [ -79.149108121859896, 43.770759620752202 ], [ -79.148996397972098, 43.770745784952197 ], [ -79.148849229106702, 43.7707543520591 ], [ -79.148777369757099, 43.770763132423198 ], [ -79.148681464479793, 43.770767347251301 ], [ -79.148623193782399, 43.770776178287797 ], [ -79.148514933965998, 43.770766853248603 ], [ -79.148450943220794, 43.770757655278402 ], [ -79.148384337675793, 43.770730455902402 ], [ -79.148294959525799, 43.770680674504099 ], [ -79.148219052247299, 43.770648945826103 ], [ -79.148130006587806, 43.770608175486302 ], [ -79.148041370999096, 43.770567397338603 ], [ -79.147934451614503, 43.770526571803899 ], [ -79.147856593099803, 43.770499328454697 ], [ -79.147825698803601, 43.7704722297728 ], [ -79.147770081949105, 43.770422560986901 ], [ -79.147700451121395, 43.770381841140498 ], [ -79.147657162309301, 43.7703502036251 ], [ -79.147585210488103, 43.770304975970902 ], [ -79.147486198033505, 43.770246172066898 ], [ -79.147442511958999, 43.7702145332442 ], [ -79.147392839356101, 43.770146871278598 ], [ -79.147369337556, 43.770115294695898 ], [ -79.147341163878707, 43.770088204275197 ], [ -79.147286330356593, 43.770038528666497 ], [ -79.147233447020696, 43.7699888590504 ], [ -79.147148769294304, 43.769930090092899 ], [ -79.147097306479097, 43.769902927710199 ], [ -79.147027915379397, 43.769889211685197 ], [ -79.1469370278258, 43.769897941128903 ], [ -79.146844481753902, 43.7699246587039 ], [ -79.146778648148697, 43.769964969508798 ], [ -79.146738785105896, 43.770009861130703 ], [ -79.146690321717003, 43.770068227899699 ], [ -79.1466485209138, 43.770113104498002 ], [ -79.146600097931199, 43.770162470188197 ], [ -79.146565010940805, 43.770189374186998 ], [ -79.146486476850598, 43.770211634217297 ], [ -79.146417246008795, 43.770233931975802 ], [ -79.146352394080694, 43.770238231912103 ], [ -79.146242169708003, 43.770237899804897 ], [ -79.146172048958107, 43.770215179838502 ], [ -79.146098013941398, 43.770196948290902 ], [ -79.146016268913698, 43.770169691652399 ], [ -79.145945471999298, 43.770128967124002 ], [ -79.145904945181599, 43.770088336335398 ], [ -79.145852474608901, 43.770034157776401 ], [ -79.145804356627096, 43.769966490934799 ], [ -79.145760525655206, 43.769894345778098 ], [ -79.145720994214798, 43.769817704347503 ], [ -79.145666759939104, 43.769732016156702 ], [ -79.145615948745004, 43.769659849301497 ], [ -79.145575395943297, 43.769623709893601 ], [ -79.1454860607829, 43.769569425840899 ], [ -79.145424195611199, 43.769528719688303 ], [ -79.145345304939596, 43.769478968508899 ], [ -79.145319787037593, 43.7694608869935 ], [ -79.145275424800502, 43.769415743492203 ], [ -79.145259289972799, 43.769384189335902 ], [ -79.145241614975703, 43.769352630396597 ], [ -79.145228251791906, 43.769316584255698 ], [ -79.145222360590793, 43.769262558975498 ], [ -79.145220649937599, 43.769222048419998 ], [ -79.145233031535298, 43.769163579275599 ], [ -79.145244882642203, 43.769127611397302 ], [ -79.145267999402705, 43.769091678483001 ], [ -79.145308553178296, 43.769060300260698 ], [ -79.145358901493196, 43.769010950083398 ], [ -79.145416322383298, 43.768948120076402 ], [ -79.145458495963993, 43.768903236074799 ], [ -79.145496818994502, 43.768858349115298 ], [ -79.145534879130494, 43.768786457828199 ], [ -79.145554931134299, 43.768741514182302 ], [ -79.145568453276496, 43.768687549116798 ], [ -79.145570736386901, 43.768629048613903 ], [ -79.145568349311205, 43.768570533628001 ], [ -79.145558318037601, 43.768493992602302 ], [ -79.145536515739494, 43.768439917987003 ], [ -79.145502704443999, 43.768381305536899 ], [ -79.145470857416996, 43.768318198585597 ], [ -79.1454332383516, 43.768246072551598 ], [ -79.145380279733601, 43.768142394825603 ], [ -79.1453414933505, 43.768070265137297 ], [ -79.145331678065503, 43.7680560308374 ], [ -79.145301087177302, 43.768011623158401 ], [ -79.145269969857694, 43.767957519579497 ], [ -79.1452504516365, 43.767907952577502 ], [ -79.145234130803701, 43.767844893744702 ], [ -79.145232989872397, 43.767840389619302 ], [ -79.1452299784997, 43.767759369760597 ], [ -79.145242413028498, 43.767691890595103 ], [ -79.145264920500196, 43.767624451692399 ], [ -79.145278071785398, 43.7675659849155 ], [ -79.145279531867601, 43.767516483020998 ], [ -79.145259256131098, 43.7674669136658 ], [ -79.145248853052294, 43.7674533796242 ], [ -79.145242265955403, 43.767445672180799 ], [ -79.145170069989604, 43.767306064973802 ], [ -79.1450519867183, 43.767207351550503 ], [ -79.145074902934098, 43.767039280878798 ], [ -79.145112220638595, 43.766372266067101 ], [ -79.145410838408395, 43.7662011265204 ], [ -79.145410890514896, 43.766192305534901 ], [ -79.145410973938397, 43.766178182957297 ], [ -79.145434230554997, 43.766156211239803 ], [ -79.145467276735502, 43.766125439736101 ], [ -79.145506387934603, 43.766098215492804 ], [ -79.145540625179905, 43.7660718582353 ], [ -79.145562675053895, 43.766048100516997 ], [ -79.145587146736801, 43.766024368306503 ], [ -79.145638398331698, 43.766002474350998 ], [ -79.145676182856704, 43.765993770345197 ], [ -79.145731049531307, 43.765978053357102 ], [ -79.145789523999497, 43.765967649213202 ], [ -79.145844009778699, 43.7659554324458 ], [ -79.146058119461799, 43.765895238773098 ], [ -79.146158133302606, 43.765875421828397 ], [ -79.146219332924403, 43.765851479138597 ], [ -79.146280638619103, 43.765807419126801 ], [ -79.146347437324096, 43.765775446649002 ], [ -79.146408695500796, 43.765739424466702 ], [ -79.146497996752402, 43.765655224708397 ], [ -79.146603964341296, 43.7655670528884 ], [ -79.146732185983197, 43.765470911708398 ], [ -79.146815969494995, 43.765378656596397 ], [ -79.146921912463, 43.765294507924899 ], [ -79.146999943285493, 43.765238428616698 ], [ -79.147122742585594, 43.765122143624502 ], [ -79.147223192707202, 43.765029921661402 ], [ -79.147307081822106, 43.764921572411303 ], [ -79.147385560729504, 43.764789065261098 ], [ -79.147435997333204, 43.764704744846199 ], [ -79.147491738065995, 43.764664690533301 ], [ -79.147547466304502, 43.764624636154402 ], [ -79.147603183322701, 43.764588596236699 ], [ -79.147647985732704, 43.7645203524512 ], [ -79.147709093190898, 43.764420771814002 ], [ -79.147754415148597, 43.764382476490198 ], [ -79.147891028841599, 43.764252371420497 ], [ -79.148034701068596, 43.764108777158903 ], [ -79.148186108520804, 43.763969716111397 ], [ -79.148328240790406, 43.763821625147202 ], [ -79.148480866992202, 43.763673566277198 ], [ -79.148622878542497, 43.763547977504203 ], [ -79.148742399033907, 43.763417818846001 ], [ -79.148862780411605, 43.763274160941499 ], [ -79.148997544552799, 43.763126046489397 ], [ -79.1491331445811, 43.762964423675697 ], [ -79.149143847937907, 43.762954222195901 ], [ -79.149332238326394, 43.7627424446069 ], [ -79.149416904915398, 43.762620981434402 ], [ -79.149489738638493, 43.762473405500799 ], [ -79.149658816372195, 43.762273953746401 ], [ -79.149815717852604, 43.762109244977502 ], [ -79.149936335529205, 43.7619965866866 ], [ -79.150117407474099, 43.761797170971498 ], [ -79.150322750272693, 43.761554353529903 ], [ -79.150567304386996, 43.761319234587198 ], [ -79.150639995296501, 43.761191172004303 ], [ -79.150719039742398, 43.761078889852499 ], [ -79.150815160193901, 43.760966659814002 ], [ -79.150915232271601, 43.760845431581302 ], [ -79.151020295040396, 43.760728728087301 ], [ -79.151130411955705, 43.760612039921298 ], [ -79.151225415733705, 43.760490813941203 ], [ -79.151318070688404, 43.760374072302596 ], [ -79.151418447306995, 43.760266355316503 ], [ -79.151515720107795, 43.7601541281865 ], [ -79.151628091423007, 43.760050948173003 ], [ -79.151753572880693, 43.759961318764901 ], [ -79.151878205760994, 43.7598851794029 ], [ -79.152006315614898, 43.759809050490098 ], [ -79.152125494682707, 43.7597374038426 ], [ -79.152229945978405, 43.759661202666599 ], [ -79.152320669744199, 43.759592160581803 ], [ -79.152529918029899, 43.759457059093997 ], [ -79.152770817887102, 43.759283915374397 ], [ -79.152963278167107, 43.759188853346402 ], [ -79.153227666561904, 43.759102722388299 ], [ -79.153443566475403, 43.759103377221997 ], [ -79.153659516603, 43.759095327657 ], [ -79.153827543144899, 43.759078446405297 ], [ -79.154127305931198, 43.759096744198999 ], [ -79.154463196141606, 43.7590890650063 ], [ -79.154822929326997, 43.759107542261098 ], [ -79.155314612055193, 43.759126407382396 ], [ -79.155722481343304, 43.759118950536703 ], [ -79.156118603018598, 43.759067981181403 ], [ -79.156442546096997, 43.759051565083602 ], [ -79.156874569252395, 43.759018091300703 ], [ -79.157102713722296, 43.758975300270002 ], [ -79.157187011761295, 43.758914696145702 ], [ -79.157270974679804, 43.758914947948597 ], [ -79.157474939553396, 43.758906864235399 ], [ -79.157678941579505, 43.758890076126001 ], [ -79.1579310778761, 43.758847364295697 ], [ -79.158255316233607, 43.758778773087798 ], [ -79.158627391250207, 43.758736418273799 ], [ -79.158975460512096, 43.758693981623502 ], [ -79.159227780052206, 43.758616486906298 ], [ -79.159492009199298, 43.758556408396998 ], [ -79.159792091120593, 43.758513844287499 ], [ -79.160068364770893, 43.758445123153997 ], [ -79.160331321140305, 43.758311193207398 ], [ -79.160444899785901, 43.758259143799101 ], [ -79.1606065702953, 43.758219118654999 ], [ -79.1607619041731, 43.758201577433901 ], [ -79.1609374943734, 43.758170594318699 ], [ -79.161088683058907, 43.758130537396802 ], [ -79.161254277611803, 43.758086022378997 ], [ -79.161411624388407, 43.758054984464103 ], [ -79.1615825315656, 43.758028478074799 ], [ -79.161751514185994, 43.757997474143302 ], [ -79.161915568492603, 43.7579484530158 ], [ -79.162081225501794, 43.757890435206498 ], [ -79.162239878160406, 43.7578323964579 ], [ -79.162407395911998, 43.757787885449801 ], [ -79.162563239643703, 43.757747831322298 ], [ -79.162721108656797, 43.757694290182698 ], [ -79.162864520577997, 43.757658708551197 ], [ -79.163036284128694, 43.757618700734596 ], [ -79.163182813122603, 43.757578627300298 ], [ -79.1633491621416, 43.757534111465503 ], [ -79.163513472810905, 43.757507582755899 ], [ -79.163691281004105, 43.757494604305002 ], [ -79.1638640848536, 43.7574771102677 ], [ -79.164034938962303, 43.757459601236697 ], [ -79.1642105505003, 43.757424112558098 ], [ -79.164390433763998, 43.757388636152598 ], [ -79.164570342007707, 43.757348649943303 ], [ -79.1647483126943, 43.757308666768402 ], [ -79.164922036336094, 43.757264170272499 ], [ -79.165103508836495, 43.757219687216001 ], [ -79.165278696324407, 43.757193196837399 ], [ -79.165463172594102, 43.757166733378 ], [ -79.165632623388007, 43.757122223294303 ], [ -79.165812555014497, 43.7570777436041 ], [ -79.165987419497696, 43.757037749415197 ], [ -79.1661684929133, 43.756997773093403 ], [ -79.166342884520603, 43.756971278757703 ], [ -79.167280471168993, 43.756834475555202 ], [ -79.167385443764005, 43.756798776340098 ], [ -79.167558493730198, 43.756736271498802 ], [ -79.167742446753607, 43.7566647879027 ], [ -79.167910168802194, 43.756579764072697 ], [ -79.168091500842095, 43.756490269923802 ], [ -79.168265083331406, 43.756400761994797 ], [ -79.168460285323107, 43.756329318888397 ], [ -79.168676014158507, 43.756266927138803 ], [ -79.168884664202494, 43.756218025256203 ], [ -79.169108948274996, 43.756151156878303 ], [ -79.169321136687401, 43.756097763847698 ], [ -79.169521316320299, 43.756039835107003 ], [ -79.169715721026705, 43.755972879138497 ], [ -79.1699146335108, 43.755928447827301 ], [ -79.170124957373403, 43.7558615461353 ], [ -79.170318603203796, 43.7557900863547 ], [ -79.170522778761807, 43.755709664412201 ], [ -79.170743234047904, 43.755633780595097 ], [ -79.170764704272102, 43.755627154560003 ], [ -79.170800243502299, 43.755706764421298 ], [ -79.170925451725196, 43.755816471412103 ], [ -79.171084473754703, 43.7559400923992 ], [ -79.171174799345096, 43.756092985434996 ], [ -79.171360392256105, 43.7561745299123 ], [ -79.171508162786793, 43.7562872175127 ], [ -79.171611478871796, 43.7564288960452 ], [ -79.171721740928007, 43.756588092738099 ], [ -79.171858154262694, 43.756675048870399 ], [ -79.171971335667607, 43.756763792410197 ], [ -79.171982291608003, 43.756772365979003 ], [ -79.172155436601997, 43.756834862926098 ], [ -79.172249972495194, 43.7569474688556 ], [ -79.172471791136203, 43.756940813754397 ], [ -79.172659051844803, 43.756878962994001 ], [ -79.172849540692397, 43.7568787072831 ], [ -79.173049055372104, 43.756958722649401 ], [ -79.173268304733398, 43.7570613600559 ], [ -79.173470334268899, 43.757181536163799 ], [ -79.173644860371098, 43.757310310526897 ], [ -79.173831596214896, 43.757365651788199 ], [ -79.174013463435401, 43.757466902906501 ], [ -79.174187372459301, 43.757577024219401 ], [ -79.174291579849097, 43.757709350609097 ], [ -79.174503798178804, 43.757719334402204 ], [ -79.174681283188804, 43.7576694150723 ], [ -79.174797397240297, 43.757710781908699 ], [ -79.174804419899999, 43.757723412550099 ], [ -79.175670601194497, 43.758184952148397 ], [ -79.176607244611901, 43.7586840214476 ], [ -79.177209623014093, 43.759004996221101 ], [ -79.178702270828495, 43.758712135892502 ], [ -79.179115618844094, 43.758633528616599 ], [ -79.180941497656605, 43.758286306801701 ], [ -79.1819251095407, 43.758099987444901 ], [ -79.184035401826094, 43.757682739982499 ], [ -79.185575285763804, 43.75738992038 ], [ -79.185874273017006, 43.757316950766899 ], [ -79.186870419277099, 43.757131019311302 ], [ -79.187220749349706, 43.757063776557303 ], [ -79.189389989357196, 43.756647302527 ], [ -79.1904763135922, 43.756438721629699 ], [ -79.192164987272704, 43.7561034243517 ], [ -79.1934738168829, 43.7558435041406 ], [ -79.194739028083205, 43.755592219598498 ], [ -79.195565623662205, 43.755428055277299 ], [ -79.1959495543543, 43.755355069467399 ], [ -79.196084893865304, 43.755329334966397 ], [ -79.196604799965996, 43.755229767870198 ], [ -79.197124421011196, 43.7551297475921 ], [ -79.197643781871705, 43.755029265200498 ], [ -79.198162983011301, 43.754928095934297 ], [ -79.198679201706796, 43.754826997455503 ], [ -79.198956749581797, 43.754776710069201 ], [ -79.199138357289101, 43.754743325776602 ], [ -79.199234064481502, 43.754725737304803 ], [ -79.199458456608994, 43.754684003960598 ], [ -79.199511257617601, 43.754674187470499 ], [ -79.199527751917401, 43.754671080416301 ], [ -79.199788056149004, 43.754621987841197 ], [ -79.2000646213652, 43.754569165846597 ], [ -79.200341053229707, 43.754515595733601 ], [ -79.200617114626894, 43.754461510913202 ], [ -79.200893079908596, 43.754406678074901 ], [ -79.201168662693405, 43.754351249491002 ], [ -79.201444124016604, 43.754295171838798 ], [ -79.201719202648803, 43.754238534449598 ], [ -79.201989836670606, 43.754176583107203 ], [ -79.202467749396007, 43.7540671945358 ], [ -79.202697339664695, 43.7540179883677 ], [ -79.202927187482302, 43.753969358483602 ], [ -79.203157168588504, 43.753921322561702 ], [ -79.203387531566804, 43.753873836240203 ], [ -79.203411385500004, 43.753868974488903 ], [ -79.203977834034205, 43.755467281243703 ], [ -79.2027643182427, 43.755860238207099 ], [ -79.202934972231404, 43.756201277858999 ], [ -79.203413718197993, 43.757158105249196 ], [ -79.203839978286098, 43.757401270466701 ], [ -79.203778126706595, 43.757407699051598 ], [ -79.2036164668109, 43.757605315068403 ], [ -79.203368616832506, 43.7578488382728 ], [ -79.203149169312695, 43.758039048667499 ], [ -79.202995724404204, 43.758209546545302 ], [ -79.202881209745996, 43.758362854142902 ], [ -79.202808012182402, 43.7584659434362 ], [ -79.202827371325299, 43.758641957934202 ], [ -79.202819275145998, 43.758834976287197 ], [ -79.2027143969012, 43.759065844955202 ], [ -79.202690842199104, 43.759117693514803 ], [ -79.202625039075897, 43.759357403874503 ], [ -79.202515668750806, 43.759599737159597 ], [ -79.202455810310894, 43.759822477641798 ], [ -79.202448523587194, 43.760117517437202 ], [ -79.202408359416197, 43.760370697133602 ], [ -79.202292691748198, 43.760567548796899 ], [ -79.2020920317687, 43.760670539548798 ], [ -79.201919945864205, 43.760751434560497 ], [ -79.201821945604607, 43.7608088495057 ], [ -79.201786409887205, 43.760829666537703 ], [ -79.201735822458502, 43.7609853719851 ], [ -79.201741334134496, 43.761098378191498 ], [ -79.2017553433068, 43.761173358578603 ], [ -79.201765661054196, 43.761351428852002 ], [ -79.2018077183819, 43.761537935025402 ], [ -79.201982224360407, 43.761763113627303 ], [ -79.202185701681699, 43.761951705643099 ], [ -79.202362424981303, 43.762093403489601 ], [ -79.202522521032506, 43.7622247154303 ], [ -79.202683703557298, 43.762397597413901 ], [ -79.202656528582096, 43.762600872346397 ], [ -79.202642575120905, 43.762672323403898 ], [ -79.202428595776198, 43.762825218590201 ], [ -79.202167033426093, 43.762905871951901 ], [ -79.201846247664903, 43.762995083377803 ], [ -79.2016086151542, 43.763116033144001 ], [ -79.201495062893102, 43.763233039981998 ], [ -79.201443923697894, 43.763314322059699 ], [ -79.201370778708807, 43.7635099875842 ], [ -79.201334791216894, 43.763661203333797 ], [ -79.201352815889706, 43.763830292528802 ], [ -79.201464059649695, 43.764085379443998 ], [ -79.201601645923503, 43.764270775905203 ], [ -79.2017443093617, 43.764471874492799 ], [ -79.201880780172701, 43.764604628822298 ], [ -79.201938453050303, 43.7646733951958 ], [ -79.202059138785202, 43.764868702312299 ], [ -79.202147353008002, 43.7649550554721 ], [ -79.202331099300807, 43.765300270145502 ], [ -79.202441909672601, 43.765596562289701 ], [ -79.202681689939993, 43.765750791313401 ], [ -79.203010140648402, 43.7659526864526 ], [ -79.203277443002705, 43.766243497515902 ], [ -79.203454115571802, 43.766582067081501 ], [ -79.203463627041401, 43.766600202117601 ], [ -79.203291711698199, 43.766912384660102 ], [ -79.202809097478706, 43.767098040107797 ], [ -79.202251911775903, 43.767220059016303 ], [ -79.201687320937594, 43.767377097436203 ], [ -79.201127261661895, 43.767651187132103 ], [ -79.200757117938295, 43.768083372940197 ], [ -79.200657882782707, 43.768590004932101 ], [ -79.200528824592098, 43.769036574870398 ], [ -79.200171105641701, 43.769423173309697 ], [ -79.199905639234601, 43.769875838393403 ], [ -79.199696192365096, 43.770327794915502 ], [ -79.199468507569705, 43.7707252100071 ], [ -79.199059532344805, 43.771032702841403 ], [ -79.198743582423205, 43.771420882834903 ], [ -79.198936662059396, 43.771812204132502 ], [ -79.199196961341599, 43.7721730980535 ], [ -79.199465654645607, 43.7725476321909 ], [ -79.199578817413993, 43.772974314752702 ], [ -79.199580476236605, 43.773365041538199 ], [ -79.199410877817996, 43.773700239921901 ], [ -79.199188380151995, 43.773847939665401 ], [ -79.199075223998406, 43.773923053514999 ], [ -79.1987306729404, 43.774158345272497 ], [ -79.198696170351695, 43.774181900368703 ], [ -79.198554603770205, 43.774516640258199 ], [ -79.198649415579695, 43.774812308328499 ], [ -79.198705937444302, 43.774953181460603 ], [ -79.198721690505295, 43.774992441035501 ], [ -79.198837278991803, 43.775334141607601 ], [ -79.198751320808199, 43.775659919015297 ], [ -79.198441471197398, 43.775941297198997 ], [ -79.198158838927199, 43.776093750831102 ], [ -79.198074060566199, 43.776129774565099 ], [ -79.197999963009295, 43.776168751834597 ], [ -79.197644117520397, 43.7762014033406 ], [ -79.1972481139438, 43.776220895693399 ], [ -79.1968612947244, 43.776237062603599 ], [ -79.196555250500793, 43.7761418913515 ], [ -79.196429828445403, 43.776059305720302 ], [ -79.196341079856495, 43.776000868483202 ], [ -79.196272527995305, 43.775903626854202 ], [ -79.196121142637494, 43.775688834890801 ], [ -79.195889723551105, 43.775461309184301 ], [ -79.195528675015098, 43.775396250697398 ], [ -79.195238550426097, 43.775530953882203 ], [ -79.1950988952443, 43.775810247374501 ], [ -79.195096688794393, 43.775885104113399 ], [ -79.195079841303397, 43.775917409326702 ], [ -79.195080448048103, 43.776140261590001 ], [ -79.195033283619097, 43.776361951254898 ], [ -79.195096012949506, 43.776585311288201 ], [ -79.195109190865395, 43.776827837582999 ], [ -79.195117382885101, 43.7770443552293 ], [ -79.195016864730306, 43.777143351789199 ], [ -79.194941847299503, 43.777194026115403 ], [ -79.194720687618499, 43.777205875204899 ], [ -79.194616830312697, 43.777211430501801 ], [ -79.194573353009503, 43.777193915092603 ], [ -79.194547325764105, 43.7771918022747 ], [ -79.1944996388454, 43.777164203294397 ], [ -79.194208675093904, 43.776995841683402 ], [ -79.193860904467996, 43.776810396008003 ], [ -79.193520848949305, 43.776741984984 ], [ -79.193175410882105, 43.776805614454801 ], [ -79.193095577741403, 43.776857660821697 ], [ -79.193037190139805, 43.7768724639431 ], [ -79.192809728674106, 43.777042883767997 ], [ -79.1927339383343, 43.777181081800698 ], [ -79.192684736417604, 43.777243282514398 ], [ -79.192691177676494, 43.777259033852502 ], [ -79.192686600572898, 43.777267392619699 ], [ -79.192740674308595, 43.7774595146306 ], [ -79.192818336207793, 43.777533334828 ], [ -79.192930147870499, 43.777699535561901 ], [ -79.1930074833097, 43.777934394397597 ], [ -79.192970140015902, 43.778063100597997 ], [ -79.192942306315302, 43.778159032128499 ], [ -79.192899899300102, 43.778204211995302 ], [ -79.192804730106502, 43.7783055792626 ], [ -79.1925132929764, 43.778406409589898 ], [ -79.192151422612895, 43.778447947911097 ], [ -79.191811022789196, 43.778449982915497 ], [ -79.191608786341007, 43.778479555268397 ], [ -79.191529343819397, 43.778491168400201 ], [ -79.191260893214505, 43.778602705930702 ], [ -79.190997881338603, 43.7787314317316 ], [ -79.190761425999199, 43.778802855434698 ], [ -79.190738701280196, 43.778813073263102 ], [ -79.190693283915607, 43.778829692504402 ], [ -79.190612815674896, 43.778849772306799 ], [ -79.190438519390497, 43.778893279990498 ], [ -79.190090596196995, 43.778978028083998 ], [ -79.189754125687102, 43.779089287594601 ], [ -79.189464459050896, 43.779251961851003 ], [ -79.189008993189404, 43.779277636880302 ], [ -79.188568108158805, 43.7792513411719 ], [ -79.188117800700297, 43.779221435592802 ], [ -79.187671033967007, 43.7791772710898 ], [ -79.187274303701003, 43.779164952817297 ], [ -79.1868968070211, 43.779278341936497 ], [ -79.186610072082203, 43.779475068337398 ], [ -79.186465865901994, 43.7797575700097 ], [ -79.186415868941594, 43.780032039946001 ], [ -79.186374907814695, 43.780293762010402 ], [ -79.186286313222197, 43.780555821372303 ], [ -79.186175579971604, 43.780786864915299 ], [ -79.185993747805398, 43.780991483679799 ], [ -79.185787947277703, 43.7810731525758 ], [ -79.185684766713194, 43.781114094127403 ], [ -79.185279799800497, 43.781085175166098 ], [ -79.184980458042304, 43.780878782260203 ], [ -79.184663291187803, 43.780658117569097 ], [ -79.184341843506999, 43.7804794035264 ], [ -79.183969416156799, 43.780351845174799 ], [ -79.183619249551995, 43.780253213918499 ], [ -79.183256313874395, 43.780213233699101 ], [ -79.183239375061504, 43.780211980600598 ], [ -79.182862151259002, 43.780184093079399 ], [ -79.182582313590004, 43.780311312598698 ], [ -79.182385789859296, 43.780529314549497 ], [ -79.182108748800005, 43.7807167493592 ], [ -79.181935122385596, 43.7808707440254 ], [ -79.181854886949196, 43.780941908821298 ], [ -79.181554447749505, 43.781138908368298 ], [ -79.181164089510006, 43.781213456723499 ], [ -79.180791542817104, 43.781106410318998 ], [ -79.180761548596706, 43.781097793455302 ], [ -79.180365610335201, 43.780981337129397 ] ] ] ] } },
{ "type": "Feature", "properties": { "_id": 8, "AREA_ID": 2502340.0, "DATE_EFFECTIVE": "2022-04-11T21:27:23", "DATE_EXPIRY": "3000/01/01 05:00:00", "AREA_ATTR_ID": 26022855.0, "AREA_TYPE_ID": 602.0, "PARENT_AREA_ID": null, "AREA_TYPE": "CNBH", "AREA_CLASS_ID": null, "AREA_CLASS": "None", "AREA_SHORT_CODE": "135", "AREA_LONG_CODE": "135", "AREA_NAME": "Morningside", "AREA_DESC": "Morningside (135)", "FEATURE_CODE": null, "FEATURE_CODE_DESC": "None", "TRANS_ID_CREATE": 344709.0, "TRANS_ID_EXPIRE": -1.0, "OBJECTID": 17825153 }, "geometry": { "type": "MultiPolygon", "coordinates": [ [ [ [ -79.194356152880005, 43.789277372424401 ], [ -79.193824065110903, 43.788087663151003 ], [ -79.193767105969002, 43.7879884890298 ], [ -79.193730521078706, 43.787853364924601 ], [ -79.193689381436897, 43.787700226320403 ], [ -79.193666682731305, 43.787583141680599 ], [ -79.193644708424898, 43.7874750691157 ], [ -79.193625852829001, 43.787366995903596 ], [ -79.193620146276203, 43.787267959074697 ], [ -79.193614406144505, 43.787177932294199 ], [ -79.193614773994398, 43.787105915163899 ], [ -79.193623091054107, 43.786997923784803 ], [ -79.193623504865002, 43.7869169056356 ], [ -79.193616969634604, 43.786826867717203 ], [ -79.193620489534894, 43.786745866893298 ], [ -79.193634110544707, 43.786664893145101 ], [ -79.1936384591706, 43.786574884398298 ], [ -79.193634305722895, 43.786475851719501 ], [ -79.193627954409607, 43.786349809725301 ], [ -79.193609086715895, 43.7862417454579 ], [ -79.193601148877804, 43.786124700344899 ], [ -79.193600067967495, 43.7860346950375 ], [ -79.193584129352701, 43.785917538458598 ], [ -79.1935493576254, 43.7857828961683 ], [ -79.193515143674006, 43.785648543396498 ], [ -79.193458185255693, 43.785523031740297 ], [ -79.193342309067503, 43.785344336256898 ], [ -79.192189227115705, 43.7825763910866 ], [ -79.191238707126402, 43.780328535772497 ], [ -79.190693140810097, 43.779038194807697 ], [ -79.190677688566396, 43.779001644315898 ], [ -79.190612815674896, 43.778849772306799 ], [ -79.190693283915607, 43.778829692504402 ], [ -79.190738701280196, 43.778813073263102 ], [ -79.190761425999199, 43.778802855434698 ], [ -79.190997881338603, 43.7787314317316 ], [ -79.191260893214505, 43.778602705930702 ], [ -79.191529343819397, 43.778491168400201 ], [ -79.191608786341007, 43.778479555268397 ], [ -79.191811022789196, 43.778449982915497 ], [ -79.192151422612895, 43.778447947911097 ], [ -79.1925132929764, 43.778406409589898 ], [ -79.192804730106502, 43.7783055792626 ], [ -79.192899899300102, 43.778204211995302 ], [ -79.192942306315302, 43.778159032128499 ], [ -79.192970140015902, 43.778063100597997 ], [ -79.1930074833097, 43.777934394397597 ], [ -79.192930147870499, 43.777699535561901 ], [ -79.192818336207793, 43.777533334828 ], [ -79.192740674308595, 43.7774595146306 ], [ -79.192686600572898, 43.777267392619699 ], [ -79.192691177676494, 43.777259033852502 ], [ -79.192684736417604, 43.777243282514398 ], [ -79.1927339383343, 43.777181081800698 ], [ -79.192809728674106, 43.777042883767997 ], [ -79.193037190139805, 43.7768724639431 ], [ -79.193095577741403, 43.776857660821697 ], [ -79.193175410882105, 43.776805614454801 ], [ -79.193520848949305, 43.776741984984 ], [ -79.193860904467996, 43.776810396008003 ], [ -79.194208675093904, 43.776995841683402 ], [ -79.1944996388454, 43.777164203294397 ], [ -79.194547325764105, 43.7771918022747 ], [ -79.194573353009503, 43.777193915092603 ], [ -79.194616830312697, 43.777211430501801 ], [ -79.194720687618499, 43.777205875204899 ], [ -79.194941847299503, 43.777194026115403 ], [ -79.195016864730306, 43.777143351789199 ], [ -79.195117382885101, 43.7770443552293 ], [ -79.195109190865395, 43.776827837582999 ], [ -79.195096012949506, 43.776585311288201 ], [ -79.195033283619097, 43.776361951254898 ], [ -79.195080448048103, 43.776140261590001 ], [ -79.195079841303397, 43.775917409326702 ], [ -79.195096688794393, 43.775885104113399 ], [ -79.1950988952443, 43.775810247374501 ], [ -79.195238550426097, 43.775530953882203 ], [ -79.195528675015098, 43.775396250697398 ], [ -79.195889723551105, 43.775461309184301 ], [ -79.196121142637494, 43.775688834890801 ], [ -79.196272527995305, 43.775903626854202 ], [ -79.196341079856495, 43.776000868483202 ], [ -79.196429828445403, 43.776059305720302 ], [ -79.196555250500793, 43.7761418913515 ], [ -79.1968612947244, 43.776237062603599 ], [ -79.1972481139438, 43.776220895693399 ], [ -79.197644117520397, 43.7762014033406 ], [ -79.197999963009295, 43.776168751834597 ], [ -79.198074060566199, 43.776129774565099 ], [ -79.198158838927199, 43.776093750831102 ], [ -79.198441471197398, 43.775941297198997 ], [ -79.198751320808199, 43.775659919015297 ], [ -79.198837278991803, 43.775334141607601 ], [ -79.198721690505295, 43.774992441035501 ], [ -79.198705937444302, 43.774953181460603 ], [ -79.198649415579695, 43.774812308328499 ], [ -79.198554603770205, 43.774516640258199 ], [ -79.198696170351695, 43.774181900368703 ], [ -79.1987306729404, 43.774158345272497 ], [ -79.199075223998406, 43.773923053514999 ], [ -79.199188380151995, 43.773847939665401 ], [ -79.199410877817996, 43.773700239921901 ], [ -79.199580476236605, 43.773365041538199 ], [ -79.199578817413993, 43.772974314752702 ], [ -79.199465654645607, 43.7725476321909 ], [ -79.199196961341599, 43.7721730980535 ], [ -79.198936662059396, 43.771812204132502 ], [ -79.198743582423205, 43.771420882834903 ], [ -79.199059532344805, 43.771032702841403 ], [ -79.199468507569705, 43.7707252100071 ], [ -79.199696192365096, 43.770327794915502 ], [ -79.199905639234601, 43.769875838393403 ], [ -79.200171105641701, 43.769423173309697 ], [ -79.200528824592098, 43.769036574870398 ], [ -79.200657882782707, 43.768590004932101 ], [ -79.200757117938295, 43.768083372940197 ], [ -79.201127261661895, 43.767651187132103 ], [ -79.201687320937594, 43.767377097436203 ], [ -79.202251911775903, 43.767220059016303 ], [ -79.202809097478706, 43.767098040107797 ], [ -79.203291711698199, 43.766912384660102 ], [ -79.203463627041401, 43.766600202117601 ], [ -79.203454115571802, 43.766582067081501 ], [ -79.203277443002705, 43.766243497515902 ], [ -79.203010140648402, 43.7659526864526 ], [ -79.202681689939993, 43.765750791313401 ], [ -79.202441909672601, 43.765596562289701 ], [ -79.202331099300807, 43.765300270145502 ], [ -79.202147353008002, 43.7649550554721 ], [ -79.202059138785202, 43.764868702312299 ], [ -79.203554877260302, 43.764528458631403 ], [ -79.204859824988105, 43.764231628579097 ], [ -79.205628560134897, 43.764049771043702 ], [ -79.205874133317593, 43.764586135244897 ], [ -79.206418594314897, 43.765926846795097 ], [ -79.206609327706801, 43.766360157961699 ], [ -79.206787659349402, 43.766800349863203 ], [ -79.207605025881094, 43.768708765703998 ], [ -79.2077711386261, 43.7691180056203 ], [ -79.208748135696496, 43.771450838440799 ], [ -79.2096695091806, 43.771259360543503 ], [ -79.209776819296906, 43.7712360500297 ], [ -79.209914519318701, 43.771206137685802 ], [ -79.210131062531403, 43.771167622022404 ], [ -79.210307777077304, 43.7711559184891 ], [ -79.210449385871101, 43.771162785167398 ], [ -79.210719503965194, 43.771165161377702 ], [ -79.211854988949995, 43.771175140583402 ], [ -79.212037346594798, 43.771172944831697 ], [ -79.212218457667802, 43.771179440776102 ], [ -79.212380763955494, 43.771164934400403 ], [ -79.212600406382904, 43.7711532813342 ], [ -79.212776757936197, 43.771136856459897 ], [ -79.212978682625803, 43.771102781243201 ], [ -79.214306216595105, 43.770801876897103 ], [ -79.216303716683797, 43.770343733439901 ], [ -79.2176146299838, 43.770046502848501 ], [ -79.218684219423594, 43.7698112486013 ], [ -79.219478591146299, 43.771785878605101 ], [ -79.220072642532102, 43.773263669903798 ], [ -79.2206551360822, 43.774714128972803 ], [ -79.221052797989302, 43.775680987595798 ], [ -79.221429387734702, 43.776605838923999 ], [ -79.221470472137796, 43.776698884999199 ], [ -79.222217215095696, 43.778556893614699 ], [ -79.217142586961899, 43.779752591128201 ], [ -79.214761910942599, 43.780324440440701 ], [ -79.213057263460598, 43.780729896855597 ], [ -79.212629546421795, 43.780831624368602 ], [ -79.211919599112505, 43.781001561057103 ], [ -79.2113907605777, 43.781129654402697 ], [ -79.211170282034502, 43.781180899058803 ], [ -79.211360042924198, 43.781464167551697 ], [ -79.211621368071206, 43.781684941308399 ], [ -79.212137273034003, 43.782096460188498 ], [ -79.212261067078003, 43.782201824312402 ], [ -79.212371177941705, 43.782277144039597 ], [ -79.212495200090501, 43.782332480102298 ], [ -79.212681414272694, 43.782382976753503 ], [ -79.212881538772294, 43.782408484856198 ], [ -79.213264955318806, 43.782617796965901 ], [ -79.213338314185293, 43.782912417503702 ], [ -79.213365215099998, 43.783062570091403 ], [ -79.213488355756596, 43.7833030114328 ], [ -79.213556165211997, 43.783563341521301 ], [ -79.213617593051595, 43.783713571558899 ], [ -79.213707164798194, 43.783753824057598 ], [ -79.213838206766397, 43.783789175688298 ], [ -79.213962436543298, 43.783804509574999 ], [ -79.214190303837, 43.7838050886281 ], [ -79.214349166580106, 43.783795485511199 ], [ -79.214501312062097, 43.783745837300202 ], [ -79.214612154972301, 43.783671071577501 ], [ -79.214688436438905, 43.783606228749001 ], [ -79.214716327826807, 43.783546260729203 ], [ -79.214723806446102, 43.783426213110701 ], [ -79.214697163730406, 43.783221019486398 ], [ -79.214677238438497, 43.783055870717497 ], [ -79.214739620095997, 43.783005989057301 ], [ -79.214863978780301, 43.7829912944622 ], [ -79.214967460594906, 43.783011571130999 ], [ -79.215091546540407, 43.783056913256402 ], [ -79.215312052340707, 43.783152523829102 ], [ -79.215449704358903, 43.783247936727903 ], [ -79.215607806470999, 43.7833984333543 ], [ -79.215724428346206, 43.783558826866603 ], [ -79.216059960994997, 43.783835104989997 ], [ -79.2165210785884, 43.783896080240801 ], [ -79.216750472062401, 43.783923472387002 ], [ -79.216816962240202, 43.783955825244902 ], [ -79.216890730550702, 43.784015028506502 ], [ -79.216927513802304, 43.784063392756202 ], [ -79.216971663578207, 43.7841225136021 ], [ -79.217163882386998, 43.7841873656307 ], [ -79.217348785530206, 43.784230749515501 ], [ -79.217452489737099, 43.784220267568699 ], [ -79.217497145362501, 43.784172104814999 ], [ -79.217527193629195, 43.784080979481701 ], [ -79.217564709838598, 43.783973778545999 ], [ -79.217565265440896, 43.783855765902302 ], [ -79.217603021140405, 43.7837002833963 ], [ -79.2176702817234, 43.783566341494499 ], [ -79.217678279842403, 43.783437608859003 ], [ -79.217738021577105, 43.783330471753899 ], [ -79.217864164957803, 43.783271780699401 ], [ -79.218012622776996, 43.783191676827897 ], [ -79.218279679406905, 43.783085050742699 ], [ -79.218524798223598, 43.7829193674878 ], [ -79.218651254609199, 43.782790935443103 ], [ -79.218814695216494, 43.782673323618397 ], [ -79.218962999420995, 43.782625424231 ], [ -79.219111177888095, 43.782604329759003 ], [ -79.219259155378396, 43.782626161073502 ], [ -79.219310736076395, 43.7826799255986 ], [ -79.219376900052097, 43.782782017062097 ], [ -79.219450330988593, 43.782910940740699 ], [ -79.219508952817904, 43.783045201711197 ], [ -79.219538069564905, 43.783152557831897 ], [ -79.219574515701694, 43.783276043978802 ], [ -79.219648148221495, 43.783362050548597 ], [ -79.219677616268001, 43.783394310927001 ], [ -79.219840204774101, 43.783459085785502 ], [ -79.219973099979299, 43.783539881713899 ], [ -79.220091073483204, 43.783647473359402 ], [ -79.220209035027906, 43.783755055850797 ], [ -79.220238253436506, 43.783840953298103 ], [ -79.220252349775393, 43.783996554598403 ], [ -79.220299649166705, 43.784185586395601 ], [ -79.220190575431999, 43.784305889750797 ], [ -79.220145143086597, 43.784379839933997 ], [ -79.220147763568505, 43.784462620876603 ], [ -79.220156407478896, 43.784543238289402 ], [ -79.2201890943671, 43.784626083840799 ], [ -79.220242555723502, 43.784769989989002 ], [ -79.220266151771696, 43.784868070201803 ], [ -79.220313616035099, 43.785003239524301 ], [ -79.220364274524997, 43.7851035552101 ], [ -79.220426987935596, 43.785195205255803 ], [ -79.220504917597196, 43.785247674495601 ], [ -79.220603934653695, 43.785291482126802 ], [ -79.220759959193103, 43.785363746563903 ], [ -79.220970430033006, 43.785472949397501 ], [ -79.221054721700796, 43.785520105115303 ], [ -79.221235478165795, 43.785612438799902 ], [ -79.221353024676205, 43.785660854551701 ], [ -79.221431467372994, 43.785680740270102 ], [ -79.221491831526706, 43.785687458216103 ], [ -79.221582429740295, 43.785687678950602 ], [ -79.221666997645301, 43.785683501371501 ], [ -79.221787878272707, 43.785664110186097 ], [ -79.221917808298301, 43.785649115446297 ], [ -79.222002355812293, 43.785649321126002 ], [ -79.222104929087294, 43.785671443349997 ], [ -79.222304219895406, 43.785676302295897 ], [ -79.2226682889291, 43.7856693553003 ], [ -79.222759201595906, 43.785891868082302 ], [ -79.222779208471096, 43.786014800206502 ], [ -79.222824823043695, 43.786156426793802 ], [ -79.222860356852294, 43.786253338246603 ], [ -79.222859789081298, 43.786376229458099 ], [ -79.222890157370898, 43.7864805723163 ], [ -79.222910457127398, 43.786540200087998 ], [ -79.2229615648654, 43.786603647011397 ], [ -79.222976708552594, 43.786663262271901 ], [ -79.222991731850996, 43.7867489535437 ], [ -79.222996462906295, 43.786838337339198 ], [ -79.223006531657205, 43.786883052406303 ], [ -79.222985689057097, 43.786946306914501 ], [ -79.2229699433544, 43.787017026716903 ], [ -79.222944128868605, 43.787043031445997 ], [ -79.222933738098604, 43.787065347088102 ], [ -79.222887292007101, 43.787106198674799 ], [ -79.222779007387302, 43.787176703042498 ], [ -79.222675861599299, 43.787250928245598 ], [ -79.222422727764695, 43.787396672286597 ], [ -79.222338329822307, 43.7874307256197 ], [ -79.222256021810495, 43.787445422517003 ], [ -79.222132476931193, 43.787478633464303 ], [ -79.2221116159362, 43.787545614233302 ], [ -79.222106299588205, 43.7875828390222 ], [ -79.221977324622699, 43.787683077085802 ], [ -79.221920486135602, 43.787746243822397 ], [ -79.221930450665397, 43.787813299551402 ], [ -79.2219711969081, 43.787895327048602 ], [ -79.222016953941804, 43.788003425015297 ], [ -79.2220732404231, 43.788059422971301 ], [ -79.222278388496406, 43.788164181843399 ], [ -79.222396519914298, 43.788186809660303 ], [ -79.222612276303195, 43.788217127276802 ], [ -79.222745856853606, 43.788236065755299 ], [ -79.222905050863204, 43.788269963063598 ], [ -79.223022924781105, 43.788348450674597 ], [ -79.223135637940203, 43.788430643131697 ], [ -79.223207224933404, 43.788512735884197 ], [ -79.223294432824005, 43.788553911232 ], [ -79.223417812376297, 43.788554200871701 ], [ -79.223536155651402, 43.788528428901898 ], [ -79.223705925549496, 43.788502781141901 ], [ -79.223942567881195, 43.788466124258399 ], [ -79.224117520294698, 43.788429317991501 ], [ -79.224302726132606, 43.788399971130801 ], [ -79.224477460467796, 43.788407845438101 ], [ -79.224554513391695, 43.788422928047297 ], [ -79.224621175926004, 43.788460335396699 ], [ -79.224708230871997, 43.788535029536902 ], [ -79.224815751483703, 43.788628387241303 ], [ -79.225196136960605, 43.7889583570742 ], [ -79.225331847420307, 43.789079802603901 ], [ -79.225521028893198, 43.789249064421703 ], [ -79.225486559736396, 43.789268424093002 ], [ -79.225384905636105, 43.789326165213502 ], [ -79.225283882670396, 43.789384420824803 ], [ -79.225183205308397, 43.7894431362351 ], [ -79.225083159450506, 43.7895022851297 ], [ -79.224986082837802, 43.7895614770854 ], [ -79.224721205273198, 43.789714830862003 ], [ -79.224456858033705, 43.789868752370403 ], [ -79.224192941838098, 43.790023214371303 ], [ -79.223929680461595, 43.790178190404703 ], [ -79.223667036875398, 43.790333626378803 ], [ -79.223404861932707, 43.790489530937897 ], [ -79.223143341180403, 43.790646084557501 ], [ -79.222882277181299, 43.790802989725798 ], [ -79.222621842807897, 43.790960480895002 ], [ -79.222523014352404, 43.7910212866949 ], [ -79.222423591399703, 43.791081631906998 ], [ -79.222323660428401, 43.7911416247535 ], [ -79.222223098643198, 43.7912009498949 ], [ -79.222122066033705, 43.791259940760398 ], [ -79.2220367355322, 43.791309005470303 ], [ -79.221748657360394, 43.791438046825803 ], [ -79.2213999838349, 43.791616626015099 ], [ -79.221002637066505, 43.791803123340202 ], [ -79.2205590627416, 43.792016545663202 ], [ -79.219939597518803, 43.792280562805097 ], [ -79.219442221707695, 43.792489213342598 ], [ -79.218875138124503, 43.7927073754839 ], [ -79.218236072909093, 43.792937454887301 ], [ -79.217550806028399, 43.793166858467401 ], [ -79.216887344639105, 43.793364042892598 ], [ -79.216349075090704, 43.793518508830203 ], [ -79.215968157629405, 43.793617277341397 ], [ -79.215721815677995, 43.7936789796981 ], [ -79.215302597218496, 43.793783312425099 ], [ -79.214865110525096, 43.793877255739801 ], [ -79.214429661251501, 43.793963182462498 ], [ -79.213907097938005, 43.794060599962997 ], [ -79.213401410202593, 43.794144501690702 ], [ -79.209155832308099, 43.794761488211201 ], [ -79.206365837084704, 43.795168829166897 ], [ -79.203162635347894, 43.795633770886603 ], [ -79.200258608221006, 43.796053259023999 ], [ -79.197442036419602, 43.796460528335402 ], [ -79.197010059968505, 43.796521905771698 ], [ -79.196996806365405, 43.796491266810698 ], [ -79.196947295151404, 43.7963591250397 ], [ -79.196933341524797, 43.796321940396403 ], [ -79.196890740886303, 43.796206793043901 ], [ -79.196831971063901, 43.796074896695103 ], [ -79.196805873321907, 43.7960162751436 ], [ -79.196793293371798, 43.795982703576499 ], [ -79.196720621824994, 43.795788752526903 ], [ -79.196632126864898, 43.795431199958301 ], [ -79.196565277724901, 43.795064226582802 ], [ -79.196508564545198, 43.794867608395599 ], [ -79.196372217643798, 43.794394876073099 ], [ -79.196278003410995, 43.793898915595499 ], [ -79.196058336297696, 43.793305049194601 ], [ -79.195875680020393, 43.792811229355998 ], [ -79.195545997578293, 43.792044562371998 ], [ -79.194356152880005, 43.789277372424401 ] ] ] ] } },
{ "type": "Feature", "properties": { "_id": 9, "AREA_ID": 2502333.0, "DATE_EFFECTIVE": "2022-04-11T21:27:23", "DATE_EXPIRY": "3000/01/01 05:00:00", "AREA_ATTR_ID": 26022848.0, "AREA_TYPE_ID": 602.0, "PARENT_AREA_ID": null, "AREA_TYPE": "CNBH", "AREA_CLASS_ID": null, "AREA_CLASS": "None", "AREA_SHORT_CODE": "125", "AREA_LONG_CODE": "125", "AREA_NAME": "Ionview", "AREA_DESC": "Ionview (125)", "FEATURE_CODE": null, "FEATURE_CODE_DESC": "None", "TRANS_ID_CREATE": 344709.0, "TRANS_ID_EXPIRE": -1.0, "OBJECTID": 17825265 }, "geometry": { "type": "MultiPolygon", "coordinates": [ [ [ [ -79.274564400886803, 43.7232168964576 ], [ -79.274845130145096, 43.722595913928402 ], [ -79.274937405113604, 43.722809164096503 ], [ -79.275097322165294, 43.723178700861197 ], [ -79.275331058885101, 43.723719388100903 ], [ -79.276030950912698, 43.7253588434628 ], [ -79.276731472584203, 43.7269827051623 ], [ -79.277050857178097, 43.7277282078987 ], [ -79.277451039785404, 43.728602116582202 ], [ -79.277607834745197, 43.728998485065603 ], [ -79.277716611414306, 43.729376748467402 ], [ -79.2778115124365, 43.729727981070802 ], [ -79.277859529131206, 43.729962106446102 ], [ -79.277910616129603, 43.730205247990497 ], [ -79.277959602706005, 43.730385367798803 ], [ -79.278001667558499, 43.7305474716742 ], [ -79.278056037552304, 43.730745595347102 ], [ -79.278106776020607, 43.730871711091702 ], [ -79.278153554594397, 43.731024813816198 ], [ -79.278220359435494, 43.731213960298199 ], [ -79.278446384970906, 43.731781449118301 ], [ -79.278744043330803, 43.732493104777397 ], [ -79.278855848390606, 43.732753699675399 ], [ -79.278902507932798, 43.732862461765201 ], [ -79.279006611063195, 43.733118171936503 ], [ -79.279870631361902, 43.735240618002202 ], [ -79.281254796054796, 43.7386817059352 ], [ -79.281303918314805, 43.738798473729602 ], [ -79.281330885854004, 43.738862559993002 ], [ -79.281410201034504, 43.739051044194497 ], [ -79.281575674127694, 43.739451743698702 ], [ -79.275584421565, 43.742088700123603 ], [ -79.272566829263496, 43.743421323792901 ], [ -79.272551003997506, 43.743429897460302 ], [ -79.2709648695553, 43.744130111718903 ], [ -79.269477412594, 43.745077604107401 ], [ -79.268415664972807, 43.745753896829498 ], [ -79.268281078271201, 43.745839504577098 ], [ -79.268064946152506, 43.7453321452073 ], [ -79.268045676088505, 43.745287190075601 ], [ -79.267517752462794, 43.744055958295803 ], [ -79.267487076653794, 43.743984408288703 ], [ -79.266655337946602, 43.742044455432598 ], [ -79.266637479422101, 43.742001024124697 ], [ -79.266615208719799, 43.7419492216777 ], [ -79.265949472912894, 43.740354690453998 ], [ -79.265908426829, 43.740256367128701 ], [ -79.263814621317906, 43.735349095416602 ], [ -79.263702832736598, 43.735087054775398 ], [ -79.263604824396694, 43.734862937668098 ], [ -79.262970654156604, 43.733412805094297 ], [ -79.263125447441496, 43.733376292970398 ], [ -79.263290362890103, 43.733335300986198 ], [ -79.264662169685195, 43.7330119922226 ], [ -79.264842966365904, 43.732969383467903 ], [ -79.266060766818001, 43.732674814911498 ], [ -79.266838217253806, 43.732478376457401 ], [ -79.2679317209071, 43.732201554777603 ], [ -79.267624066892196, 43.731386102454501 ], [ -79.267558411372704, 43.7312196892359 ], [ -79.267456958528896, 43.730966161253399 ], [ -79.267483743560703, 43.7309507786334 ], [ -79.267517087804606, 43.730930872728202 ], [ -79.267549937419204, 43.730910470739602 ], [ -79.267582168204299, 43.730889590418002 ], [ -79.267613916424693, 43.730868304050702 ], [ -79.267645033158701, 43.730846602334204 ], [ -79.267675518684698, 43.730824413259697 ], [ -79.267705521297898, 43.7308019081525 ], [ -79.267734892772594, 43.730778897685902 ], [ -79.267763670000093, 43.730755471947703 ], [ -79.267791691124501, 43.730731756626597 ], [ -79.268202808833607, 43.7302790640558 ], [ -79.269579692420507, 43.728858933136898 ], [ -79.269720338154002, 43.728713864651098 ], [ -79.269791280218996, 43.7286351567423 ], [ -79.271139754913193, 43.727139014954403 ], [ -79.271593477828702, 43.7266356012084 ], [ -79.271600682465206, 43.726627613504903 ], [ -79.273606121092698, 43.724402356281203 ], [ -79.2736528168505, 43.724358819744502 ], [ -79.273698930682002, 43.724314885981698 ], [ -79.273744251115005, 43.724270680592198 ], [ -79.273788977346797, 43.724226041948903 ], [ -79.273832984719405, 43.724181113825601 ], [ -79.273876335495103, 43.724135842338796 ], [ -79.273918967751996, 43.724090191361903 ], [ -79.273960955892903, 43.7240441790453 ], [ -79.274002225042807, 43.723997913256603 ], [ -79.274042726029904, 43.723951267881802 ], [ -79.2740826201385, 43.723904261243199 ], [ -79.2741217701316, 43.723857082096202 ], [ -79.274160301073096, 43.723809478653799 ], [ -79.274197963920898, 43.7237616664546 ], [ -79.274235019860299, 43.723713501995398 ], [ -79.274271319716803, 43.723665047990899 ], [ -79.274306876106195, 43.723616250459202 ], [ -79.274341663767103, 43.7235672263674 ], [ -79.274375744657604, 43.723518002842098 ], [ -79.274409069605596, 43.723468453769499 ], [ -79.274441638308701, 43.723418660160803 ], [ -79.274473475726296, 43.723368586061099 ], [ -79.274504581893595, 43.723318222469601 ], [ -79.274534931820199, 43.723267614344003 ], [ -79.274564400886803, 43.7232168964576 ] ] ] ] } },
{ "type": "Feature", "properties": { "_id": 10, "AREA_ID": 2502332.0, "DATE_EFFECTIVE": "2022-04-11T21:27:23", "DATE_EXPIRY": "3000/01/01 05:00:00", "AREA_ATTR_ID": 26022847.0, "AREA_TYPE_ID": 602.0, "PARENT_AREA_ID": null, "AREA_TYPE": "CNBH", "AREA_CLASS_ID": null, "AREA_CLASS": "None", "AREA_SHORT_CODE": "124", "AREA_LONG_CODE": "124", "AREA_NAME": "Kennedy Park", "AREA_DESC": "Kennedy Park (124)", "FEATURE_CODE": null, "FEATURE_CODE_DESC": "None", "TRANS_ID_CREATE": 344709.0, "TRANS_ID_EXPIRE": -1.0, "OBJECTID": 17825281 }, "geometry": { "type": "MultiPolygon", "coordinates": [ [ [ [ -79.268938724933307, 43.714714126924001 ], [ -79.271117234182299, 43.714158199716202 ], [ -79.271236696473395, 43.714358707831998 ], [ -79.271257901191802, 43.714405304768299 ], [ -79.271445927933996, 43.714818190467199 ], [ -79.271820696199498, 43.7156020484409 ], [ -79.272324360728007, 43.716764223536501 ], [ -79.272665737966406, 43.717566014465298 ], [ -79.273111016130002, 43.7185840495615 ], [ -79.273750656401802, 43.720088553032802 ], [ -79.274138957553802, 43.7209736935027 ], [ -79.274506611830901, 43.7218273144344 ], [ -79.274845130145096, 43.722595913928402 ], [ -79.274564400886803, 43.7232168964576 ], [ -79.274534931820199, 43.723267614344003 ], [ -79.274504581893595, 43.723318222469601 ], [ -79.274473475726296, 43.723368586061099 ], [ -79.274441638308701, 43.723418660160803 ], [ -79.274409069605596, 43.723468453769499 ], [ -79.274375744657604, 43.723518002842098 ], [ -79.274341663767103, 43.7235672263674 ], [ -79.274306876106195, 43.723616250459202 ], [ -79.274271319716803, 43.723665047990899 ], [ -79.274235019860299, 43.723713501995398 ], [ -79.274197963920898, 43.7237616664546 ], [ -79.274160301073096, 43.723809478653799 ], [ -79.2741217701316, 43.723857082096202 ], [ -79.2740826201385, 43.723904261243199 ], [ -79.274042726029904, 43.723951267881802 ], [ -79.274002225042807, 43.723997913256603 ], [ -79.273960955892903, 43.7240441790453 ], [ -79.273918967751996, 43.724090191361903 ], [ -79.273876335495103, 43.724135842338796 ], [ -79.273832984719405, 43.724181113825601 ], [ -79.273788977346797, 43.724226041948903 ], [ -79.273744251115005, 43.724270680592198 ], [ -79.273698930682002, 43.724314885981698 ], [ -79.2736528168505, 43.724358819744502 ], [ -79.273606121092698, 43.724402356281203 ], [ -79.271600682465206, 43.726627613504903 ], [ -79.271593477828702, 43.7266356012084 ], [ -79.271139754913193, 43.727139014954403 ], [ -79.269791280218996, 43.7286351567423 ], [ -79.269720338154002, 43.728713864651098 ], [ -79.269579692420507, 43.728858933136898 ], [ -79.268202808833607, 43.7302790640558 ], [ -79.267791691124501, 43.730731756626597 ], [ -79.267763670000093, 43.730755471947703 ], [ -79.267734892772594, 43.730778897685902 ], [ -79.267705521297898, 43.7308019081525 ], [ -79.267675518684698, 43.730824413259697 ], [ -79.267645033158701, 43.730846602334204 ], [ -79.267613916424693, 43.730868304050702 ], [ -79.267582168204299, 43.730889590418002 ], [ -79.267549937419204, 43.730910470739602 ], [ -79.267517087804606, 43.730930872728202 ], [ -79.267483743560703, 43.7309507786334 ], [ -79.267456958528896, 43.730966161253399 ], [ -79.267558411372704, 43.7312196892359 ], [ -79.267624066892196, 43.731386102454501 ], [ -79.2679317209071, 43.732201554777603 ], [ -79.266838217253806, 43.732478376457401 ], [ -79.266060766818001, 43.732674814911498 ], [ -79.264842966365904, 43.732969383467903 ], [ -79.264662169685195, 43.7330119922226 ], [ -79.263290362890103, 43.733335300986198 ], [ -79.263125447441496, 43.733376292970398 ], [ -79.262970654156604, 43.733412805094297 ], [ -79.262374717439002, 43.7335494665151 ], [ -79.261782924699403, 43.733692263296597 ], [ -79.260942605648395, 43.733897546072903 ], [ -79.260187805972294, 43.734066997219998 ], [ -79.259171243200498, 43.734307901948 ], [ -79.258104307555797, 43.7345306885802 ], [ -79.257427187367696, 43.734673282169602 ], [ -79.256838561480706, 43.734807049813902 ], [ -79.255609312417803, 43.7350744828342 ], [ -79.254366881304904, 43.7353418652907 ], [ -79.2531905056955, 43.735582373211997 ], [ -79.252051263851101, 43.735849953240098 ], [ -79.250224913876906, 43.736224055122001 ], [ -79.248084593064405, 43.736696458668902 ], [ -79.248056837347306, 43.736651391388001 ], [ -79.248005224094896, 43.736561265399203 ], [ -79.2479174025069, 43.736408041986103 ], [ -79.2473848423124, 43.735173680761697 ], [ -79.247145322428906, 43.734552048709098 ], [ -79.246894088280698, 43.733939400375 ], [ -79.246362493848395, 43.732651028637797 ], [ -79.246018344240895, 43.7318221424783 ], [ -79.245491418136297, 43.730603896177897 ], [ -79.245546135110501, 43.730551090765402 ], [ -79.245629274252593, 43.730469814680603 ], [ -79.245711781177107, 43.730388285093198 ], [ -79.245793557648398, 43.7303062497516 ], [ -79.245874714545906, 43.730223906930902 ], [ -79.245955127552193, 43.730141301362302 ], [ -79.246034909069394, 43.730058271274899 ], [ -79.246113972094605, 43.729974843480498 ], [ -79.246192403100807, 43.729891117186 ], [ -79.246269966170203, 43.7298071098717 ], [ -79.246347046671502, 43.729722687375798 ], [ -79.246423222039397, 43.729637974779202 ], [ -79.246498815273895, 43.729552909791401 ], [ -79.246573640298806, 43.729467464997299 ], [ -79.246647857988194, 43.729381757771002 ], [ -79.246721332259199, 43.729295679797197 ], [ -79.246793913706398, 43.7292093387614 ], [ -79.246865912724999, 43.729122717350002 ], [ -79.246947761227702, 43.729016891064703 ], [ -79.247029884564895, 43.728910579260301 ], [ -79.247111289119701, 43.728803923757702 ], [ -79.247191887855195, 43.728696960371003 ], [ -79.247271792184605, 43.728589761357803 ], [ -79.247350940312799, 43.728482263574499 ], [ -79.247429319603299, 43.728374521002202 ], [ -79.247506992688898, 43.728266398762102 ], [ -79.247583784927897, 43.728158103498501 ], [ -79.247659945366905, 43.728049446737003 ], [ -79.247735225306201, 43.727940535944803 ], [ -79.247809922911301, 43.727831308772799 ], [ -79.247883739947795, 43.727721845575502 ], [ -79.247956800769302, 43.7276120926212 ], [ -79.248029142502801, 43.727502076997197 ], [ -79.248100566252603, 43.727391870276101 ], [ -79.248169833510403, 43.727280821642204 ], [ -79.248242942505001, 43.727171167616099 ], [ -79.248854454513094, 43.726258113250999 ], [ -79.250423124122506, 43.723915871245303 ], [ -79.251348471457803, 43.722534127011997 ], [ -79.252311900788598, 43.721065577449302 ], [ -79.252622909797495, 43.720592236348701 ], [ -79.253227925169099, 43.719678207313997 ], [ -79.253379222644895, 43.719445923601903 ], [ -79.254014698135904, 43.718482665087301 ], [ -79.254227368005104, 43.718160274728497 ], [ -79.254275368227994, 43.718088277912202 ], [ -79.254332849096102, 43.718077239917299 ], [ -79.254473288764899, 43.718046226321597 ], [ -79.254776973767093, 43.717979179836902 ], [ -79.255781626281205, 43.717765300755403 ], [ -79.2593714404384, 43.716971775908597 ], [ -79.259920323743103, 43.716846912550501 ], [ -79.261334057154599, 43.716525810066202 ], [ -79.262670156069504, 43.716231532669198 ], [ -79.263689552994293, 43.715999603107697 ], [ -79.264715076646993, 43.715785670562902 ], [ -79.265715934021699, 43.715517679725302 ], [ -79.266736913501305, 43.715258731431597 ], [ -79.268938724933307, 43.714714126924001 ] ] ] ] } },
{ "type": "Feature", "properties": { "_id": 11, "AREA_ID": 2502301.0, "DATE_EFFECTIVE": "2022-04-11T21:27:23", "DATE_EXPIRY": "3000/01/01 05:00:00", "AREA_ATTR_ID": 26022816.0, "AREA_TYPE_ID": 602.0, "PARENT_AREA_ID": null, "AREA_TYPE": "CNBH", "AREA_CLASS_ID": null, "AREA_CLASS": "None", "AREA_SHORT_CODE": "091", "AREA_LONG_CODE": "091", "AREA_NAME": "Weston-Pelham Park", "AREA_DESC": "Weston-Pelham Park (91)", "FEATURE_CODE": null, "FEATURE_CODE_DESC": "None", "TRANS_ID_CREATE": 344709.0, "TRANS_ID_EXPIRE": -1.0, "OBJECTID": 17825777 }, "geometry": { "type": "MultiPolygon", "coordinates": [ [ [ [ -79.458786566059899, 43.679270800139001 ], [ -79.457958157179505, 43.678022438924799 ], [ -79.457228457626101, 43.677011725237698 ], [ -79.457070280470703, 43.676648723744599 ], [ -79.456600021974296, 43.675858716320803 ], [ -79.456498162905902, 43.675880226765202 ], [ -79.456478605479106, 43.675845618243301 ], [ -79.456442595796602, 43.6757871049427 ], [ -79.4564054236765, 43.675724090526302 ], [ -79.456367873066199, 43.675670068272503 ], [ -79.456329547734697, 43.675607053390003 ], [ -79.456290437914504, 43.675548529853302 ], [ -79.456250571659197, 43.675490015014503 ], [ -79.456209915045207, 43.675426999197597 ], [ -79.456168867518699, 43.675372975536 ], [ -79.456126669982197, 43.675314459758198 ], [ -79.456084063272598, 43.675255943807102 ], [ -79.456040315700307, 43.675197418399399 ], [ -79.455996171353704, 43.675138901822997 ], [ -79.455966014546604, 43.675099518427501 ], [ -79.455890466029501, 43.674994848929899 ], [ -79.455853678636203, 43.6749498281172 ], [ -79.455816125701105, 43.674900306335203 ], [ -79.455778175977102, 43.674850784386898 ], [ -79.455739082063005, 43.674805762643899 ], [ -79.4556999634042, 43.674760740877602 ], [ -79.455659307011004, 43.674715718500998 ], [ -79.455618641594, 43.6746661954448 ], [ -79.455576831982697, 43.674621172590399 ], [ -79.455534609860507, 43.674580650221401 ], [ -79.455491253508001, 43.674531126071898 ], [ -79.455447865764697, 43.674490603216398 ], [ -79.455403328073103, 43.674445579233897 ], [ -79.455358418403407, 43.674400555088397 ], [ -79.455312715106103, 43.674355530614697 ], [ -79.455266239642796, 43.674315006481898 ], [ -79.455219383143302, 43.674269981518897 ], [ -79.455171742072096, 43.674229456890401 ], [ -79.455123319773904, 43.674188931935099 ], [ -79.455074141053103, 43.674148406661701 ], [ -79.455024949997096, 43.674107881361998 ], [ -79.454974609040093, 43.674062854926099 ], [ -79.454923876977105, 43.674026829637199 ], [ -79.454872367058897, 43.6739863033566 ], [ -79.454820460365397, 43.6739457768957 ], [ -79.454767784855605, 43.673905250106699 ], [ -79.454714721596403, 43.673869214800199 ], [ -79.454626421636604, 43.673806170516798 ], [ -79.454537712616997, 43.673743126001803 ], [ -79.454448640740097, 43.673684581934801 ], [ -79.454358791163401, 43.673621536825102 ], [ -79.454268553916407, 43.673562992151297 ], [ -79.454177551388398, 43.6734999464366 ], [ -79.454086136370194, 43.673441410146701 ], [ -79.453994349498203, 43.673382864632202 ], [ -79.453901781524806, 43.673324318728298 ], [ -79.453808829292498, 43.673265772593702 ], [ -79.453715104904902, 43.673211726732703 ], [ -79.453621371743196, 43.6731531891296 ], [ -79.453526481984298, 43.673099142640098 ], [ -79.453464916415996, 43.673058611630204 ], [ -79.453404491841496, 43.6730180810519 ], [ -79.4533444641866, 43.672977550603399 ], [ -79.4532848086412, 43.672937029276497 ], [ -79.453225943363094, 43.6729009999029 ], [ -79.453167854027697, 43.672855969491103 ], [ -79.453110145711094, 43.6728154398686 ], [ -79.453052837817495, 43.672770409718296 ], [ -79.452996295361004, 43.672729889517797 ], [ -79.452940521857997, 43.672689360604302 ], [ -79.452884764352206, 43.6726443310069 ], [ -79.452830169109902, 43.672603802524698 ], [ -79.452775949503405, 43.672558773508101 ], [ -79.4527221268132, 43.672513744629697 ], [ -79.452669073064101, 43.672468725045299 ], [ -79.452616800669603, 43.672423696758401 ], [ -79.452565309620795, 43.6723786687716 ], [ -79.452513797395497, 43.672329140089097 ], [ -79.452463459802502, 43.672284112534797 ], [ -79.452413531519198, 43.672239085128403 ], [ -79.452364347365602, 43.672194067011198 ], [ -79.452315563688799, 43.672144539374798 ], [ -79.452267954621604, 43.6720995128711 ], [ -79.452220324394105, 43.672049985674903 ], [ -79.452173859938497, 43.672000458946201 ], [ -79.452127801214402, 43.671955433031599 ], [ -79.452082887022499, 43.671905915915602 ], [ -79.4520379853126, 43.671856389785503 ], [ -79.451993856123195, 43.671802363298099 ], [ -79.451950517082594, 43.671752837788901 ], [ -79.4519079185755, 43.6717078132382 ], [ -79.451866120977897, 43.6716537966823 ], [ -79.451825088719104, 43.6716042720956 ], [ -79.451784465757498, 43.671554747666498 ], [ -79.451379271620496, 43.6710409962661 ], [ -79.451250992965001, 43.670878350633899 ], [ -79.450516850999094, 43.669947513760498 ], [ -79.450460342519605, 43.669870977977901 ], [ -79.450403834183604, 43.669794442166499 ], [ -79.450348123334905, 43.669713406007098 ], [ -79.450293152944795, 43.669636879808102 ], [ -79.450238976333296, 43.669560344925898 ], [ -79.450185572411101, 43.669479309688199 ], [ -79.450132549313196, 43.6694027842574 ], [ -79.450080695729099, 43.669321749644801 ], [ -79.450029235356794, 43.669245224846499 ], [ -79.449978522885004, 43.6691641906841 ], [ -79.449928997238601, 43.669087666685101 ], [ -79.449879475463007, 43.669006641999403 ], [ -79.4498314790725, 43.668925608959299 ], [ -79.449783892014906, 43.668844585079 ], [ -79.449737073913099, 43.668763552514598 ], [ -79.449691024749001, 43.668682529269503 ], [ -79.4496457569348, 43.668601497347701 ], [ -79.449600873643405, 43.668520474577598 ], [ -79.449557143704496, 43.6684394432964 ], [ -79.449514207491205, 43.668358421349097 ], [ -79.449471643407804, 43.6682773905478 ], [ -79.449430261229793, 43.668191868587101 ], [ -79.449389235000893, 43.668110838433101 ], [ -79.449349399299194, 43.6680298087906 ], [ -79.449310323901798, 43.667944278803603 ], [ -79.449271641629494, 43.667863249643197 ], [ -79.449234128858507, 43.667777729322403 ], [ -79.449197368812307, 43.667696700988103 ], [ -79.449161018067898, 43.667615672822897 ], [ -79.449125824429302, 43.6675301444929 ], [ -79.449015381616306, 43.667260901385703 ], [ -79.449122943893698, 43.667255602516299 ], [ -79.449233001635704, 43.667246650112197 ], [ -79.449343468545493, 43.667237697783499 ], [ -79.449453919245997, 43.667233246008102 ], [ -79.449564770498895, 43.6672242936354 ], [ -79.449675224918707, 43.667215340980597 ], [ -79.449790615273997, 43.667205472250899 ], [ -79.449989412212503, 43.667190599177403 ], [ -79.4500883090641, 43.667182415181202 ], [ -79.450184091634895, 43.667176471074598 ], [ -79.450279836934996, 43.667170589880897 ], [ -79.450375953044698, 43.667166130978799 ], [ -79.450472072840896, 43.667157171330203 ], [ -79.450490152037304, 43.667157179161897 ], [ -79.450568560915002, 43.667152712427402 ], [ -79.450664693061199, 43.667143752622103 ], [ -79.450761193499801, 43.667139293562002 ], [ -79.450857690252406, 43.667139335086098 ], [ -79.450954194341605, 43.667130366195899 ], [ -79.451050691080198, 43.667130407557103 ], [ -79.451147191469104, 43.667125948171098 ], [ -79.451244072600602, 43.667125989533297 ], [ -79.451340176175805, 43.667121520813801 ], [ -79.451437069700503, 43.667121562017698 ], [ -79.451533554033006, 43.667121593964701 ], [ -79.4516304227581, 43.667121634994203 ], [ -79.451726907090901, 43.667121666778002 ], [ -79.451787105608005, 43.6671259858201 ], [ -79.451823400224299, 43.667126199151497 ], [ -79.451920265364905, 43.667130740601202 ], [ -79.452016762112706, 43.667130772145498 ], [ -79.452113242875598, 43.6671353132704 ], [ -79.452204329819807, 43.667139645028101 ], [ -79.452209736010204, 43.667139908327101 ], [ -79.453098008011807, 43.667142328537103 ], [ -79.4549658225597, 43.667171874904 ], [ -79.456429234052493, 43.6671888784944 ], [ -79.458077318233194, 43.667208064542301 ], [ -79.4585588068569, 43.667213676914201 ], [ -79.459471167906301, 43.667224310555397 ], [ -79.460045882745106, 43.667225962087301 ], [ -79.460916805571202, 43.668112345477397 ], [ -79.461752721046295, 43.668962660053502 ], [ -79.464491066448403, 43.671746493557301 ], [ -79.465675253505196, 43.672950539654899 ], [ -79.466143652635196, 43.673425175198801 ], [ -79.468291846589494, 43.6757006506175 ], [ -79.468707548052393, 43.676140956765501 ], [ -79.468784230122196, 43.676209990855497 ], [ -79.469081365536795, 43.676477428822999 ], [ -79.469438971395206, 43.676802076572898 ], [ -79.469523318296893, 43.676873650579999 ], [ -79.469804694999496, 43.6771208474688 ], [ -79.470219191256902, 43.677457317484603 ], [ -79.470584925859598, 43.677770171984797 ], [ -79.470966957981005, 43.678088916299899 ], [ -79.471340872270503, 43.678378150968399 ], [ -79.471731038571306, 43.6786910078741 ], [ -79.472153722675202, 43.679015654079599 ], [ -79.472419624666799, 43.679219175286399 ], [ -79.471779090628303, 43.679235509356602 ], [ -79.470566101637402, 43.679490732801497 ], [ -79.470477594606095, 43.679268161455198 ], [ -79.470384939441701, 43.6792854830232 ], [ -79.468332047461999, 43.679720317350402 ], [ -79.466678141840305, 43.680070871460998 ], [ -79.466087406978701, 43.6801960770389 ], [ -79.466009490115297, 43.6802017157232 ], [ -79.465328890278499, 43.680356513945199 ], [ -79.465476931705396, 43.680719770754799 ], [ -79.464865236654205, 43.680850049411902 ], [ -79.463784798680393, 43.6810824591659 ], [ -79.462706163292196, 43.681314706263798 ], [ -79.461656284896804, 43.681542497174298 ], [ -79.461107724057399, 43.681661615238397 ], [ -79.461140548565197, 43.6817480930019 ], [ -79.460502979664199, 43.681887664851502 ], [ -79.460439925970206, 43.681901460060402 ], [ -79.460210051497597, 43.681558448303797 ], [ -79.460263851290506, 43.681527349482799 ], [ -79.459508661785904, 43.680380956304603 ], [ -79.458786566059899, 43.679270800139001 ] ] ] ] } },
{ "type": "Feature", "properties": { "_id": 12, "AREA_ID": 2502299.0, "DATE_EFFECTIVE": "2022-04-11T21:27:23", "DATE_EXPIRY": "3000/01/01 05:00:00", "AREA_ATTR_ID": 26022814.0, "AREA_TYPE_ID": 602.0, "PARENT_AREA_ID": null, "AREA_TYPE": "CNBH", "AREA_CLASS_ID": null, "AREA_CLASS": "None", "AREA_SHORT_CODE": "121", "AREA_LONG_CODE": "121", "AREA_NAME": "Oakridge", "AREA_DESC": "Oakridge (121)", "FEATURE_CODE": null, "FEATURE_CODE_DESC": "None", "TRANS_ID_CREATE": 344709.0, "TRANS_ID_EXPIRE": -1.0, "OBJECTID": 17825809 }, "geometry": { "type": "MultiPolygon", "coordinates": [ [ [ [ -79.278915996056497, 43.707016402704497 ], [ -79.278394127437096, 43.705771299663503 ], [ -79.278067763416701, 43.7049937397503 ], [ -79.277912517641198, 43.704623890998903 ], [ -79.277509403204306, 43.703671132421199 ], [ -79.277299315414197, 43.703095613883697 ], [ -79.276994425986899, 43.702396673522102 ], [ -79.2768716903593, 43.702106439892901 ], [ -79.276528858096597, 43.701297158449101 ], [ -79.276457904206694, 43.701129676956498 ], [ -79.276087927856494, 43.700202802262503 ], [ -79.275049672282904, 43.700436273198797 ], [ -79.275017979991603, 43.700437660031099 ], [ -79.274979291918598, 43.700441913492398 ], [ -79.274654807957205, 43.700510161047298 ], [ -79.2743349542381, 43.700570936758702 ], [ -79.274293210984794, 43.700582592008402 ], [ -79.273311206622296, 43.7008030793369 ], [ -79.273188564578604, 43.700825996340001 ], [ -79.273135779006296, 43.700837584248802 ], [ -79.273090156609399, 43.700854587119998 ], [ -79.273008253817196, 43.700895263303998 ], [ -79.272017782262097, 43.7011179190037 ], [ -79.270825929344298, 43.7013947282787 ], [ -79.269847539157396, 43.701620431803299 ], [ -79.269839663341102, 43.701613241927603 ], [ -79.269808374181906, 43.7015836547329 ], [ -79.269777719222105, 43.701553699754498 ], [ -79.269747698358003, 43.701523403996497 ], [ -79.269718535086895, 43.701492722903303 ], [ -79.269689869330193, 43.701461727760098 ], [ -79.269084350679407, 43.700916513916397 ], [ -79.268759877406694, 43.700724553807497 ], [ -79.268621445560697, 43.700581432391203 ], [ -79.268473962052994, 43.700440317757902 ], [ -79.268309308943202, 43.700305451023297 ], [ -79.268225363856999, 43.700208958155301 ], [ -79.268078264763204, 43.700103776888803 ], [ -79.267965319244794, 43.700008962229496 ], [ -79.267868169188205, 43.699920237396398 ], [ -79.267796093389407, 43.699828304955297 ], [ -79.267703423006196, 43.699707364497797 ], [ -79.267651772350206, 43.6995856792322 ], [ -79.267613782502593, 43.699457342764099 ], [ -79.267586299938401, 43.699361459258299 ], [ -79.267546062053697, 43.699188867896503 ], [ -79.267567138225701, 43.699012908711701 ], [ -79.267586176720002, 43.698882662881601 ], [ -79.267635461441799, 43.698710847608098 ], [ -79.267665535760699, 43.698594927227703 ], [ -79.268005824286007, 43.6981241582303 ], [ -79.268449770616996, 43.697531846849202 ], [ -79.268914219691794, 43.696906144361598 ], [ -79.269457790633595, 43.696272372347202 ], [ -79.269860321855205, 43.695839294518201 ], [ -79.270085810363, 43.695654537818001 ], [ -79.270614455333202, 43.695246113365698 ], [ -79.271068873301601, 43.694905254488603 ], [ -79.271265144515795, 43.694768062724698 ], [ -79.271655092830898, 43.694506400815001 ], [ -79.2720985023211, 43.694203069183096 ], [ -79.272577172580199, 43.693917106451202 ], [ -79.273049708324507, 43.693648033941699 ], [ -79.273295843431697, 43.6935232964207 ], [ -79.273695719021106, 43.693289335145799 ], [ -79.274465430467998, 43.692903422872703 ], [ -79.275339644594695, 43.692511247898601 ], [ -79.276302184633096, 43.692105638143197 ], [ -79.277018876884895, 43.691845046833798 ], [ -79.277237859564494, 43.691765758348097 ], [ -79.277474680526097, 43.691689717630801 ], [ -79.277882379638498, 43.691553339877203 ], [ -79.278101745239596, 43.691490720871101 ], [ -79.278490073680103, 43.691378948881301 ], [ -79.279124598124199, 43.6911938679524 ], [ -79.2797350578698, 43.691038000332298 ], [ -79.2799707438555, 43.690978955689999 ], [ -79.280293954166495, 43.690900654028397 ], [ -79.280635469793594, 43.690826698202301 ], [ -79.281028270090204, 43.690741461972401 ], [ -79.281572737190103, 43.690616872605602 ], [ -79.282292224328998, 43.690453755524501 ], [ -79.282610648011897, 43.690383692374901 ], [ -79.282880584884794, 43.690315912592503 ], [ -79.283261598292498, 43.6902260826337 ], [ -79.283461108200797, 43.690186954063201 ], [ -79.284081269947905, 43.690038516648997 ], [ -79.284935316737901, 43.689838605673899 ], [ -79.285590499996005, 43.689687237516402 ], [ -79.285907264361796, 43.689621113629201 ], [ -79.286023325649296, 43.689599160753701 ], [ -79.2865354865245, 43.689484046616798 ], [ -79.287356560281395, 43.689311689930101 ], [ -79.287553916012897, 43.689290840836698 ], [ -79.287756510752104, 43.689778817417 ], [ -79.287924311649903, 43.690179281464602 ], [ -79.288358607696495, 43.691232337732302 ], [ -79.288533636898705, 43.691675012230199 ], [ -79.288538137173205, 43.691686389188703 ], [ -79.288696618618602, 43.692087212784102 ], [ -79.289022030347297, 43.692869189002799 ], [ -79.289180404402998, 43.693228101637899 ], [ -79.289433009652797, 43.693842986311502 ], [ -79.289676739408605, 43.694510601582898 ], [ -79.289683798979198, 43.694528131079799 ], [ -79.289820475009904, 43.694949921804003 ], [ -79.289989207006002, 43.695361779804102 ], [ -79.2902328776117, 43.695975142852703 ], [ -79.290484488719301, 43.696550552449303 ], [ -79.290768858542094, 43.697225395582997 ], [ -79.290959064225007, 43.697655680916299 ], [ -79.290789372802493, 43.697669466474203 ], [ -79.290578021412898, 43.697679565947503 ], [ -79.290489891991896, 43.697692429308802 ], [ -79.290269496163106, 43.697745276732398 ], [ -79.290101925214103, 43.6978019112696 ], [ -79.289953272683107, 43.697926332985702 ], [ -79.289783243620704, 43.698047132684302 ], [ -79.289539547173902, 43.698223991524301 ], [ -79.289347777378595, 43.698320843131 ], [ -79.289128820665098, 43.698408156911697 ], [ -79.288855866007694, 43.698496729734501 ], [ -79.288642798180007, 43.6985707225599 ], [ -79.288412088971697, 43.698552653224297 ], [ -79.288204688661494, 43.6985389562305 ], [ -79.287959787952104, 43.698576865664101 ], [ -79.287812280825307, 43.6985329987317 ], [ -79.287658274722602, 43.698407765945703 ], [ -79.287469504966197, 43.6983251163958 ], [ -79.287379587249504, 43.698292382536003 ], [ -79.287203699706097, 43.698278868355501 ], [ -79.286966061121007, 43.698291135525601 ], [ -79.286778628335398, 43.698262197979098 ], [ -79.2866526366264, 43.698249514117798 ], [ -79.286523752239205, 43.698233908299898 ], [ -79.2863502542519, 43.698288257938898 ], [ -79.286190115082107, 43.6983468268999 ], [ -79.286130570072004, 43.698366131272302 ], [ -79.285995442985893, 43.698392990230602 ], [ -79.285657573815499, 43.698446571897897 ], [ -79.285446116800799, 43.698516601220902 ], [ -79.285279362072799, 43.6985790450397 ], [ -79.285076139089597, 43.6987228456479 ], [ -79.284810003248793, 43.698800278037098 ], [ -79.284528269801896, 43.6988332050718 ], [ -79.284373738513395, 43.6988389085245 ], [ -79.284139045140094, 43.698900916453603 ], [ -79.283951622627796, 43.698969170132003 ], [ -79.283702920268496, 43.699048721186401 ], [ -79.283477608032698, 43.699082238448298 ], [ -79.2831450100213, 43.699127694508903 ], [ -79.282878235612799, 43.699160861883499 ], [ -79.282669222663799, 43.699232744965897 ], [ -79.282350646558996, 43.699342296490002 ], [ -79.282250840176502, 43.699371783629502 ], [ -79.282009688822399, 43.699465234353603 ], [ -79.281897806074994, 43.699513024760201 ], [ -79.281863831251698, 43.699627438214598 ], [ -79.281868629444304, 43.699665963849696 ], [ -79.281944284956296, 43.699902319791597 ], [ -79.281962333318504, 43.6999717450866 ], [ -79.282047014679094, 43.700151824162198 ], [ -79.2820819577517, 43.700249635678198 ], [ -79.282176778430795, 43.700480519195096 ], [ -79.282267901514999, 43.700749407980702 ], [ -79.282303555302903, 43.700867014583899 ], [ -79.282333667326995, 43.700966365029799 ], [ -79.282374081099803, 43.701146971614399 ], [ -79.282365014948098, 43.701327826030301 ], [ -79.282305351524101, 43.701529575068001 ], [ -79.282186919140202, 43.701709663039402 ], [ -79.282093317424597, 43.701878186573602 ], [ -79.282017239586096, 43.702045204227403 ], [ -79.281913879951105, 43.702221909158503 ], [ -79.281916146348607, 43.702277811408003 ], [ -79.281931266130499, 43.702316743769501 ], [ -79.281964592876705, 43.702391814977702 ], [ -79.281998879985096, 43.702414167533597 ], [ -79.282055934198596, 43.702443440465601 ], [ -79.282135630834503, 43.702483243013504 ], [ -79.282224829308802, 43.702506528265197 ], [ -79.282284411598198, 43.702502402164498 ], [ -79.282448494354199, 43.702527396069101 ], [ -79.282513180537507, 43.702535755331397 ], [ -79.282614011811603, 43.702570854083199 ], [ -79.282758650464999, 43.702627378035899 ], [ -79.282892285305806, 43.702700758297198 ], [ -79.282956771040901, 43.7027475523739 ], [ -79.283036529802501, 43.702818570832797 ], [ -79.2831183769528, 43.702902311999601 ], [ -79.283162239267298, 43.702970525866498 ], [ -79.283202297958894, 43.703064800194198 ], [ -79.283206642128206, 43.703102235734697 ], [ -79.283210510021803, 43.703220195775998 ], [ -79.283156840169497, 43.70337379974 ], [ -79.283064537712306, 43.703467633911103 ], [ -79.282995764174302, 43.703542997055997 ], [ -79.282941385670298, 43.703603913445697 ], [ -79.2828057179929, 43.703663442204402 ], [ -79.282673683794002, 43.703733734232003 ], [ -79.282571362129801, 43.7038117877186 ], [ -79.282535291256195, 43.703929077706597 ], [ -79.282535047279396, 43.704099543359398 ], [ -79.282529628266701, 43.704126140813699 ], [ -79.282505614757895, 43.704244146822703 ], [ -79.282481312509105, 43.704400803740498 ], [ -79.282482000725594, 43.704491852924498 ], [ -79.2824951833732, 43.704713345319199 ], [ -79.282439214335199, 43.704908278372002 ], [ -79.282363212473399, 43.705122084921904 ], [ -79.282245353125603, 43.705299626570302 ], [ -79.282216340860302, 43.705495727001299 ], [ -79.282259813988603, 43.705640847301197 ], [ -79.282394786774304, 43.705767941237603 ], [ -79.282545233674597, 43.705911977838198 ], [ -79.282590784765901, 43.706038622347002 ], [ -79.282533765744901, 43.706122162686498 ], [ -79.282418267904504, 43.706157551917897 ], [ -79.282355465998506, 43.706169179013898 ], [ -79.282307154097197, 43.706164370349398 ], [ -79.282163183955404, 43.706167714580403 ], [ -79.281981462862305, 43.7061794748303 ], [ -79.281790281876596, 43.706223369268997 ], [ -79.281544647907097, 43.706364625082003 ], [ -79.281371890741795, 43.706490807630203 ], [ -79.281186069793506, 43.706636713692198 ], [ -79.281038210033202, 43.7067981473513 ], [ -79.280960732870795, 43.706961867011202 ], [ -79.280955678961405, 43.707109424124802 ], [ -79.280976518711199, 43.707243997016299 ], [ -79.281009329221604, 43.707379483961198 ], [ -79.281093433094398, 43.7075191377103 ], [ -79.281188781143996, 43.707716277011698 ], [ -79.281255071266798, 43.707981131163599 ], [ -79.281260059387904, 43.708175640086999 ], [ -79.281120788724607, 43.708318367610403 ], [ -79.281044487468904, 43.708492630017602 ], [ -79.281017925086203, 43.708706188181303 ], [ -79.280967302945399, 43.708905919291801 ], [ -79.280939527672302, 43.7091593687055 ], [ -79.281005474995496, 43.709337873143497 ], [ -79.281090162351504, 43.709556613077403 ], [ -79.281177815019902, 43.709727876947603 ], [ -79.281286983301499, 43.709930335290998 ], [ -79.2812514394126, 43.710095494476398 ], [ -79.281144833278105, 43.710280122359798 ], [ -79.281017911941206, 43.710475287704298 ], [ -79.280966555259795, 43.710634376642901 ], [ -79.281020947506406, 43.710766259346201 ], [ -79.281196847999297, 43.710830208115802 ], [ -79.281454987437101, 43.710834986558702 ], [ -79.281667516733194, 43.7108451410746 ], [ -79.281884389926901, 43.710892748736804 ], [ -79.282014904913893, 43.710986016757403 ], [ -79.282149618194495, 43.711170781458399 ], [ -79.282232543215002, 43.711350316622799 ], [ -79.282344960587096, 43.711544858979103 ], [ -79.282455284092805, 43.711718109250398 ], [ -79.281715539957304, 43.711884428473198 ], [ -79.281003259565594, 43.712045646803098 ], [ -79.280943273085398, 43.711902600837597 ], [ -79.280732375465405, 43.711399656049998 ], [ -79.280323326048304, 43.710351969803 ], [ -79.279727959370405, 43.708908569433198 ], [ -79.279528429797793, 43.708427652166797 ], [ -79.279304648441595, 43.707888296469903 ], [ -79.279301706999206, 43.707881710864299 ], [ -79.278915996056497, 43.707016402704497 ] ] ] ] } },
{ "type": "Feature", "properties": { "_id": 13, "AREA_ID": 2502294.0, "DATE_EFFECTIVE": "2022-04-11T21:27:23", "DATE_EXPIRY": "3000/01/01 05:00:00", "AREA_ATTR_ID": 26022809.0, "AREA_TYPE_ID": 602.0, "PARENT_AREA_ID": null, "AREA_TYPE": "CNBH", "AREA_CLASS_ID": null, "AREA_CLASS": "None", "AREA_SHORT_CODE": "115", "AREA_LONG_CODE": "115", "AREA_NAME": "Mount Dennis", "AREA_DESC": "Mount Dennis (115)", "FEATURE_CODE": null, "FEATURE_CODE_DESC": "None", "TRANS_ID_CREATE": 344709.0, "TRANS_ID_EXPIRE": -1.0, "OBJECTID": 17825889 }, "geometry": { "type": "MultiPolygon", "coordinates": [ [ [ [ -79.500065116891307, 43.6942361822584 ], [ -79.497644167241702, 43.692984933271298 ], [ -79.497984140565606, 43.692821854326098 ], [ -79.493053838655797, 43.690401230526398 ], [ -79.490023421694403, 43.688911813263502 ], [ -79.488983188048394, 43.688403018228399 ], [ -79.487075298875297, 43.687462821468898 ], [ -79.482886063787802, 43.685350042962099 ], [ -79.483010430948198, 43.685236726069 ], [ -79.483409037945094, 43.684873518892601 ], [ -79.483399654403499, 43.684851680359998 ], [ -79.483413317942805, 43.684825821588902 ], [ -79.483999734550196, 43.684229406542599 ], [ -79.486137720023294, 43.683729555123698 ], [ -79.487070020780706, 43.683507575090502 ], [ -79.4882994461111, 43.683235012883003 ], [ -79.489084219226996, 43.683081177126198 ], [ -79.489338286683406, 43.6830188310309 ], [ -79.490252739194105, 43.682809254154797 ], [ -79.490870961635906, 43.6826715761526 ], [ -79.491732070127796, 43.6824608849969 ], [ -79.493735090875106, 43.682001000327702 ], [ -79.494628650971507, 43.681788920901397 ], [ -79.495072475418496, 43.681699107803702 ], [ -79.4954586238632, 43.681455854339099 ], [ -79.495584182560805, 43.681405838966398 ], [ -79.495659582884201, 43.681365984043403 ], [ -79.495781631231395, 43.681315545257902 ], [ -79.495909334209301, 43.681278212455197 ], [ -79.496411696134899, 43.681163138546403 ], [ -79.496509357328407, 43.681148199391302 ], [ -79.496808069228905, 43.681131996758502 ], [ -79.497110253503607, 43.681121428254698 ], [ -79.497158029467897, 43.6811197552083 ], [ -79.497404127701103, 43.681111893914498 ], [ -79.497740258695302, 43.6810944025016 ], [ -79.498769209695993, 43.684308029980201 ], [ -79.498823087357096, 43.6844764090065 ], [ -79.5003542810216, 43.684116299199097 ], [ -79.500509312112499, 43.684093786342203 ], [ -79.500697671200797, 43.684066772422398 ], [ -79.500901149960896, 43.684039749072497 ], [ -79.501100002207295, 43.684021735714403 ], [ -79.501307350712807, 43.684003721913399 ], [ -79.5014821652411, 43.684003710779102 ], [ -79.501629468869396, 43.684003699772902 ], [ -79.501794583346197, 43.683985685682302 ], [ -79.502081798981607, 43.684012675735602 ], [ -79.502212817201993, 43.684021665581199 ], [ -79.5023322010003, 43.684030664516001 ], [ -79.502433748267194, 43.684030653397699 ], [ -79.502588816731404, 43.684035141643797 ], [ -79.5027318416453, 43.684044139623197 ], [ -79.502895047932, 43.684071130529198 ], [ -79.503042724966903, 43.6840936209625 ], [ -79.503209788774299, 43.684116110662202 ], [ -79.503356312762506, 43.684143101376499 ], [ -79.503505168741199, 43.684170091831298 ], [ -79.503695888362202, 43.6842240846699 ], [ -79.503841248049198, 43.684269086416499 ], [ -79.503983506771306, 43.684309578430899 ], [ -79.504083518607004, 43.684341070477402 ], [ -79.504218434760901, 43.684381562460999 ], [ -79.504565365107396, 43.684422028011497 ], [ -79.504646771393197, 43.684444518998603 ], [ -79.504849895754901, 43.684489499095498 ], [ -79.505099162122306, 43.6845389774357 ], [ -79.505297238086996, 43.684574955654803 ], [ -79.505518583023999, 43.684606440757101 ], [ -79.505798843136205, 43.684615428190497 ], [ -79.505998084365004, 43.6846379121761 ], [ -79.506240737900796, 43.684655901800198 ], [ -79.506503943389205, 43.684664879433299 ], [ -79.506729528306195, 43.684669367029002 ], [ -79.5069675282259, 43.684664834113804 ], [ -79.507227604908806, 43.684646797348599 ], [ -79.507485732391601, 43.684615258158402 ], [ -79.507693873132197, 43.684583721760703 ], [ -79.507896965986106, 43.684556685986202 ], [ -79.508084193456398, 43.684522035868 ], [ -79.510233045797804, 43.684124275940597 ], [ -79.510284867264403, 43.684267482097603 ], [ -79.510364416874495, 43.684445250737603 ], [ -79.510474237843894, 43.684658121644702 ], [ -79.510647460631702, 43.684974960643999 ], [ -79.510764875125403, 43.685329259066997 ], [ -79.510865168567094, 43.685654934824399 ], [ -79.510879329624004, 43.685700903144699 ], [ -79.510974659320198, 43.686075807393699 ], [ -79.511111929029198, 43.686456036241403 ], [ -79.511264699206393, 43.686802409469202 ], [ -79.5114130946383, 43.687094703078799 ], [ -79.5114415355049, 43.687150733348098 ], [ -79.511619982421195, 43.687478470789301 ], [ -79.511855382574595, 43.687823259508001 ], [ -79.512150317541, 43.688125114201 ], [ -79.512383491421105, 43.688474519696904 ], [ -79.512552288392897, 43.688821798474898 ], [ -79.512636114814399, 43.689221365957103 ], [ -79.512735950719801, 43.689592550470401 ], [ -79.512742839758104, 43.689613675752099 ], [ -79.512873124097595, 43.690012823756597 ], [ -79.512961303832299, 43.690391219373303 ], [ -79.513009672380306, 43.690516547951297 ], [ -79.513112864254296, 43.690783928708001 ], [ -79.513201890127903, 43.691162161967398 ], [ -79.513273817854397, 43.691573323860602 ], [ -79.513313244788307, 43.691982806226598 ], [ -79.513299328129307, 43.692384283615802 ], [ -79.513289103696906, 43.693383986531103 ], [ -79.511550817014907, 43.693556208117101 ], [ -79.511125860281098, 43.693645084029498 ], [ -79.509491210882203, 43.693994364582899 ], [ -79.509189702781001, 43.693317672020299 ], [ -79.5091706684385, 43.693288320331099 ], [ -79.509136885349093, 43.6932670709825 ], [ -79.509078952181696, 43.693266805559702 ], [ -79.509030299187401, 43.693272858282803 ], [ -79.507251194014501, 43.693686774433601 ], [ -79.505615492918594, 43.694053030072098 ], [ -79.506379682009097, 43.694710453326799 ], [ -79.503653932396404, 43.6953427606079 ], [ -79.503349464098804, 43.695476790143701 ], [ -79.503132627594795, 43.695574865345698 ], [ -79.502956906611104, 43.695737091269898 ], [ -79.501783154391106, 43.695109986723402 ], [ -79.500065116891307, 43.6942361822584 ] ] ] ] } },
{ "type": "Feature", "properties": { "_id": 14, "AREA_ID": 2502292.0, "DATE_EFFECTIVE": "2022-04-11T21:27:23", "DATE_EXPIRY": "3000/01/01 05:00:00", "AREA_ATTR_ID": 26022807.0, "AREA_TYPE_ID": 602.0, "PARENT_AREA_ID": null, "AREA_TYPE": "CNBH", "AREA_CLASS_ID": null, "AREA_CLASS": "None", "AREA_SHORT_CODE": "113", "AREA_LONG_CODE": "113", "AREA_NAME": "Weston", "AREA_DESC": "Weston (113)", "FEATURE_CODE": null, "FEATURE_CODE_DESC": "None", "TRANS_ID_CREATE": 344709.0, "TRANS_ID_EXPIRE": -1.0, "OBJECTID": 17825921 }, "geometry": { "type": "MultiPolygon", "coordinates": [ [ [ [ -79.530864673151399, 43.710679179196603 ], [ -79.531542050199903, 43.709157411088299 ], [ -79.530809823582302, 43.709294646104901 ], [ -79.530799618404103, 43.709260182999401 ], [ -79.530784952393304, 43.709213740406298 ], [ -79.5307696660781, 43.709167505007102 ], [ -79.530753387163699, 43.709121404891498 ], [ -79.530736475493498, 43.709075421959902 ], [ -79.530718707741002, 43.7090296102796 ], [ -79.530700195590398, 43.708983978821401 ], [ -79.530680938983295, 43.708938410568599 ], [ -79.530660813964005, 43.7088931575895 ], [ -79.530639944496102, 43.708847976816202 ], [ -79.530618454758795, 43.708803048240497 ], [ -79.530596096558796, 43.708758326922002 ], [ -79.530572857470901, 43.708713776858502 ], [ -79.530549010530905, 43.708669487989198 ], [ -79.530524419163399, 43.708625298327298 ], [ -79.530498959408007, 43.708581450939697 ], [ -79.530472879377399, 43.708537828743196 ], [ -79.530446054937201, 43.708494332756501 ], [ -79.530425217037802, 43.708461906731202 ], [ -79.530418362144999, 43.708451242051297 ], [ -79.530396750190306, 43.708409400898702 ], [ -79.530373277118997, 43.708367812271803 ], [ -79.530349171388295, 43.7083265028471 ], [ -79.530324209592095, 43.708285364668299 ], [ -79.530298503498898, 43.708244577730497 ], [ -79.530272177130797, 43.708204015982702 ], [ -79.530244982274596, 43.708163589477302 ], [ -79.530217167222801, 43.708123541182502 ], [ -79.530188607846497, 43.708083781117899 ], [ -79.530159304070196, 43.708044156261302 ], [ -79.530129380105393, 43.708004918615003 ], [ -79.530098575326704, 43.7079659692332 ], [ -79.530067162702196, 43.707927272038297 ], [ -79.530035129869205, 43.7078889170457 ], [ -79.530002352713197, 43.707850841278699 ], [ -79.529968831293203, 43.707813161753002 ], [ -79.529934689617605, 43.707775725414002 ], [ -79.529899927687197, 43.707738532261097 ], [ -79.529864421539799, 43.707701825360402 ], [ -79.529828282739501, 43.7076653796504 ], [ -79.529791412078097, 43.707629312172898 ], [ -79.529754045283397, 43.707593559856797 ], [ -79.529715934224797, 43.707558194776503 ], [ -79.529677202972806, 43.707523189895099 ], [ -79.529637851532101, 43.707488554213299 ], [ -79.529597879885401, 43.707454251725302 ], [ -79.529557288112599, 43.707420444453398 ], [ -79.529516076138904, 43.7073869793754 ], [ -79.529474355625695, 43.707353829457901 ], [ -79.529431915685393, 43.707321102770003 ], [ -79.529388954885803, 43.707288871270002 ], [ -79.529345386267906, 43.707256927950297 ], [ -79.529301321637803, 43.707225542819899 ], [ -79.529256636807602, 43.7071944998794 ], [ -79.529211331786001, 43.7071638171305 ], [ -79.529165530738695, 43.707133665565202 ], [ -79.529119233591004, 43.707103892161101 ], [ -79.529072440416698, 43.707074649939301 ], [ -79.529025027046401, 43.707045758905203 ], [ -79.528977117609699, 43.707017318040698 ], [ -79.528928712115203, 43.706989345347701 ], [ -79.5288798105925, 43.706961903834397 ], [ -79.528830400594103, 43.706934912491803 ], [ -79.528780506884203, 43.706908263297898 ], [ -79.528730117217705, 43.706882298303498 ], [ -79.528679355495299, 43.706856639423201 ], [ -79.528627973681495, 43.706831556757002 ], [ -79.528576343939505, 43.7068068791869 ], [ -79.528524094104796, 43.706782777829503 ], [ -79.528471459901795, 43.706759189616299 ], [ -79.528379127308696, 43.706725565821998 ], [ -79.5282862987724, 43.706692536159601 ], [ -79.528193222407197, 43.706660001552798 ], [ -79.528099774129899, 43.706627962031398 ], [ -79.528005953968005, 43.706596480603402 ], [ -79.527911885955007, 43.706565458223601 ], [ -79.527817446091007, 43.706535074947098 ], [ -79.527722621857706, 43.706505096742902 ], [ -79.527627562229497, 43.706475694598197 ], [ -79.527532130710895, 43.706446859544002 ], [ -79.527436451343505, 43.706418510538299 ], [ -79.527340524158305, 43.706390719590502 ], [ -79.526407064696201, 43.706110108336098 ], [ -79.526069187231997, 43.706037059549899 ], [ -79.525462452163495, 43.705871554881199 ], [ -79.524360384315798, 43.706138646811098 ], [ -79.523112538453802, 43.706443265975601 ], [ -79.523161162666398, 43.706531837656897 ], [ -79.523720574878496, 43.707550720901601 ], [ -79.523202429753198, 43.707683929043299 ], [ -79.522337613822202, 43.707875441324902 ], [ -79.522235025633506, 43.707685948576803 ], [ -79.520844531665404, 43.708039897519797 ], [ -79.520511065263193, 43.707268863985597 ], [ -79.520288592857199, 43.706887420795802 ], [ -79.519167567535305, 43.707136544444403 ], [ -79.517340400788399, 43.707511109092003 ], [ -79.517200484758007, 43.707555065435301 ], [ -79.516900696863303, 43.707633718251998 ], [ -79.515745502478495, 43.707908737013 ], [ -79.514604936277706, 43.708170447342397 ], [ -79.513468429676294, 43.7084300755089 ], [ -79.512328639026705, 43.708697622835999 ], [ -79.511530530272907, 43.708879198717398 ], [ -79.511470859652803, 43.708891455447898 ], [ -79.511430656032701, 43.708892782661898 ], [ -79.509293330561604, 43.7094182274285 ], [ -79.509014986585399, 43.709473166455403 ], [ -79.508926440537806, 43.709490662867999 ], [ -79.507775663142894, 43.709743520541203 ], [ -79.506305123329994, 43.710095695681801 ], [ -79.506196785834106, 43.7101362883188 ], [ -79.505788280019502, 43.710201181864697 ], [ -79.505566631138095, 43.7092454022862 ], [ -79.5053451369035, 43.708414622741898 ], [ -79.505114947770906, 43.707551195427001 ], [ -79.5050574693242, 43.7073669779708 ], [ -79.504832275376202, 43.706645373755798 ], [ -79.5045978852676, 43.705829003967601 ], [ -79.504405549882094, 43.705159091711302 ], [ -79.504248914603906, 43.704473407496003 ], [ -79.503838440834002, 43.702878071676402 ], [ -79.503641958808103, 43.702279088008197 ], [ -79.503455189262297, 43.701572079281298 ], [ -79.503247902099105, 43.700848085327898 ], [ -79.5028939689781, 43.699553341353102 ], [ -79.5048204655332, 43.6990914924761 ], [ -79.5055428489771, 43.698933334166199 ], [ -79.505943249271795, 43.698845659539501 ], [ -79.506411684126704, 43.698743082586603 ], [ -79.507531713104598, 43.698497801267798 ], [ -79.508246464972203, 43.6983412735933 ], [ -79.505354797143795, 43.6969167039829 ], [ -79.504943653178998, 43.697010281887799 ], [ -79.504886437062694, 43.697023309211097 ], [ -79.502379572701102, 43.697593719439602 ], [ -79.502192815623502, 43.6967630933813 ], [ -79.5041510283652, 43.696352580295901 ], [ -79.502956906611104, 43.695737091269898 ], [ -79.503132627594795, 43.695574865345698 ], [ -79.503349464098804, 43.695476790143701 ], [ -79.503653932396404, 43.6953427606079 ], [ -79.506379682009097, 43.694710453326799 ], [ -79.505615492918594, 43.694053030072098 ], [ -79.507251194014501, 43.693686774433601 ], [ -79.509030299187401, 43.693272858282803 ], [ -79.509078952181696, 43.693266805559702 ], [ -79.509136885349093, 43.6932670709825 ], [ -79.5091706684385, 43.693288320331099 ], [ -79.509189702781001, 43.693317672020299 ], [ -79.509491210882203, 43.693994364582899 ], [ -79.511125860281098, 43.693645084029498 ], [ -79.511550817014907, 43.693556208117101 ], [ -79.513289103696906, 43.693383986531103 ], [ -79.512927637252005, 43.693971902418802 ], [ -79.512816156094999, 43.694239208343603 ], [ -79.512765947168305, 43.694514923528203 ], [ -79.512742081055606, 43.694818899798001 ], [ -79.512645390665298, 43.695171410083198 ], [ -79.512446578477196, 43.695484523782703 ], [ -79.512235863770499, 43.695781949146301 ], [ -79.512028510237599, 43.6960855846417 ], [ -79.511899820959499, 43.696387942401003 ], [ -79.511922260406905, 43.696497782786103 ], [ -79.511964666085603, 43.696694078449298 ], [ -79.512245616736195, 43.696949739280399 ], [ -79.512653973404795, 43.697108522523102 ], [ -79.513103873104996, 43.697232842620402 ], [ -79.513535637061494, 43.697248175508598 ], [ -79.513903109470405, 43.697197625181197 ], [ -79.5142988415286, 43.697090605064602 ], [ -79.514456047534296, 43.697069936338004 ], [ -79.514574981741205, 43.697054691056501 ], [ -79.514655296564001, 43.697043744223201 ], [ -79.514656475131503, 43.697043672061803 ], [ -79.515049322419301, 43.697019092507396 ], [ -79.515477443132596, 43.696958195637798 ], [ -79.515696103300797, 43.696918011077301 ], [ -79.515877534202403, 43.6968846722542 ], [ -79.516339155765706, 43.696800688195403 ], [ -79.516781437036499, 43.6968131809165 ], [ -79.517194569015501, 43.696842796764301 ], [ -79.517606488227599, 43.696923790656101 ], [ -79.518003628752496, 43.696949715513298 ], [ -79.518815813289294, 43.6971218243443 ], [ -79.519146003834706, 43.697278391914303 ], [ -79.519486256715595, 43.697470664916203 ], [ -79.519753706054999, 43.697721385855303 ], [ -79.520040746839001, 43.697970869548101 ], [ -79.520315157745401, 43.698249572927701 ], [ -79.520691008895497, 43.698751849236999 ], [ -79.520796705350904, 43.698982803019497 ], [ -79.520939595945805, 43.699280233371198 ], [ -79.520940837976795, 43.6992841667048 ], [ -79.521042546548799, 43.699529901076403 ], [ -79.521179582043203, 43.699716940440098 ], [ -79.521433614037306, 43.6998691677964 ], [ -79.521806003476897, 43.700043335196597 ], [ -79.522098723181202, 43.700162644990101 ], [ -79.522136572333693, 43.700185491922902 ], [ -79.522352870007296, 43.7002786851141 ], [ -79.522820552291506, 43.700460625632502 ], [ -79.523328477057703, 43.700685069079398 ], [ -79.523855691665901, 43.700861160353803 ], [ -79.524442603523397, 43.701047515904399 ], [ -79.524971331741199, 43.701237877729596 ], [ -79.525577244276803, 43.701420316733703 ], [ -79.526091989064, 43.701650615171197 ], [ -79.526649173627206, 43.701888498475 ], [ -79.527176942926602, 43.702066617554301 ], [ -79.527213760476599, 43.702078562494101 ], [ -79.527735726860598, 43.702230486646002 ], [ -79.528255458425406, 43.702320741199799 ], [ -79.528569927746204, 43.7024152124689 ], [ -79.528779618298799, 43.702561088599502 ], [ -79.529031883780306, 43.702896007386201 ], [ -79.529170833520993, 43.703253529774997 ], [ -79.529406086705805, 43.703549386492398 ], [ -79.529715144468994, 43.703824349586903 ], [ -79.530096393491803, 43.704026778565002 ], [ -79.530382688567599, 43.704301250752302 ], [ -79.530741129284905, 43.704584704105002 ], [ -79.531157312079799, 43.704782628480601 ], [ -79.531710300464397, 43.7048994929877 ], [ -79.531938310096507, 43.7049309339695 ], [ -79.532190753313898, 43.704966868255397 ], [ -79.532706487862995, 43.704998217312401 ], [ -79.533170643711998, 43.7050070848357 ], [ -79.533657597133001, 43.704934932289298 ], [ -79.534129428697398, 43.704826768081801 ], [ -79.5345798965607, 43.704682612289602 ], [ -79.535015130284293, 43.7045464975252 ], [ -79.535437127193006, 43.704480613158303 ], [ -79.535782708446007, 43.704505168994501 ], [ -79.535961206284398, 43.704589364917297 ], [ -79.536020813243098, 43.704776356646498 ], [ -79.535950143552597, 43.704992139457801 ], [ -79.535723761255497, 43.705323043280401 ], [ -79.535600272257994, 43.7056904508065 ], [ -79.535541183900904, 43.706086534228398 ], [ -79.535505637479304, 43.706280081646398 ], [ -79.535496771854795, 43.706374597764103 ], [ -79.535442749981101, 43.706779680786198 ], [ -79.535447830130806, 43.706851689387001 ], [ -79.535467686763596, 43.707152316701603 ], [ -79.535556282418398, 43.707552503695602 ], [ -79.535658865972096, 43.707894015950401 ], [ -79.535836748682001, 43.708116291691802 ], [ -79.534019950658006, 43.708548889789803 ], [ -79.532298454091105, 43.708966877038797 ], [ -79.5322996457203, 43.709106270346297 ], [ -79.532549332747493, 43.709955118080003 ], [ -79.532347157708898, 43.710443179145003 ], [ -79.530864673151399, 43.710679179196603 ] ] ] ] } },
{ "type": "Feature", "properties": { "_id": 15, "AREA_ID": 2502291.0, "DATE_EFFECTIVE": "2022-04-11T21:27:23", "DATE_EXPIRY": "3000/01/01 05:00:00", "AREA_ATTR_ID": 26022806.0, "AREA_TYPE_ID": 602.0, "PARENT_AREA_ID": null, "AREA_TYPE": "CNBH", "AREA_CLASS_ID": null, "AREA_CLASS": "None", "AREA_SHORT_CODE": "112", "AREA_LONG_CODE": "112", "AREA_NAME": "Beechborough-Greenbrook", "AREA_DESC": "Beechborough-Greenbrook (112)", "FEATURE_CODE": null, "FEATURE_CODE_DESC": "None", "TRANS_ID_CREATE": 344709.0, "TRANS_ID_EXPIRE": -1.0, "OBJECTID": 17825937 }, "geometry": { "type": "MultiPolygon", "coordinates": [ [ [ [ -79.486772029883994, 43.687515120350099 ], [ -79.487075298875297, 43.687462821468898 ], [ -79.488983188048394, 43.688403018228399 ], [ -79.490023421694403, 43.688911813263502 ], [ -79.493053838655797, 43.690401230526398 ], [ -79.497984140565606, 43.692821854326098 ], [ -79.497644167241702, 43.692984933271298 ], [ -79.493840736248799, 43.693797743413498 ], [ -79.4898109076005, 43.6946301377601 ], [ -79.487735713275399, 43.695056586138698 ], [ -79.487334767399304, 43.695136716912799 ], [ -79.486551946483701, 43.695268667425701 ], [ -79.485462595256493, 43.695467984662997 ], [ -79.483514771803598, 43.6959055790823 ], [ -79.480435901416001, 43.6966086343187 ], [ -79.475554058656897, 43.6976893252209 ], [ -79.474603376930901, 43.697865597173397 ], [ -79.468802369601093, 43.699266183277103 ], [ -79.467102403123903, 43.699673473817498 ], [ -79.466549079218396, 43.697771962838402 ], [ -79.466545314882495, 43.697759044890901 ], [ -79.466102506158705, 43.696156379197603 ], [ -79.466038374736101, 43.695923316787997 ], [ -79.465976216481806, 43.695690011885397 ], [ -79.465913314379506, 43.695456670712602 ], [ -79.465849531836497, 43.695223536262198 ], [ -79.465785166681798, 43.694990464601297 ], [ -79.465719908744006, 43.694757518644998 ], [ -79.4656537828495, 43.694524689397902 ], [ -79.465600507383499, 43.694339246770902 ], [ -79.465586925500205, 43.6942919228919 ], [ -79.465519324175304, 43.694059435152901 ], [ -79.465499143238304, 43.693989489022897 ], [ -79.465477957398406, 43.6939197226109 ], [ -79.465456051985299, 43.693850136002403 ], [ -79.465433389846893, 43.693780621170497 ], [ -79.4654098468949, 43.693711241086 ], [ -79.465385447880905, 43.693642103771502 ], [ -79.465360180495395, 43.6935730471995 ], [ -79.465334168785105, 43.693504089409601 ], [ -79.465307412643597, 43.693435419428297 ], [ -79.465279788148806, 43.693366812185197 ], [ -79.465251295173701, 43.693298492712003 ], [ -79.465222057883807, 43.693230272018702 ], [ -79.465192076198207, 43.693162294125401 ], [ -79.465161226138605, 43.693094432975499 ], [ -79.465129520050397, 43.693026796587702 ], [ -79.465097044778602, 43.692959375986497 ], [ -79.465063837577901, 43.692892108173602 ], [ -79.465029749492999, 43.692825155126101 ], [ -79.464985863182307, 43.692754994605899 ], [ -79.464959377541902, 43.692691725393601 ], [ -79.464922944748906, 43.692625365678602 ], [ -79.464885767617204, 43.692559185748301 ], [ -79.464847846096305, 43.692493275615099 ], [ -79.464809056120501, 43.692427662244 ], [ -79.464769645879997, 43.692362201689797 ], [ -79.464729218284305, 43.692297109860398 ], [ -79.464620644487596, 43.692155611954099 ], [ -79.464863246964001, 43.692079301792603 ], [ -79.465073795802397, 43.692021253955502 ], [ -79.465379789987594, 43.691940209363302 ], [ -79.465752784894605, 43.691878059761002 ], [ -79.466649883538906, 43.691789509230198 ], [ -79.467485675809002, 43.691720106995902 ], [ -79.467696018185904, 43.691716098047301 ], [ -79.467864567452096, 43.691712905089197 ], [ -79.468371362746595, 43.691620450108999 ], [ -79.468783280863903, 43.691555790015997 ], [ -79.469435094025897, 43.691426995589801 ], [ -79.469721297737905, 43.691361920376004 ], [ -79.470401431116699, 43.691225404820599 ], [ -79.471515191166006, 43.690977774068401 ], [ -79.472743472166897, 43.690684046170702 ], [ -79.473911849933799, 43.690421084843997 ], [ -79.475062686598605, 43.690165353782398 ], [ -79.476099064217195, 43.689918714564598 ], [ -79.477181467901502, 43.689669590778202 ], [ -79.478898202297401, 43.689296438667299 ], [ -79.481038749943906, 43.6888112386412 ], [ -79.482878346022105, 43.688368367939297 ], [ -79.483726261862998, 43.688174999824 ], [ -79.486594754013097, 43.6875488815867 ], [ -79.486772029883994, 43.687515120350099 ] ] ] ] } },
{ "type": "Feature", "properties": { "_id": 16, "AREA_ID": 2502290.0, "DATE_EFFECTIVE": "2022-04-11T21:27:23", "DATE_EXPIRY": "3000/01/01 05:00:00", "AREA_ATTR_ID": 26022805.0, "AREA_TYPE_ID": 602.0, "PARENT_AREA_ID": null, "AREA_TYPE": "CNBH", "AREA_CLASS_ID": null, "AREA_CLASS": "None", "AREA_SHORT_CODE": "111", "AREA_LONG_CODE": "111", "AREA_NAME": "Rockcliffe-Smythe", "AREA_DESC": "Rockcliffe-Smythe (111)", "FEATURE_CODE": null, "FEATURE_CODE_DESC": "None", "TRANS_ID_CREATE": 344709.0, "TRANS_ID_EXPIRE": -1.0, "OBJECTID": 17825953 }, "geometry": { "type": "MultiPolygon", "coordinates": [ [ [ [ -79.475153339366997, 43.681152447335897 ], [ -79.474681833892305, 43.680851393982003 ], [ -79.474259123058204, 43.680556263528601 ], [ -79.473836406116305, 43.680284723939401 ], [ -79.473381159510893, 43.679960076449802 ], [ -79.472771498107704, 43.679487876899401 ], [ -79.472419624666799, 43.679219175286399 ], [ -79.472635406091101, 43.679212629181201 ], [ -79.473450894576999, 43.679014999572502 ], [ -79.473825562829006, 43.679379396227603 ], [ -79.474416193059994, 43.679239388460701 ], [ -79.476001776546696, 43.678867104856899 ], [ -79.475838369646098, 43.678478024531998 ], [ -79.475830860188495, 43.678369494066203 ], [ -79.474706273392101, 43.677501028658803 ], [ -79.473711377562097, 43.676726690752702 ], [ -79.473656233545796, 43.676652723215199 ], [ -79.473622186062798, 43.676548858135597 ], [ -79.473656381245405, 43.676286756581 ], [ -79.473877571460704, 43.6756802713425 ], [ -79.473857181787594, 43.675654432889097 ], [ -79.473771731271896, 43.6755461544223 ], [ -79.473500383939296, 43.675202268353502 ], [ -79.4741918832881, 43.674981804158101 ], [ -79.475042910785803, 43.674792605301199 ], [ -79.478365859258801, 43.674078037342703 ], [ -79.478241850718604, 43.673787577084298 ], [ -79.478583772756707, 43.673706746752799 ], [ -79.478839560805397, 43.673642443919903 ], [ -79.478568782684206, 43.673000887043699 ], [ -79.480778028763794, 43.6725077911941 ], [ -79.480397608885596, 43.671566385811502 ], [ -79.480260353324297, 43.671232844984999 ], [ -79.480075696510895, 43.670770576718098 ], [ -79.480315421460702, 43.670713882872903 ], [ -79.481199529580394, 43.670522411399801 ], [ -79.4817164753415, 43.670406477114597 ], [ -79.482383278071097, 43.6702579338614 ], [ -79.483382198739406, 43.670035111494698 ], [ -79.483940245577301, 43.669913295241898 ], [ -79.483564052451698, 43.668993602772403 ], [ -79.483330784727897, 43.668470978646504 ], [ -79.483088710083393, 43.667928585765701 ], [ -79.482879252433804, 43.667428035412598 ], [ -79.482832746690306, 43.667316897962998 ], [ -79.482758892997296, 43.667140406680602 ], [ -79.482717121242004, 43.667040584570302 ], [ -79.482628287036505, 43.666828238610698 ], [ -79.482641406451904, 43.666827250456798 ], [ -79.482777436009798, 43.6668192778465 ], [ -79.485269140731802, 43.666666063312903 ], [ -79.486333115529504, 43.666605733498898 ], [ -79.488176106691299, 43.666501226446201 ], [ -79.491442943528796, 43.666291147446898 ], [ -79.499233435951297, 43.665861732346698 ], [ -79.499283034946899, 43.665857232000199 ], [ -79.499354321117593, 43.665848222086801 ], [ -79.499425991615595, 43.665843712799401 ], [ -79.499497662140499, 43.665834711800002 ], [ -79.499569320212103, 43.665830202422597 ], [ -79.499641387463996, 43.665825693001601 ], [ -79.499713070313504, 43.665821192535603 ], [ -79.499785125144101, 43.665816683023898 ], [ -79.499857179963897, 43.665812182468201 ], [ -79.499929259567097, 43.665812173534199 ], [ -79.500001711162099, 43.665812173556098 ], [ -79.500073778365604, 43.665812173532302 ], [ -79.500145845558094, 43.665807663793302 ], [ -79.500217925155894, 43.6658076636785 ], [ -79.505623529081802, 43.665474341067799 ], [ -79.505964107751495, 43.6654473197935 ], [ -79.506229940591595, 43.665415791932297 ], [ -79.506539916838904, 43.665393262273398 ], [ -79.506854551531902, 43.665339226812897 ], [ -79.507165281388197, 43.6652987017386 ], [ -79.507392722636894, 43.6652581722348 ], [ -79.507619382974994, 43.665222152000503 ], [ -79.507710628832797, 43.665200065600402 ], [ -79.507786747590501, 43.665181634702002 ], [ -79.508143979555001, 43.665087086759797 ], [ -79.508408996782507, 43.665006055528899 ], [ -79.508555082635795, 43.664965529665999 ], [ -79.508781351543206, 43.664893501801799 ], [ -79.509073863770894, 43.664776452555898 ], [ -79.509378013777294, 43.664632397588697 ], [ -79.509681764099795, 43.664479340503398 ], [ -79.509981259877904, 43.6643262829786 ], [ -79.510123056909094, 43.664236248114896 ], [ -79.510377589471005, 43.664078701849597 ], [ -79.510681723260603, 43.663880635357899 ], [ -79.510925411790794, 43.663700567522497 ], [ -79.511145074105102, 43.663547496527002 ], [ -79.511350815739902, 43.663353929456399 ], [ -79.511536759734597, 43.663187368031899 ], [ -79.5117180769426, 43.663016306103799 ], [ -79.512211634335401, 43.662633661419797 ], [ -79.512404288408007, 43.6629216836116 ], [ -79.512583787486705, 43.663322223674598 ], [ -79.512693936851207, 43.663709269139297 ], [ -79.512803308384207, 43.664105315898198 ], [ -79.512868927524096, 43.664519370136702 ], [ -79.512955466565501, 43.6649379226075 ], [ -79.513048575688103, 43.665342963224496 ], [ -79.513080892233106, 43.665757021047803 ], [ -79.513075587258399, 43.6661665914746 ], [ -79.512986576214999, 43.666544666736797 ], [ -79.512797582242598, 43.6668597437952 ], [ -79.5125291329052, 43.667143324588203 ], [ -79.512163784852206, 43.667354913414698 ], [ -79.511786833035998, 43.667593506265099 ], [ -79.511457928364706, 43.667895102392301 ], [ -79.511273994085101, 43.668277686347899 ], [ -79.511343853792695, 43.668655735410603 ], [ -79.511486583350404, 43.669056280436003 ], [ -79.511510243800402, 43.669123788043997 ], [ -79.511632430803004, 43.669474827599998 ], [ -79.511738338062699, 43.669893378655402 ], [ -79.511803975655297, 43.6703434474028 ], [ -79.511842792323506, 43.670608982609302 ], [ -79.511869190828406, 43.6707845057905 ], [ -79.511965805881104, 43.6712255518229 ], [ -79.512090313850393, 43.671675605121699 ], [ -79.512249309098706, 43.672116644230698 ], [ -79.512354825289094, 43.672580192192498 ], [ -79.512431686686497, 43.673057245127197 ], [ -79.5124395694707, 43.673516302848 ], [ -79.512417496655402, 43.673583815182901 ], [ -79.512300933897507, 43.673934879435002 ], [ -79.512047576372296, 43.674321963339501 ], [ -79.511656236946607, 43.674650552210601 ], [ -79.511220716189399, 43.674965633083502 ], [ -79.510727414255499, 43.675226718786 ], [ -79.510216290594101, 43.675510307246 ], [ -79.509860141882001, 43.675685864289299 ], [ -79.509697766307198, 43.675766881069798 ], [ -79.5092443740741, 43.676036958263801 ], [ -79.508834359052898, 43.6763880331835 ], [ -79.508520109213606, 43.676752610494098 ], [ -79.508275623300705, 43.677162179481897 ], [ -79.508076107867296, 43.6775987487039 ], [ -79.507893655027502, 43.678035325368498 ], [ -79.507684867096302, 43.678453918850799 ], [ -79.507459791892401, 43.678872512985002 ], [ -79.507440436172601, 43.678908519511403 ], [ -79.507242462414396, 43.6792685938644 ], [ -79.507167685006095, 43.679349601416497 ], [ -79.506936716724496, 43.679597151837001 ], [ -79.506556914187996, 43.679835718100698 ], [ -79.506115882703696, 43.680011295186603 ], [ -79.505762441148093, 43.680236373411297 ], [ -79.505528395246401, 43.6805649509284 ], [ -79.505466426113102, 43.680920487781798 ], [ -79.505542440272805, 43.681294002594797 ], [ -79.505632791127994, 43.681645022348697 ], [ -79.5057022280713, 43.681960037809397 ], [ -79.505969329283403, 43.682225544850397 ], [ -79.506405410101905, 43.6823425112837 ], [ -79.506917442801296, 43.682400944958097 ], [ -79.5074484499779, 43.6824323711717 ], [ -79.507944583533501, 43.682396287517697 ], [ -79.508420152730594, 43.682364712883498 ], [ -79.508447290787302, 43.682364710881302 ], [ -79.508891892413502, 43.6824411612983 ], [ -79.509249318204297, 43.682630142453498 ], [ -79.509537389960997, 43.682913642046898 ], [ -79.5097777897833, 43.683219666264101 ], [ -79.510011195050595, 43.683516689263001 ], [ -79.510117084448396, 43.683822733436699 ], [ -79.510193150990901, 43.684020530428498 ], [ -79.510233045797804, 43.684124275940597 ], [ -79.508084193456398, 43.684522035868 ], [ -79.507896965986106, 43.684556685986202 ], [ -79.507693873132197, 43.684583721760703 ], [ -79.507485732391601, 43.684615258158402 ], [ -79.507227604908806, 43.684646797348599 ], [ -79.5069675282259, 43.684664834113804 ], [ -79.506729528306195, 43.684669367029002 ], [ -79.506503943389205, 43.684664879433299 ], [ -79.506240737900796, 43.684655901800198 ], [ -79.505998084365004, 43.6846379121761 ], [ -79.505798843136205, 43.684615428190497 ], [ -79.505518583023999, 43.684606440757101 ], [ -79.505297238086996, 43.684574955654803 ], [ -79.505099162122306, 43.6845389774357 ], [ -79.504849895754901, 43.684489499095498 ], [ -79.504646771393197, 43.684444518998603 ], [ -79.504565365107396, 43.684422028011497 ], [ -79.504218434760901, 43.684381562460999 ], [ -79.504083518607004, 43.684341070477402 ], [ -79.503983506771306, 43.684309578430899 ], [ -79.503841248049198, 43.684269086416499 ], [ -79.503695888362202, 43.6842240846699 ], [ -79.503505168741199, 43.684170091831298 ], [ -79.503356312762506, 43.684143101376499 ], [ -79.503209788774299, 43.684116110662202 ], [ -79.503042724966903, 43.6840936209625 ], [ -79.502895047932, 43.684071130529198 ], [ -79.5027318416453, 43.684044139623197 ], [ -79.502588816731404, 43.684035141643797 ], [ -79.502433748267194, 43.684030653397699 ], [ -79.5023322010003, 43.684030664516001 ], [ -79.502212817201993, 43.684021665581199 ], [ -79.502081798981607, 43.684012675735602 ], [ -79.501794583346197, 43.683985685682302 ], [ -79.501629468869396, 43.684003699772902 ], [ -79.5014821652411, 43.684003710779102 ], [ -79.501307350712807, 43.684003721913399 ], [ -79.501100002207295, 43.684021735714403 ], [ -79.500901149960896, 43.684039749072497 ], [ -79.500697671200797, 43.684066772422398 ], [ -79.500509312112499, 43.684093786342203 ], [ -79.5003542810216, 43.684116299199097 ], [ -79.498823087357096, 43.6844764090065 ], [ -79.498769209695993, 43.684308029980201 ], [ -79.497740258695302, 43.6810944025016 ], [ -79.497404127701103, 43.681111893914498 ], [ -79.497158029467897, 43.6811197552083 ], [ -79.497110253503607, 43.681121428254698 ], [ -79.496808069228905, 43.681131996758502 ], [ -79.496509357328407, 43.681148199391302 ], [ -79.496411696134899, 43.681163138546403 ], [ -79.495909334209301, 43.681278212455197 ], [ -79.495781631231395, 43.681315545257902 ], [ -79.495659582884201, 43.681365984043403 ], [ -79.495584182560805, 43.681405838966398 ], [ -79.4954586238632, 43.681455854339099 ], [ -79.495072475418496, 43.681699107803702 ], [ -79.494628650971507, 43.681788920901397 ], [ -79.493735090875106, 43.682001000327702 ], [ -79.491732070127796, 43.6824608849969 ], [ -79.490870961635906, 43.6826715761526 ], [ -79.490252739194105, 43.682809254154797 ], [ -79.489338286683406, 43.6830188310309 ], [ -79.489084219226996, 43.683081177126198 ], [ -79.4882994461111, 43.683235012883003 ], [ -79.487070020780706, 43.683507575090502 ], [ -79.486137720023294, 43.683729555123698 ], [ -79.483999734550196, 43.684229406542599 ], [ -79.483413317942805, 43.684825821588902 ], [ -79.483399654403499, 43.684851680359998 ], [ -79.483409037945094, 43.684873518892601 ], [ -79.483010430948198, 43.685236726069 ], [ -79.482886063787802, 43.685350042962099 ], [ -79.480705390238995, 43.684251635256103 ], [ -79.4797046090642, 43.6837453003915 ], [ -79.477958021794194, 43.682864279849497 ], [ -79.477502761022194, 43.682598652507501 ], [ -79.477186645500794, 43.682423433355197 ], [ -79.477031231369395, 43.682333011070902 ], [ -79.476575985593001, 43.682049674437103 ], [ -79.476112600006502, 43.681754533556003 ], [ -79.476063496587898, 43.6817231087065 ], [ -79.475584189875093, 43.681429879611002 ], [ -79.475153339366997, 43.681152447335897 ] ] ] ] } },
{ "type": "Feature", "properties": { "_id": 17, "AREA_ID": 2502289.0, "DATE_EFFECTIVE": "2022-04-11T21:27:23", "DATE_EXPIRY": "3000/01/01 05:00:00", "AREA_ATTR_ID": 26022804.0, "AREA_TYPE_ID": 602.0, "PARENT_AREA_ID": null, "AREA_TYPE": "CNBH", "AREA_CLASS_ID": null, "AREA_CLASS": "None", "AREA_SHORT_CODE": "110", "AREA_LONG_CODE": "110", "AREA_NAME": "Keelesdale-Eglinton West", "AREA_DESC": "Keelesdale-Eglinton West (110)", "FEATURE_CODE": null, "FEATURE_CODE_DESC": "None", "TRANS_ID_CREATE": 344709.0, "TRANS_ID_EXPIRE": -1.0, "OBJECTID": 17825969 }, "geometry": { "type": "MultiPolygon", "coordinates": [ [ [ [ -79.462096454585193, 43.685717567947002 ], [ -79.462024826206104, 43.685200464163898 ], [ -79.461967379214499, 43.685208969301698 ], [ -79.461833752889007, 43.684682393335898 ], [ -79.461819838790902, 43.684619379540003 ], [ -79.461805130886901, 43.6845563744779 ], [ -79.461789663545005, 43.684497860811597 ], [ -79.4617738174327, 43.684430354709903 ], [ -79.461756802569496, 43.684367339866697 ], [ -79.461738618943798, 43.684308834284103 ], [ -79.461720041302598, 43.6842458279122 ], [ -79.461701091600801, 43.684182812410597 ], [ -79.461680960736402, 43.684124306164598 ], [ -79.461660076170702, 43.684061290006198 ], [ -79.461638410224495, 43.6839982825825 ], [ -79.461615563131502, 43.683939766410099 ], [ -79.461592743755403, 43.683876758589101 ], [ -79.461568758504598, 43.683813750370803 ], [ -79.461543989019503, 43.683755233535898 ], [ -79.461518438162301, 43.6836967254333 ], [ -79.461492108819698, 43.683633716407797 ], [ -79.461465007647504, 43.683575198768402 ], [ -79.461437140396299, 43.683512189210497 ], [ -79.461408488906997, 43.683453680034802 ], [ -79.461379080875204, 43.683395161594298 ], [ -79.461349251187301, 43.683336643003202 ], [ -79.461318292855296, 43.683278124021697 ], [ -79.461298534761099, 43.683238916632199 ], [ -79.461286543665906, 43.683215104108797 ], [ -79.461254416651101, 43.683161085367701 ], [ -79.461221489278401, 43.683098065035999 ], [ -79.461187417972297, 43.6830395449606 ], [ -79.461152959327293, 43.682985525397598 ], [ -79.4611177222462, 43.682927004904002 ], [ -79.461081703829905, 43.682868484133003 ], [ -79.460748086067795, 43.682366925070298 ], [ -79.460439925970206, 43.681901460060402 ], [ -79.460502979664199, 43.681887664851502 ], [ -79.461140548565197, 43.6817480930019 ], [ -79.461107724057399, 43.681661615238397 ], [ -79.461656284896804, 43.681542497174298 ], [ -79.462706163292196, 43.681314706263798 ], [ -79.463784798680393, 43.6810824591659 ], [ -79.464865236654205, 43.680850049411902 ], [ -79.465476931705396, 43.680719770754799 ], [ -79.465328890278499, 43.680356513945199 ], [ -79.466009490115297, 43.6802017157232 ], [ -79.466087406978701, 43.6801960770389 ], [ -79.466678141840305, 43.680070871460998 ], [ -79.468332047461999, 43.679720317350402 ], [ -79.470384939441701, 43.6792854830232 ], [ -79.470477594606095, 43.679268161455198 ], [ -79.470566101637402, 43.679490732801497 ], [ -79.471779090628303, 43.679235509356602 ], [ -79.472419624666799, 43.679219175286399 ], [ -79.472771498107704, 43.679487876899401 ], [ -79.473381159510893, 43.679960076449802 ], [ -79.473836406116305, 43.680284723939401 ], [ -79.474259123058204, 43.680556263528601 ], [ -79.474681833892305, 43.680851393982003 ], [ -79.475153339366997, 43.681152447335897 ], [ -79.475584189875093, 43.681429879611002 ], [ -79.476063496587898, 43.6817231087065 ], [ -79.476112600006502, 43.681754533556003 ], [ -79.476575985593001, 43.682049674437103 ], [ -79.477031231369395, 43.682333011070902 ], [ -79.477186645500794, 43.682423433355197 ], [ -79.477502761022194, 43.682598652507501 ], [ -79.477958021794194, 43.682864279849497 ], [ -79.4797046090642, 43.6837453003915 ], [ -79.480705390238995, 43.684251635256103 ], [ -79.482886063787802, 43.685350042962099 ], [ -79.487075298875297, 43.687462821468898 ], [ -79.486772029883994, 43.687515120350099 ], [ -79.486594754013097, 43.6875488815867 ], [ -79.483726261862998, 43.688174999824 ], [ -79.482878346022105, 43.688368367939297 ], [ -79.481038749943906, 43.6888112386412 ], [ -79.478898202297401, 43.689296438667299 ], [ -79.477181467901502, 43.689669590778202 ], [ -79.476099064217195, 43.689918714564598 ], [ -79.475062686598605, 43.690165353782398 ], [ -79.473911849933799, 43.690421084843997 ], [ -79.472743472166897, 43.690684046170702 ], [ -79.471515191166006, 43.690977774068401 ], [ -79.470401431116699, 43.691225404820599 ], [ -79.469721297737905, 43.691361920376004 ], [ -79.469435094025897, 43.691426995589801 ], [ -79.468783280863903, 43.691555790015997 ], [ -79.468371362746595, 43.691620450108999 ], [ -79.467864567452096, 43.691712905089197 ], [ -79.467696018185904, 43.691716098047301 ], [ -79.467485675809002, 43.691720106995902 ], [ -79.466649883538906, 43.691789509230198 ], [ -79.465752784894605, 43.691878059761002 ], [ -79.465379789987594, 43.691940209363302 ], [ -79.465073795802397, 43.692021253955502 ], [ -79.464863246964001, 43.692079301792603 ], [ -79.464620644487596, 43.692155611954099 ], [ -79.464411925309093, 43.691803209454697 ], [ -79.464349177063696, 43.691704166646502 ], [ -79.464286823309806, 43.6916096335746 ], [ -79.464225226457899, 43.691515100704102 ], [ -79.464164795869095, 43.691420568164503 ], [ -79.464104750024305, 43.691326035712102 ], [ -79.464045500974095, 43.691227002829002 ], [ -79.463987006126999, 43.691132470799502 ], [ -79.463929295670695, 43.691033438337399 ], [ -79.463871967254505, 43.690938906613901 ], [ -79.463815807782694, 43.6908398745814 ], [ -79.463760414886806, 43.6907453434114 ], [ -79.463705409428897, 43.690646311687203 ], [ -79.4636515826096, 43.690547280309602 ], [ -79.463598140521398, 43.6904482400261 ], [ -79.463545477378602, 43.690353709614698 ], [ -79.463493573821196, 43.690254678770998 ], [ -79.463442454666506, 43.690151147503599 ], [ -79.463392099310596, 43.690056608753402 ], [ -79.463342540748997, 43.689957578586899 ], [ -79.463293739035507, 43.689858548640203 ], [ -79.4632457065712, 43.6897595189184 ], [ -79.463198470918798, 43.689655979780298 ], [ -79.463152001753997, 43.689556950518799 ], [ -79.463122957054907, 43.689484930757601 ], [ -79.463093540293301, 43.689412901866703 ], [ -79.463064892679796, 43.689340882217202 ], [ -79.463036632439895, 43.689264362034898 ], [ -79.463009523127795, 43.689192342867102 ], [ -79.462983220180107, 43.689120314951701 ], [ -79.462957277020493, 43.689048296147199 ], [ -79.462932499945396, 43.688976277714097 ], [ -79.462908507185006, 43.688899758879103 ], [ -79.462885280792605, 43.688827731935703 ], [ -79.462862838707295, 43.688751213592603 ], [ -79.462841162975295, 43.688679196143397 ], [ -79.462820293582297, 43.6886071789516 ], [ -79.462800171284698, 43.688530661347599 ], [ -79.4627812122677, 43.688458644768502 ], [ -79.462762653020107, 43.688382127664902 ], [ -79.462745257049093, 43.688310102585703 ], [ -79.462728236031197, 43.688233585975802 ], [ -79.462712378275, 43.688161570392602 ], [ -79.462697317221696, 43.688085054415502 ], [ -79.462531951566802, 43.687433486083599 ], [ -79.462477321274307, 43.687218274017503 ], [ -79.462231075414707, 43.6862479693932 ], [ -79.462096454585193, 43.685717567947002 ] ] ] ] } },
{ "type": "Feature", "properties": { "_id": 18, "AREA_ID": 2502283.0, "DATE_EFFECTIVE": "2022-04-11T21:27:23", "DATE_EXPIRY": "3000/01/01 05:00:00", "AREA_ATTR_ID": 26022798.0, "AREA_TYPE_ID": 602.0, "PARENT_AREA_ID": null, "AREA_TYPE": "CNBH", "AREA_CLASS_ID": null, "AREA_CLASS": "None", "AREA_SHORT_CODE": "072", "AREA_LONG_CODE": "072", "AREA_NAME": "Regent Park", "AREA_DESC": "Regent Park (72)", "FEATURE_CODE": null, "FEATURE_CODE_DESC": "None", "TRANS_ID_CREATE": 344709.0, "TRANS_ID_EXPIRE": -1.0, "OBJECTID": 17826065 }, "geometry": { "type": "MultiPolygon", "coordinates": [ [ [ [ -79.363442359564502, 43.655830921138801 ], [ -79.364462551882397, 43.655615733793503 ], [ -79.364621626479305, 43.656007256047097 ], [ -79.365002158696001, 43.656943837511101 ], [ -79.365501036261705, 43.658172038510898 ], [ -79.365840248875401, 43.659007663116199 ], [ -79.366016147295298, 43.659441032195701 ], [ -79.366194500301702, 43.659881262870002 ], [ -79.366286991865806, 43.660110896389199 ], [ -79.366309927361996, 43.660167595680903 ], [ -79.3665252389263, 43.660700132775602 ], [ -79.366532933923594, 43.660718990574097 ], [ -79.3666654021754, 43.661043580585897 ], [ -79.366793346177104, 43.661357003488902 ], [ -79.367035536820893, 43.661950374895198 ], [ -79.366045142238306, 43.662170264565901 ], [ -79.365978340597707, 43.662185173500198 ], [ -79.364037984120898, 43.662587735463099 ], [ -79.363184849437403, 43.662791939140902 ], [ -79.3623341829841, 43.662971556756297 ], [ -79.361498299141203, 43.663158540041302 ], [ -79.360917227152299, 43.663291486429699 ], [ -79.360895517049201, 43.663296464758098 ], [ -79.360327418896404, 43.663426435486997 ], [ -79.359762783653906, 43.663553842255901 ], [ -79.359635140578305, 43.663582642902398 ], [ -79.359244954076601, 43.663707461765803 ], [ -79.358923162489504, 43.663799697864697 ], [ -79.356869795759806, 43.664375427281001 ], [ -79.356711639353904, 43.664423062254102 ], [ -79.356529557770898, 43.664478588160001 ], [ -79.356490433906401, 43.664490510829197 ], [ -79.356303595196096, 43.664533680566997 ], [ -79.3562670082609, 43.664417724344602 ], [ -79.356230086050999, 43.6642916411814 ], [ -79.356199715819301, 43.664179068252899 ], [ -79.356156232978194, 43.664048485139602 ], [ -79.356127446792897, 43.663926921843199 ], [ -79.356086344884702, 43.6637963686982 ], [ -79.356046735976605, 43.663679328425197 ], [ -79.355997498881095, 43.663544264328202 ], [ -79.355959474151703, 43.663418215674803 ], [ -79.355914150673101, 43.663269663459097 ], [ -79.355880389981905, 43.663139110476699 ], [ -79.355855161719603, 43.663049317306701 ], [ -79.355837396330401, 43.662986051489199 ], [ -79.3558051858261, 43.662855509434401 ], [ -79.355759861567094, 43.662702438469097 ], [ -79.355717594177406, 43.6625673740213 ], [ -79.355664111822804, 43.662414292713102 ], [ -79.355613289588305, 43.662279208416599 ], [ -79.355611284327594, 43.662272625903498 ], [ -79.355569457358897, 43.662135131584897 ], [ -79.355522153624804, 43.661991059346697 ], [ -79.355479860883904, 43.661851485089997 ], [ -79.355450235645904, 43.661734394182702 ], [ -79.355444548886197, 43.661711919642002 ], [ -79.355414656930705, 43.661576861706401 ], [ -79.355378190560899, 43.661432794099902 ], [ -79.3553397809453, 43.661297725361699 ], [ -79.355294025075395, 43.6611446536239 ], [ -79.355255987791395, 43.661009585322198 ], [ -79.355219533515296, 43.660881423039797 ], [ -79.355209882044406, 43.660847502755203 ], [ -79.355170295305498, 43.660712432455398 ], [ -79.355076075014694, 43.660419769370002 ], [ -79.355032245411394, 43.660275692288998 ], [ -79.355025364698704, 43.6602548724549 ], [ -79.354986074263493, 43.660136112889397 ], [ -79.354941849869903, 43.659996544939403 ], [ -79.354897228951302, 43.6598569674643 ], [ -79.354848333892093, 43.659726385886501 ], [ -79.354804528599203, 43.659577799057601 ], [ -79.354769185390396, 43.659447234651601 ], [ -79.354732315789505, 43.659312167619099 ], [ -79.354730368801796, 43.659302065634897 ], [ -79.354708965159304, 43.659190619773803 ], [ -79.354676768484495, 43.659051048982001 ], [ -79.354645680005206, 43.6589249906079 ], [ -79.354603021019699, 43.658789916159797 ], [ -79.354560304859703, 43.658668334638797 ], [ -79.354518786879098, 43.658533261605001 ], [ -79.354481499914101, 43.658407195286202 ], [ -79.354450832181996, 43.658276636706802 ], [ -79.354425174942307, 43.658150585170802 ], [ -79.354395626333996, 43.658029029343702 ], [ -79.354345535780396, 43.657911948008497 ], [ -79.354324877962796, 43.657871991705399 ], [ -79.354546270628902, 43.657825772656899 ], [ -79.354554941248907, 43.657823965416803 ], [ -79.354659854861097, 43.657802963687899 ], [ -79.354782915247696, 43.657778447386796 ], [ -79.354874587781396, 43.657757356628501 ], [ -79.354962762058605, 43.657737071479502 ], [ -79.355469475549896, 43.6576213888303 ], [ -79.355521751930794, 43.657608438963003 ], [ -79.356530974399107, 43.657375116886399 ], [ -79.357760382327101, 43.657097287363896 ], [ -79.358924360219206, 43.656833261959797 ], [ -79.359584077468298, 43.656704931849603 ], [ -79.360189445488501, 43.656558141712097 ], [ -79.360513780931797, 43.656479488068001 ], [ -79.361014434594793, 43.6563695612857 ], [ -79.361465594336707, 43.656270526982503 ], [ -79.362264350375, 43.6560945256251 ], [ -79.363224160545997, 43.655880095696297 ], [ -79.363442359564502, 43.655830921138801 ] ] ] ] } },
{ "type": "Feature", "properties": { "_id": 19, "AREA_ID": 2502272.0, "DATE_EFFECTIVE": "2022-04-11T21:27:23", "DATE_EXPIRY": "3000/01/01 05:00:00", "AREA_ATTR_ID": 26022787.0, "AREA_TYPE_ID": 602.0, "PARENT_AREA_ID": null, "AREA_TYPE": "CNBH", "AREA_CLASS_ID": null, "AREA_CLASS": "None", "AREA_SHORT_CODE": "061", "AREA_LONG_CODE": "061", "AREA_NAME": "Taylor-Massey", "AREA_DESC": "Taylor-Massey (61)", "FEATURE_CODE": null, "FEATURE_CODE_DESC": "None", "TRANS_ID_CREATE": 344709.0, "TRANS_ID_EXPIRE": -1.0, "OBJECTID": 17826241 }, "geometry": { "type": "MultiPolygon", "coordinates": [ [ [ [ -79.293476073715794, 43.7030164766472 ], [ -79.293138728365307, 43.702222881237297 ], [ -79.292861336297605, 43.7015897331421 ], [ -79.292785543827605, 43.701416105143899 ], [ -79.292441246834301, 43.700614438709103 ], [ -79.292323733699106, 43.700339830268099 ], [ -79.2922240480288, 43.700108955313901 ], [ -79.2922231987733, 43.700106982489899 ], [ -79.292077071660003, 43.699805398926102 ], [ -79.291912218081194, 43.699484104270901 ], [ -79.291709592275197, 43.699107868726003 ], [ -79.291484793751096, 43.698707963987403 ], [ -79.2912948910663, 43.698352822868401 ], [ -79.291156503409795, 43.698072279164499 ], [ -79.291103519360306, 43.697960476423802 ], [ -79.290959064225007, 43.697655680916299 ], [ -79.290768858542094, 43.697225395582997 ], [ -79.290484488719301, 43.696550552449303 ], [ -79.2902328776117, 43.695975142852703 ], [ -79.289989207006002, 43.695361779804102 ], [ -79.289820475009904, 43.694949921804003 ], [ -79.289683798979198, 43.694528131079799 ], [ -79.289676739408605, 43.694510601582898 ], [ -79.289433009652797, 43.693842986311502 ], [ -79.289180404402998, 43.693228101637899 ], [ -79.289022030347297, 43.692869189002799 ], [ -79.288696618618602, 43.692087212784102 ], [ -79.288538137173205, 43.691686389188703 ], [ -79.288533636898705, 43.691675012230199 ], [ -79.288358607696495, 43.691232337732302 ], [ -79.287924311649903, 43.690179281464602 ], [ -79.287756510752104, 43.689778817417 ], [ -79.292690244976797, 43.688707734084197 ], [ -79.293124651156802, 43.689721077012102 ], [ -79.293278821342398, 43.690080723669197 ], [ -79.293475504911896, 43.690537885934198 ], [ -79.293503834930206, 43.690603718579403 ], [ -79.293705370940302, 43.6910721137872 ], [ -79.294264129363597, 43.692377525228302 ], [ -79.294301022790506, 43.692471781145201 ], [ -79.294306795178301, 43.692470621364599 ], [ -79.294855354320006, 43.692357614799697 ], [ -79.294816270852607, 43.692254182811702 ], [ -79.295846790316304, 43.692017259672802 ], [ -79.297031736608702, 43.691742301038303 ], [ -79.299940282764396, 43.691076355069697 ], [ -79.301542741090898, 43.690706926890797 ], [ -79.302177906958093, 43.690559623523598 ], [ -79.302836743630607, 43.690406830657999 ], [ -79.303403311820404, 43.691700509399702 ], [ -79.304119280364404, 43.693339910713 ], [ -79.304769404069901, 43.694833031714801 ], [ -79.305204466756607, 43.695873242658799 ], [ -79.305628790403603, 43.696828308343598 ], [ -79.305685606847604, 43.696936978445699 ], [ -79.305724489022893, 43.696978828502203 ], [ -79.305767892731794, 43.697022774526602 ], [ -79.305837558031598, 43.697048213496601 ], [ -79.305991390761207, 43.697372556953397 ], [ -79.306311790562006, 43.698048079593498 ], [ -79.3029588660022, 43.696898087758498 ], [ -79.300603728991803, 43.696095472669199 ], [ -79.298397169376102, 43.695298822917103 ], [ -79.297335420335301, 43.694915425798797 ], [ -79.297387943189506, 43.695203704145698 ], [ -79.297457159247799, 43.695670552565602 ], [ -79.2974445972403, 43.695897533759698 ], [ -79.297412245791094, 43.6961324280079 ], [ -79.297313550624494, 43.696524538092298 ], [ -79.297223700468294, 43.696894340568399 ], [ -79.297207779417505, 43.696983875110099 ], [ -79.297114599230795, 43.697362168775001 ], [ -79.2971070329193, 43.697402202059202 ], [ -79.297092771929201, 43.697488670085498 ], [ -79.2970682034953, 43.6977988827256 ], [ -79.297070179198201, 43.698048113770099 ], [ -79.297071755494997, 43.698246558856397 ], [ -79.297069817814403, 43.6985746341688 ], [ -79.297067293645298, 43.6989993461832 ], [ -79.297029662822396, 43.699625093451303 ], [ -79.296980739635302, 43.700457147914399 ], [ -79.2969147176847, 43.7008960500211 ], [ -79.296910522319294, 43.701139176103297 ], [ -79.296940290169303, 43.701329308981201 ], [ -79.296931338979505, 43.701790491546902 ], [ -79.296930434881105, 43.702256846102401 ], [ -79.296884851945507, 43.702249132030801 ], [ -79.2968181797022, 43.702251560900002 ], [ -79.295801019156201, 43.702475572371 ], [ -79.294526455564394, 43.702762976421297 ], [ -79.293476073715794, 43.7030164766472 ] ] ] ] } },
{ "type": "Feature", "properties": { "_id": 20, "AREA_ID": 2502264.0, "DATE_EFFECTIVE": "2022-04-11T21:27:23", "DATE_EXPIRY": "3000/01/01 05:00:00", "AREA_ATTR_ID": 26022779.0, "AREA_TYPE_ID": 602.0, "PARENT_AREA_ID": null, "AREA_TYPE": "CNBH", "AREA_CLASS_ID": null, "AREA_CLASS": "None", "AREA_SHORT_CODE": "085", "AREA_LONG_CODE": "085", "AREA_NAME": "South Parkdale", "AREA_DESC": "South Parkdale (85)", "FEATURE_CODE": null, "FEATURE_CODE_DESC": "None", "TRANS_ID_CREATE": 344709.0, "TRANS_ID_EXPIRE": -1.0, "OBJECTID": 17826369 }, "geometry": { "type": "MultiPolygon", "coordinates": [ [ [ [ -79.421459436998703, 43.640610990641001 ], [ -79.421441007376998, 43.640610176855198 ], [ -79.421397191084296, 43.640611397927401 ], [ -79.421290046872301, 43.640179096100901 ], [ -79.421012790962195, 43.639472872816199 ], [ -79.420872605072006, 43.639099875765098 ], [ -79.4207990298368, 43.638904071828101 ], [ -79.420760124140003, 43.638800583015502 ], [ -79.420575132604796, 43.638308394222904 ], [ -79.420353265721701, 43.637736535185503 ], [ -79.419752410620205, 43.636187859259898 ], [ -79.419572427056593, 43.635818595035197 ], [ -79.420351161323396, 43.635604601267602 ], [ -79.420554960995005, 43.635547575287802 ], [ -79.423078323130696, 43.634841459137299 ], [ -79.424297352763702, 43.6345003282485 ], [ -79.425520806888798, 43.6341579720347 ], [ -79.425631627817495, 43.634127169425597 ], [ -79.425744747691098, 43.634091237411802 ], [ -79.425858258489697, 43.634059797231302 ], [ -79.425972153347701, 43.634028366187998 ], [ -79.426086060491201, 43.633996926037597 ], [ -79.426200735881295, 43.6339654952708 ], [ -79.426315411163003, 43.6339340553874 ], [ -79.426430465022605, 43.633907116325901 ], [ -79.426522031297097, 43.633882187366403 ], [ -79.426545920831103, 43.633875685714699 ], [ -79.426661358664006, 43.633848746667198 ], [ -79.4267771929633, 43.633821816758399 ], [ -79.426893416813101, 43.633790377286203 ], [ -79.4270096296367, 43.633767948077299 ], [ -79.427126232009996, 43.633741009303399 ], [ -79.427243230858906, 43.633714070662798 ], [ -79.427360217199507, 43.633687140895702 ], [ -79.427477210427398, 43.633664702705502 ], [ -79.427594971929693, 43.633642273883403 ], [ -79.427712726357001, 43.6336153352404 ], [ -79.4278162695704, 43.6335955976148 ], [ -79.427830500079494, 43.633592897181799 ], [ -79.427948255955101, 43.633574950682998 ], [ -79.428067151913496, 43.633557013781498 ], [ -79.428186072587593, 43.633539076771903 ], [ -79.428305377376304, 43.633521139879399 ], [ -79.428424676763399, 43.633507694551398 ], [ -79.428543981419395, 43.633489757409698 ], [ -79.428663664865894, 43.633476321073601 ], [ -79.428783732444202, 43.633462884851603 ], [ -79.428903415784205, 43.6334494482644 ], [ -79.428939919804506, 43.633443989115896 ], [ -79.428759552318695, 43.633033791620001 ], [ -79.428706566064903, 43.632913275003098 ], [ -79.428649352994398, 43.632783160240599 ], [ -79.4283127458378, 43.631513465650997 ], [ -79.4281670995517, 43.6309475737771 ], [ -79.4280562900299, 43.630621563693502 ], [ -79.427815747497704, 43.629910716097399 ], [ -79.427775476460695, 43.629793474517001 ], [ -79.429481356913101, 43.630023606988601 ], [ -79.430417624644605, 43.6301956752392 ], [ -79.431720280551204, 43.630433008302298 ], [ -79.433161291479493, 43.630753202292702 ], [ -79.433200740757599, 43.630760867532501 ], [ -79.433484941563506, 43.630825366193001 ], [ -79.4335179322822, 43.6308237291274 ], [ -79.433561151021493, 43.630829542148099 ], [ -79.433591878114896, 43.630835338895203 ], [ -79.433623715984695, 43.630845276919402 ], [ -79.433655548419196, 43.630860165697001 ], [ -79.4336498302644, 43.630887418592899 ], [ -79.433826736905502, 43.630952367158201 ], [ -79.434471397183202, 43.6311809327783 ], [ -79.434858123641305, 43.631315940632199 ], [ -79.435080233467502, 43.631399590888499 ], [ -79.435132491461005, 43.631424311368598 ], [ -79.435189960709394, 43.631454705655401 ], [ -79.435255278786002, 43.631492719535402 ], [ -79.435354546943401, 43.631547828219503 ], [ -79.435516537312694, 43.631635251200699 ], [ -79.435665459924195, 43.631716968717399 ], [ -79.435842228220395, 43.631811447638697 ], [ -79.435886679435797, 43.631847847195303 ], [ -79.435932396225994, 43.631847872825503 ], [ -79.435969712098498, 43.631799925323101 ], [ -79.436350568604297, 43.631937877281999 ], [ -79.436335296957907, 43.631964926957103 ], [ -79.436369165781898, 43.631977241712697 ], [ -79.436357302726506, 43.631991997388802 ], [ -79.436377605386099, 43.6320006140187 ], [ -79.436645076547094, 43.6320733227681 ], [ -79.436800828299695, 43.632121377385999 ], [ -79.436942579939, 43.632166075552703 ], [ -79.437052994460402, 43.632254341021699 ], [ -79.437076692939897, 43.632262959396797 ], [ -79.437132571722998, 43.632275295039697 ], [ -79.437181655427196, 43.632291308489798 ], [ -79.437286597552202, 43.6323393345128 ], [ -79.437525264524993, 43.632441558952202 ], [ -79.437596342910396, 43.632472346520302 ], [ -79.437611569592406, 43.632488341298703 ], [ -79.437726674559997, 43.6325363724619 ], [ -79.437829922535997, 43.632569643784301 ], [ -79.438022918168997, 43.632628788690099 ], [ -79.438202887419905, 43.632689699502201 ], [ -79.438472474275599, 43.6328074300583 ], [ -79.4386162549837, 43.632882596937399 ], [ -79.438688149120907, 43.632904400876498 ], [ -79.438875360206197, 43.632999186736001 ], [ -79.439008652716595, 43.633066732336196 ], [ -79.439052097023094, 43.633072192344997 ], [ -79.439174927048896, 43.633105994968503 ], [ -79.439264812642307, 43.633143731571302 ], [ -79.439355097345697, 43.633216033645603 ], [ -79.439357834529503, 43.633230023254903 ], [ -79.4393205244982, 43.633421769027599 ], [ -79.439288202993595, 43.633545268909998 ], [ -79.439286709951602, 43.633551101016302 ], [ -79.439305946363504, 43.633561093769799 ], [ -79.439290805354204, 43.633570078116399 ], [ -79.439392521174, 43.6336260667102 ], [ -79.439409028434497, 43.633614085612301 ], [ -79.439745776519601, 43.633785046923201 ], [ -79.439718237210599, 43.633823999410197 ], [ -79.439775964314194, 43.633848990682701 ], [ -79.439803503016506, 43.6338230361849 ], [ -79.439914932141704, 43.633857993184002 ], [ -79.439930659484006, 43.633857560381102 ], [ -79.439960906646405, 43.633874552886901 ], [ -79.440006246170597, 43.633906540615598 ], [ -79.440066539095795, 43.634143290714498 ], [ -79.440041741728194, 43.634179229249902 ], [ -79.440005957499906, 43.634209176092099 ], [ -79.440006147409804, 43.634217601489702 ], [ -79.439995317353905, 43.634228424473697 ], [ -79.440057175262595, 43.634274976091397 ], [ -79.440202238900596, 43.634386678256803 ], [ -79.440317427243798, 43.634468912107103 ], [ -79.440466758032301, 43.634565115774002 ], [ -79.440535019244805, 43.634603911270197 ], [ -79.440724927974301, 43.634698578458099 ], [ -79.4408828339444, 43.6347591315347 ], [ -79.440966052638998, 43.634787078834997 ], [ -79.4410023206147, 43.634807251660597 ], [ -79.441036453922706, 43.634830528851701 ], [ -79.4411410113958, 43.634873996415898 ], [ -79.441273346767403, 43.6349004205318 ], [ -79.441437683439503, 43.634925303652601 ], [ -79.441621240473296, 43.634939349684402 ], [ -79.441791600628903, 43.634938500411103 ], [ -79.441906203900203, 43.634949567401598 ], [ -79.442004385685095, 43.6349480600135 ], [ -79.442177318806202, 43.634926445274203 ], [ -79.442446299822393, 43.6348924567571 ], [ -79.442527425610507, 43.634867689752497 ], [ -79.442679035518907, 43.634813505519901 ], [ -79.442779394942505, 43.634776344069103 ], [ -79.442824212189294, 43.634773261014999 ], [ -79.442832767367193, 43.634756207667401 ], [ -79.442924594124193, 43.634725243776401 ], [ -79.442969426647295, 43.634719064196197 ], [ -79.443022789366907, 43.634722196283199 ], [ -79.443033442443806, 43.634740807456801 ], [ -79.443224869324396, 43.634715077711597 ], [ -79.443597270635095, 43.634880329466398 ], [ -79.443918246050401, 43.635013914917103 ], [ -79.443917416827603, 43.6350793275776 ], [ -79.443913245286097, 43.635153866002099 ], [ -79.444219131634398, 43.635283131534301 ], [ -79.444761009373906, 43.6355141181511 ], [ -79.445343648726606, 43.635764177616402 ], [ -79.4457369435533, 43.635931592690802 ], [ -79.445987487790703, 43.636033318962703 ], [ -79.446016953409199, 43.636026581842799 ], [ -79.446156293078104, 43.636042210949199 ], [ -79.446358717295197, 43.636112417889599 ], [ -79.446391743658694, 43.636129310976102 ], [ -79.446426779606099, 43.636144179683498 ], [ -79.446473501659398, 43.636146325896 ], [ -79.446520214320003, 43.636159066713603 ], [ -79.4465231128803, 43.636188763633903 ], [ -79.446584406486707, 43.636222727506002 ], [ -79.446651553711405, 43.636252454425197 ], [ -79.446704083268997, 43.636288538469003 ], [ -79.446747870465003, 43.636316130111901 ], [ -79.446835453145695, 43.636347990766502 ], [ -79.446896767636204, 43.636358622894498 ], [ -79.446958098933706, 43.636350172064702 ], [ -79.446998991211998, 43.636343827052798 ], [ -79.447036959793394, 43.636350208627803 ], [ -79.447107025476996, 43.636373572653 ], [ -79.447188764199396, 43.636399057353302 ], [ -79.447314299801505, 43.636441538796902 ], [ -79.447492400371104, 43.636494647887297 ], [ -79.447641302197397, 43.636532891048297 ], [ -79.447723057905307, 43.636539292441697 ], [ -79.447831108012807, 43.636537217475002 ], [ -79.447942102739603, 43.636526664444297 ], [ -79.448041389039403, 43.6365118663334 ], [ -79.448190361963199, 43.636482238383202 ], [ -79.448301360500594, 43.636452593071603 ], [ -79.448377288151505, 43.636433526448599 ], [ -79.448473688569905, 43.636401759051303 ], [ -79.448575947746704, 43.6363593815774 ], [ -79.448736613341495, 43.636278855350596 ], [ -79.448939699011305, 43.636187123126497 ], [ -79.449029501787805, 43.636174210210797 ], [ -79.4491096569935, 43.6361675668945 ], [ -79.449180607269298, 43.636171415043698 ], [ -79.449237090981299, 43.636179073312597 ], [ -79.449285696730101, 43.636196269525499 ], [ -79.449326416941702, 43.636217287810602 ], [ -79.449356613388304, 43.636240200711399 ], [ -79.449422261631099, 43.636300359016502 ], [ -79.449518124577097, 43.636376742121001 ], [ -79.4496047944032, 43.636435001307603 ], [ -79.449721630338303, 43.636493633754597 ], [ -79.449755021714097, 43.636520067494999 ], [ -79.449810964940596, 43.636537284711103 ], [ -79.449879828931302, 43.636546694364903 ], [ -79.449993890753106, 43.636543620836001 ], [ -79.450092892929305, 43.636542097859 ], [ -79.450172517284003, 43.636548388553599 ], [ -79.450249994967905, 43.636557801738498 ], [ -79.4502887317323, 43.636550005389303 ], [ -79.450308105669706, 43.636546881331199 ], [ -79.450338236039897, 43.636545337185098 ], [ -79.450359761327206, 43.636548470013899 ], [ -79.450385580803001, 43.636559417902902 ], [ -79.450394174317694, 43.636568801073302 ], [ -79.450422163161093, 43.636564123494502 ], [ -79.450437225366898, 43.636559440305199 ], [ -79.450450135752803, 43.636564135622301 ], [ -79.450465196219994, 43.636576654071497 ], [ -79.450486703994699, 43.636586042829997 ], [ -79.450514688990395, 43.636586054947401 ], [ -79.450568495210902, 43.636579822264999 ], [ -79.450620161149303, 43.636568898912103 ], [ -79.450738544019501, 43.636540820664699 ], [ -79.450920427903, 43.636502661021503 ], [ -79.4509850041687, 43.636496378757897 ], [ -79.451043120728997, 43.636493271179901 ], [ -79.451086158941195, 43.636499545564298 ], [ -79.451254012540105, 43.636523065864402 ], [ -79.451520844711794, 43.636559130856 ], [ -79.451753278518595, 43.636587358510504 ], [ -79.451882389870804, 43.636610861530301 ], [ -79.4519770753637, 43.6366140248251 ], [ -79.452116979325098, 43.636625029192302 ], [ -79.452284828733596, 43.636654794936398 ], [ -79.452435449787998, 43.636686119507601 ], [ -79.4525925331628, 43.636726816999598 ], [ -79.452760309628104, 43.6368028941286 ], [ -79.452939081408203, 43.636956306413801 ], [ -79.453065114587105, 43.637019061857501 ], [ -79.453309003322801, 43.637094593312597 ], [ -79.453387508828499, 43.637122700660598 ], [ -79.453488709502906, 43.637164292259598 ], [ -79.453655895321504, 43.637237883446701 ], [ -79.453752713852197, 43.637273082053497 ], [ -79.453831918215798, 43.637295491503501 ], [ -79.453906727529201, 43.637295521691399 ], [ -79.454043151997595, 43.637321149542501 ], [ -79.454161964891199, 43.6373467791718 ], [ -79.454254359279602, 43.637381975578997 ], [ -79.454364384827599, 43.637391615026999 ], [ -79.454461206104796, 43.637407640090899 ], [ -79.454888104123995, 43.637436595768399 ], [ -79.455231371475705, 43.637478308094302 ], [ -79.455447069514506, 43.637401673585899 ], [ -79.455773633761794, 43.6373369904424 ], [ -79.455944592588196, 43.637289097091397 ], [ -79.456136381267996, 43.637246612307699 ], [ -79.456280232423097, 43.637218295056798 ], [ -79.456374361509802, 43.637204144838798 ], [ -79.456456028222604, 43.637199027184501 ], [ -79.456544820455704, 43.637195190377 ], [ -79.456615849527594, 43.6371952173549 ], [ -79.456722382306694, 43.637201711725901 ], [ -79.456869002029094, 43.6372182126631 ], [ -79.456938166074195, 43.637226610022303 ], [ -79.456993836080201, 43.6372310236533 ], [ -79.457057997127507, 43.637233685177499 ], [ -79.457145151262594, 43.637232835747099 ], [ -79.457289206154698, 43.637231125387999 ], [ -79.457417519612505, 43.637231173255799 ], [ -79.457562794043596, 43.6372224239255 ], [ -79.457676591156996, 43.637209279088196 ], [ -79.4578173871149, 43.6371888259795 ], [ -79.457899356560901, 43.637175939213101 ], [ -79.457978045471194, 43.637157506330702 ], [ -79.458072495452299, 43.6371267562836 ], [ -79.458170571636899, 43.637085475867998 ], [ -79.458307406535496, 43.637021336997798 ], [ -79.458445666788194, 43.636938691638797 ], [ -79.458536543699296, 43.636876372059703 ], [ -79.458664579440097, 43.636792291505202 ], [ -79.458700236364294, 43.636774067591197 ], [ -79.458727781719702, 43.636764662092901 ], [ -79.458748841523104, 43.636760538059498 ], [ -79.458774767628697, 43.636762905774198 ], [ -79.4587974437637, 43.636769385943602 ], [ -79.458817528534198, 43.6367774404169 ], [ -79.458921132001805, 43.636807830355004 ], [ -79.458989158376895, 43.636830421245598 ], [ -79.459033535328899, 43.636837953311399 ], [ -79.459100109511297, 43.636827238499798 ], [ -79.459177047764797, 43.636812224689997 ], [ -79.459286520314095, 43.636796142253999 ], [ -79.459364932616097, 43.636782200007097 ], [ -79.459428541683394, 43.636775777609699 ], [ -79.459487708725604, 43.636776869757298 ], [ -79.459576460370002, 43.636776901174898 ], [ -79.459640287719196, 43.636777616833299 ], [ -79.4596956631338, 43.636777429338302 ], [ -79.459738960381102, 43.636768641242902 ], [ -79.459768398890702, 43.6367636198339 ], [ -79.459817750373006, 43.6367642672882 ], [ -79.459967005436496, 43.636768595310102 ], [ -79.460021400404898, 43.636770414622298 ], [ -79.460092876751006, 43.636768027225699 ], [ -79.460189292509398, 43.636760805728201 ], [ -79.460290710072798, 43.636742730219403 ], [ -79.4603671773923, 43.636727058343801 ], [ -79.460475245003707, 43.636698129308797 ], [ -79.4605600494898, 43.636669183146601 ], [ -79.460661468575694, 43.636629368969203 ], [ -79.460747922024794, 43.636599217049401 ], [ -79.460819430143502, 43.636566647572103 ], [ -79.460887606632497, 43.636530449352598 ], [ -79.460939155273607, 43.636506325268201 ], [ -79.460994028509006, 43.636477368552001 ], [ -79.461057207796003, 43.636444796083097 ], [ -79.461154017028704, 43.636402963586903 ], [ -79.461191318403394, 43.636389285151999 ], [ -79.461256378141996, 43.636361672973102 ], [ -79.4613263422752, 43.636339418239402 ], [ -79.461358258806101, 43.636334973347502 ], [ -79.461397512948693, 43.636329639787697 ], [ -79.4614220659263, 43.636327865802102 ], [ -79.461446602520596, 43.6363323297644 ], [ -79.461466241914593, 43.636339465481797 ], [ -79.461473587939295, 43.636344814779399 ], [ -79.461482195272794, 43.636354620186403 ], [ -79.461483412, 43.636370661061498 ], [ -79.4614870838071, 43.6363849294912 ], [ -79.461501801797596, 43.636393845818098 ], [ -79.461539830587299, 43.6364054433988 ], [ -79.461571740890705, 43.636410800951701 ], [ -79.461603642778002, 43.636409920534199 ], [ -79.461629410929405, 43.636407255775303 ], [ -79.461656422412403, 43.636398353468998 ], [ -79.461687093983599, 43.636383214424299 ], [ -79.461742341670302, 43.6363493517199 ], [ -79.461828268099595, 43.6363083791422 ], [ -79.461858966060106, 43.636290566649102 ], [ -79.461920357417, 43.636242456717603 ], [ -79.461968237370399, 43.636197906806302 ], [ -79.462028409994204, 43.636136429355602 ], [ -79.462101591206405, 43.636062516273398 ], [ -79.462140336532599, 43.636018395326403 ], [ -79.462199484185803, 43.635950454450501 ], [ -79.462265189395097, 43.635880130341199 ], [ -79.462329254785402, 43.635815755567798 ], [ -79.462434366696897, 43.635752591437402 ], [ -79.462493462271695, 43.635727577991403 ], [ -79.462569009939401, 43.635693019434001 ], [ -79.462613341020102, 43.635673960006997 ], [ -79.4626445406942, 43.6356656169215 ], [ -79.462674086851095, 43.635665626572397 ], [ -79.462715130512194, 43.635671598882702 ], [ -79.462744671516901, 43.635679952797098 ], [ -79.462821815962599, 43.635708593312899 ], [ -79.4629120830337, 43.635740820585603 ], [ -79.463004261038293, 43.635769411846098 ], [ -79.463038546977501, 43.6357808366919 ], [ -79.463084858716002, 43.635785658395299 ], [ -79.463148835184299, 43.635784076790003 ], [ -79.463206168708396, 43.635782493011099 ], [ -79.463287798456705, 43.635772905776399 ], [ -79.463409132478404, 43.635750504226202 ], [ -79.463499587320001, 43.635739317418299 ], [ -79.463552523023594, 43.635734527568601 ], [ -79.463587820782806, 43.635732936570498 ], [ -79.463702524888703, 43.635729768555201 ], [ -79.463839284772703, 43.635713780430898 ], [ -79.463912089175295, 43.635705792204803 ], [ -79.463940773548202, 43.635696196779101 ], [ -79.463976068452794, 43.635678583195897 ], [ -79.464020203741399, 43.635654563398802 ], [ -79.464084195319998, 43.635627336330202 ], [ -79.464161398315994, 43.635600122369603 ], [ -79.464326738896801, 43.635539387733701 ], [ -79.464370508358101, 43.635525818294198 ], [ -79.464404499367305, 43.635512191785303 ], [ -79.464451025160201, 43.635490116864503 ], [ -79.464489492855407, 43.635471946022797 ], [ -79.4645181193426, 43.635455068313597 ], [ -79.464533181342603, 43.635448402961302 ], [ -79.464571783696499, 43.635432986557497 ], [ -79.464603087892698, 43.635414813457203 ], [ -79.464637081457695, 43.635396632178796 ], [ -79.464685281005501, 43.635373171466703 ], [ -79.464793279514296, 43.635327531750796 ], [ -79.464857966349896, 43.635297009954698 ], [ -79.464916183053006, 43.635267674319202 ], [ -79.464945299342105, 43.635260635166603 ], [ -79.464988951763104, 43.635255949820902 ], [ -79.4650099758029, 43.635247737993197 ], [ -79.465035839403598, 43.635228960015603 ], [ -79.465079527315595, 43.6351843354999 ], [ -79.465137763492905, 43.635120938514802 ], [ -79.465221897279903, 43.635022317958203 ], [ -79.465267193332593, 43.634982401583002 ], [ -79.465309238436902, 43.634970676542899 ], [ -79.465336735055502, 43.634956588713798 ], [ -79.465375551535402, 43.6349342770406 ], [ -79.465422446434005, 43.634915505342597 ], [ -79.465483897836705, 43.6348849912128 ], [ -79.465540504722597, 43.6348521172266 ], [ -79.465610049184605, 43.634799300033798 ], [ -79.465658580139902, 43.634758214294799 ], [ -79.465672773978596, 43.634752124619503 ], [ -79.465730917420302, 43.634697422638503 ], [ -79.465769688776206, 43.6346667215252 ], [ -79.465806114852697, 43.634641141485801 ], [ -79.465857797543094, 43.634614710860603 ], [ -79.4658883433369, 43.634599363614399 ], [ -79.465929460600194, 43.634584019511301 ], [ -79.465970578807799, 43.634566965130198 ], [ -79.466046942644297, 43.634529461056701 ], [ -79.466145615262704, 43.634490235274598 ], [ -79.466196132702095, 43.634463813152003 ], [ -79.4662442910831, 43.634445059491597 ], [ -79.466284216494699, 43.634433117432501 ], [ -79.466313582344497, 43.634422036381501 ], [ -79.466340602997604, 43.634416076421303 ], [ -79.466361746386198, 43.634415227513003 ], [ -79.466380532675103, 43.634418644564803 ], [ -79.466398140652899, 43.634423771530599 ], [ -79.466409885670103, 43.634430598033198 ], [ -79.466427506999196, 43.634434014735 ], [ -79.466480345261402, 43.634445975079899 ], [ -79.466541411739897, 43.6344596300695 ], [ -79.466615764567393, 43.634471974704802 ], [ -79.466636322629199, 43.6344762923706 ], [ -79.466656101166507, 43.6344783504574 ], [ -79.466686228471303, 43.634479727451499 ], [ -79.466709775701304, 43.6344797343111 ], [ -79.466739905653995, 43.634476313552902 ], [ -79.466769106102504, 43.634472901518002 ], [ -79.466797365035305, 43.634468805096802 ], [ -79.466825610818404, 43.634466076875597 ], [ -79.466861403727805, 43.634464034940798 ], [ -79.466889649886298, 43.634460613597 ], [ -79.466939575618895, 43.634450375467203 ], [ -79.467000792362896, 43.634438754361803 ], [ -79.467066721509099, 43.634421670739698 ], [ -79.467121346469597, 43.634407320250403 ], [ -79.467162795877499, 43.634395702372601 ], [ -79.467209887922095, 43.634377245044703 ], [ -79.467231557289395, 43.634366296570597 ], [ -79.467241912341905, 43.6343539946429 ], [ -79.467241920140694, 43.634339637433499 ], [ -79.467244754352706, 43.634323894820497 ], [ -79.467246633163995, 43.634310213251098 ], [ -79.467252293022597, 43.634294489450099 ], [ -79.467256065396597, 43.634285597160599 ], [ -79.467278680686803, 43.634267132790498 ], [ -79.467309585712698, 43.634251110162502 ], [ -79.467420685727504, 43.634215091324599 ], [ -79.467432982110495, 43.634210828171 ], [ -79.467500636996604, 43.634187335802103 ], [ -79.467608399911597, 43.6341570767203 ], [ -79.467662280660207, 43.634143193832998 ], [ -79.467674450116803, 43.634144457468999 ], [ -79.467698773254, 43.6341533037061 ], [ -79.467724833476396, 43.634158360844701 ], [ -79.467750908796702, 43.634158368203501 ], [ -79.467787398464395, 43.634150799323599 ], [ -79.4678325804732, 43.634134402517702 ], [ -79.4679055939351, 43.634101603982401 ], [ -79.467982080097897, 43.634063747593501 ], [ -79.468046391367906, 43.634034736114202 ], [ -79.468093328006702, 43.634004450554997 ], [ -79.468148956877897, 43.633965337037701 ], [ -79.468202852627101, 43.6339224424284 ], [ -79.468256748309201, 43.633879529790498 ], [ -79.468307856265298, 43.6338350771168 ], [ -79.468346282021301, 43.6337981370676 ], [ -79.468389743130302, 43.6337539702835 ], [ -79.468419308177999, 43.6337161186187 ], [ -79.468447126423499, 43.633676997268203 ], [ -79.468468000535296, 43.633645444162497 ], [ -79.468481920778302, 43.6336164095244 ], [ -79.4685045522981, 43.633541938279102 ], [ -79.468518468667796, 43.633496503106102 ], [ -79.468539329624605, 43.633466219178501 ], [ -79.468591501458306, 43.633400595402797 ], [ -79.468628025931906, 43.633348856451597 ], [ -79.468695845443705, 43.633268078582098 ], [ -79.468725413337793, 43.633223907861002 ], [ -79.468767145269098, 43.633167120509299 ], [ -79.468824042000506, 43.633118366516896 ], [ -79.468855800158593, 43.633104251994702 ], [ -79.468897443335194, 43.633074981815099 ], [ -79.468985914692595, 43.633006991358499 ], [ -79.469041854601301, 43.6329625936689 ], [ -79.469129044499994, 43.6328794894212 ], [ -79.469237039137994, 43.632777496790503 ], [ -79.469286479459498, 43.632743502836099 ], [ -79.469332009228296, 43.6327227398532 ], [ -79.469371032694895, 43.632701957106299 ], [ -79.469428283284998, 43.632662294307202 ], [ -79.469480326391306, 43.6326273558184 ], [ -79.469553994096799, 43.6325942773531 ], [ -79.469587920277704, 43.632580730291103 ], [ -79.469618674159193, 43.632566597285702 ], [ -79.469641226937199, 43.632546503174503 ], [ -79.469672998503, 43.632529390964599 ], [ -79.469713985115504, 43.6325227047966 ], [ -79.469737560103198, 43.632515266890799 ], [ -79.4697621670514, 43.632501132219197 ], [ -79.469807264620201, 43.632476579346701 ], [ -79.469889251113401, 43.632436409766299 ], [ -79.469949728482206, 43.632411122773398 ], [ -79.469998917029798, 43.632383591440302 ], [ -79.470031721447, 43.632357559024101 ], [ -79.470060418640998, 43.632341931129403 ], [ -79.470113719655998, 43.632318127398896 ], [ -79.470181362809697, 43.632286892237303 ], [ -79.470233638069303, 43.632257120261599 ], [ -79.470267454125405, 43.632240017419399 ], [ -79.470273603887506, 43.632234087102702 ], [ -79.470297169603299, 43.632219943043097 ], [ -79.470313258264198, 43.632214285347899 ], [ -79.470346388778907, 43.632205094526 ], [ -79.4703975642621, 43.632193775039198 ], [ -79.470435578211706, 43.632183172237603 ], [ -79.470463853139805, 43.632169020359903 ], [ -79.470491633034101, 43.632153455129199 ], [ -79.470520543232396, 43.632132624369802 ], [ -79.470549346062199, 43.632128599170898 ], [ -79.470567528112994, 43.632124877278002 ], [ -79.470585723959104, 43.632118274940801 ], [ -79.4706039222187, 43.632106712835501 ], [ -79.470622687922102, 43.632100524702999 ], [ -79.470646576264002, 43.632085255480099 ], [ -79.470675000151502, 43.632070401479801 ], [ -79.470685240607807, 43.632062140830001 ], [ -79.470695486677101, 43.632042322395598 ], [ -79.470707999611903, 43.6320245748609 ], [ -79.470727898434404, 43.632007234278802 ], [ -79.470749507844701, 43.631989075004299 ], [ -79.470767138165598, 43.631972976026702 ], [ -79.470786119022094, 43.631957426476198 ], [ -79.4707967906714, 43.631954368730099 ], [ -79.470813435525301, 43.631951528541599 ], [ -79.470830067297001, 43.631950110566898 ], [ -79.470847689113796, 43.631951537281701 ], [ -79.470864316766793, 43.6319586436177 ], [ -79.4708780197316, 43.631965749206202 ], [ -79.470891707900094, 43.631977841559603 ], [ -79.470902470355895, 43.631992057494898 ], [ -79.470915192242103, 43.632003438489598 ], [ -79.471228527486502, 43.631699261776603 ], [ -79.471329661586196, 43.6317833691757 ], [ -79.472022974793902, 43.632366587998803 ], [ -79.4724294656816, 43.632625620727403 ], [ -79.472797782054101, 43.632819319841701 ], [ -79.473057106014394, 43.632926488781003 ], [ -79.473159948678699, 43.632968999528202 ], [ -79.473256769614295, 43.633008997386597 ], [ -79.473325549448404, 43.633039726194198 ], [ -79.473367726758298, 43.633058773964898 ], [ -79.473473132976494, 43.633106379812503 ], [ -79.473546982844397, 43.633134661285098 ], [ -79.473625479384594, 43.6331647170555 ], [ -79.473818493219895, 43.633238644819102 ], [ -79.473906196642901, 43.633271961006997 ], [ -79.474008131530894, 43.633209361569897 ], [ -79.473961063993599, 43.633292802730097 ], [ -79.474045442225403, 43.633335443491603 ], [ -79.474244815703301, 43.633436187111997 ], [ -79.474213439232798, 43.633458683508898 ], [ -79.474132861112906, 43.633512673632502 ], [ -79.474051516413397, 43.633562162830899 ], [ -79.473969760661603, 43.633616161572697 ], [ -79.473887647315706, 43.633665650478598 ], [ -79.473804753068407, 43.633715139146098 ], [ -79.473721088345698, 43.633769137271102 ], [ -79.473637413051406, 43.633818625636799 ], [ -79.473553341038794, 43.633868113849097 ], [ -79.473468118300104, 43.633913110039799 ], [ -79.473382509263402, 43.6339625977688 ], [ -79.473296900086197, 43.634012085433298 ], [ -79.473210115410495, 43.634057081065599 ], [ -79.473123353389894, 43.634106568329202 ], [ -79.473035800069496, 43.634151563647698 ], [ -79.472947862432704, 43.634196549806497 ], [ -79.472859540470495, 43.634241544807502 ], [ -79.472770832158105, 43.6342910313397 ], [ -79.472681346998797, 43.6343315252319 ], [ -79.472591475486894, 43.634376510652899 ], [ -79.472501221697797, 43.634417004219202 ], [ -79.472410581541098, 43.634461989312399 ], [ -79.4723339861863, 43.634499686610397 ], [ -79.472319148074803, 43.634506983142799 ], [ -79.4722343235876, 43.634544399337798 ], [ -79.472227344746003, 43.634547476116602 ], [ -79.472135541298002, 43.634587960015097 ], [ -79.472042956944193, 43.634628452649899 ], [ -79.471950000670603, 43.634668936116803 ], [ -79.471919195905699, 43.6346847529909 ], [ -79.471856635288304, 43.634709428408598 ], [ -79.468874466680901, 43.636028564432998 ], [ -79.468856454664902, 43.6360365347536 ], [ -79.465993971601605, 43.637258439947303 ], [ -79.465979640857697, 43.637264556623201 ], [ -79.465866908245999, 43.637305029237702 ], [ -79.465753401951005, 43.637354502890901 ], [ -79.465639912987697, 43.637394984055597 ], [ -79.465526024699798, 43.637439956676602 ], [ -79.465411752031301, 43.637484929067298 ], [ -79.465296698376306, 43.637529901106397 ], [ -79.465181647143396, 43.637570381340801 ], [ -79.465066199160901, 43.637610843334997 ], [ -79.464950391589198, 43.637651323104897 ], [ -79.464834571473304, 43.637691793751898 ], [ -79.464717970378004, 43.637732273041699 ], [ -79.464600984918903, 43.637772743091801 ], [ -79.4644839993029, 43.637813213021801 ], [ -79.464366619582407, 43.637849182018499 ], [ -79.464248865228896, 43.637889660469199 ], [ -79.464130716792297, 43.6379256289827 ], [ -79.464012184001007, 43.637961597253003 ], [ -79.463893648368, 43.638002075091002 ], [ -79.463774733774599, 43.638033542303504 ], [ -79.463655429417301, 43.638074010648999 ], [ -79.463535721340406, 43.638105477360298 ], [ -79.463416022802093, 43.638141444639402 ], [ -79.463295555685093, 43.6381774205475 ], [ -79.463175078784602, 43.638208886633699 ], [ -79.463054217542805, 43.6382403524686 ], [ -79.462933368568997, 43.638271818179398 ], [ -79.462812122853506, 43.638303292634603 ], [ -79.462690861838297, 43.638339258644898 ], [ -79.462568859827599, 43.638370723593503 ], [ -79.462446835704498, 43.638397687714402 ], [ -79.462324452038104, 43.638424660587802 ], [ -79.462201644047497, 43.638456124878502 ], [ -79.462079235370496, 43.638483088479397 ], [ -79.461956823744501, 43.638514552638199 ], [ -79.461837897585298, 43.638541517139402 ], [ -79.461718599490595, 43.638568490393503 ], [ -79.4615992889008, 43.6385954545174 ], [ -79.461479593986397, 43.6386224183872 ], [ -79.461359898965, 43.638649382131398 ], [ -79.461239810117306, 43.638671844926897 ], [ -79.461119743066305, 43.638698808293299 ], [ -79.460998885593597, 43.638721270574003 ], [ -79.460878409329496, 43.638748233547098 ], [ -79.460757564056294, 43.6387707045781 ], [ -79.460636322085605, 43.638793166343198 ], [ -79.460515080024706, 43.638815627979596 ], [ -79.460393453648294, 43.638838098355599 ], [ -79.460271817758397, 43.638856058907699 ], [ -79.460149819390494, 43.638878519893602 ], [ -79.460027799126905, 43.638896480051898 ], [ -79.459905788186205, 43.6389189497743 ], [ -79.459783395942594, 43.638936909541101 ], [ -79.459660607011699, 43.638954869036901 ], [ -79.459538202222006, 43.638972837538098 ], [ -79.459415413145194, 43.638990796770301 ], [ -79.459292227380601, 43.6390087557293 ], [ -79.459236883136796, 43.639014802937702 ], [ -79.459169056984706, 43.639022213871499 ], [ -79.459045895865003, 43.639040181575197 ], [ -79.458921846801701, 43.639051523812 ], [ -79.457881922763804, 43.639174806346702 ], [ -79.457761456813301, 43.639183763278702 ], [ -79.457640231616296, 43.639197220491901 ], [ -79.457519393751497, 43.639206186032403 ], [ -79.457398159234899, 43.6392151512973 ], [ -79.457276924688699, 43.639224107432298 ], [ -79.457155705698895, 43.6392285627551 ], [ -79.457034471083503, 43.639237527634201 ], [ -79.456913252049006, 43.6392419826999 ], [ -79.456791623979797, 43.639246446483803 ], [ -79.456670389281101, 43.639255401975397 ], [ -79.456548764423303, 43.639255346810003 ], [ -79.4564271454487, 43.639264301897597 ], [ -79.456305532967704, 43.639264246478099 ], [ -79.456183904815603, 43.639268700613997 ], [ -79.456062264257895, 43.639273145614297 ], [ -79.455940651753096, 43.639273098807998 ], [ -79.455819039255104, 43.639273042870997 ], [ -79.455697414356607, 43.6392729958012 ], [ -79.455575392848701, 43.6392729394464 ], [ -79.4554541645672, 43.639272892271897 ], [ -79.455332155454201, 43.639272835662403 ], [ -79.4552105339001, 43.6392682873865 ], [ -79.455088924758797, 43.639263738986102 ], [ -79.4549673246688, 43.639263691149203 ], [ -79.454845715555393, 43.639259142490097 ], [ -79.454724478288099, 43.639254593848896 ], [ -79.454602856817203, 43.639250044926499 ], [ -79.454481247759105, 43.639245495879699 ], [ -79.454360038742294, 43.639236446173797 ], [ -79.454238801557693, 43.639231897017503 ], [ -79.4541171959888, 43.6392228468954 ], [ -79.4539963589, 43.639213796953101 ], [ -79.453875134182994, 43.639209247416197 ], [ -79.453791329044094, 43.639202984617498 ], [ -79.453753912936307, 43.6392001970626 ], [ -79.453613319520599, 43.6391911387215 ], [ -79.453464211302105, 43.639182076741598 ], [ -79.4533147099975, 43.639168513717301 ], [ -79.453016481406493, 43.639150397780398 ], [ -79.451975440784196, 43.639055468704498 ], [ -79.451678801650104, 43.639019347187102 ], [ -79.451530862822807, 43.639005782490003 ], [ -79.4513829152895, 43.638987725909502 ], [ -79.451235355712498, 43.638965159611899 ], [ -79.451224040923293, 43.6389637775738 ], [ -79.450792703808702, 43.638910961656499 ], [ -79.450645528867994, 43.638888385761497 ], [ -79.450498746949194, 43.638870319538299 ], [ -79.450351588310795, 43.638843251583403 ], [ -79.450204818984403, 43.6388251849881 ], [ -79.450058412912099, 43.638802608671803 ], [ -79.449946108198802, 43.638789057485198 ], [ -79.449833410667395, 43.638771005326099 ], [ -79.449721093669496, 43.638757453913001 ], [ -79.449609177103895, 43.638739392874797 ], [ -79.449497256828295, 43.638725841416601 ], [ -79.449385340380999, 43.638707789160598 ], [ -79.449273792046398, 43.638694228646798 ], [ -79.449162251343694, 43.638671675649299 ], [ -79.448939968192406, 43.638635562062298 ], [ -79.448828824335394, 43.638613008916401 ], [ -79.448718457563501, 43.638594956700899 ], [ -79.448607710483699, 43.638572394516601 ], [ -79.448497343852594, 43.638554342087502 ], [ -79.448277758767702, 43.638509236049202 ], [ -79.448167796700105, 43.638482182104902 ], [ -79.447949377177295, 43.638437066962403 ], [ -79.4478405680386, 43.638410013227997 ], [ -79.447731755096399, 43.638387460078199 ], [ -79.447407646225201, 43.638306299008399 ], [ -79.447192743301798, 43.638252191657699 ], [ -79.447085872257503, 43.638220637409198 ], [ -79.446981715619501, 43.638189084319499 ], [ -79.446895319677793, 43.638171680555303 ], [ -79.446763175103399, 43.638437636882401 ], [ -79.446679833379406, 43.638441972711 ], [ -79.4466316335415, 43.638455074231501 ], [ -79.446597490523999, 43.638465994963603 ], [ -79.446502373798893, 43.6384709552582 ], [ -79.446219421596197, 43.638715335973401 ], [ -79.443825280072502, 43.639181491180999 ], [ -79.442496013479001, 43.639437198524803 ], [ -79.442221911877098, 43.639490672526897 ], [ -79.4411813157502, 43.639688415210699 ], [ -79.440964079176098, 43.639739845121497 ], [ -79.439863273855906, 43.6399511727749 ], [ -79.439114944350806, 43.640103305006598 ], [ -79.437922908595496, 43.640332829129598 ], [ -79.437277194181405, 43.6404510067971 ], [ -79.436668943279102, 43.6405834867601 ], [ -79.435973378025594, 43.640720091252398 ], [ -79.435413744329793, 43.640842114147603 ], [ -79.4345169944974, 43.641025961170499 ], [ -79.434177260233596, 43.641091845158797 ], [ -79.4331527857167, 43.641300253623498 ], [ -79.432369419735593, 43.641474599570799 ], [ -79.431589199312498, 43.641625493445297 ], [ -79.430121895964504, 43.641925377879502 ], [ -79.429724593125997, 43.641999440675903 ], [ -79.428644198652606, 43.642208422409702 ], [ -79.428210082117801, 43.642311369366297 ], [ -79.428049669020496, 43.642226961648902 ], [ -79.427898190968193, 43.642144305607601 ], [ -79.427486611355505, 43.641934889345997 ], [ -79.427193703704503, 43.641806280565199 ], [ -79.426948756425702, 43.6417052278927 ], [ -79.426698760846193, 43.641607844017599 ], [ -79.426410865274605, 43.641508598922698 ], [ -79.426019412947994, 43.641389105047899 ], [ -79.425625417806302, 43.641282462139799 ], [ -79.425441035036101, 43.641241988866099 ], [ -79.425364940786693, 43.641224683574499 ], [ -79.425268129225401, 43.641202116888799 ], [ -79.425074170434101, 43.641147999678402 ], [ -79.424878619882307, 43.641098372778899 ], [ -79.424386086771307, 43.640985566868103 ], [ -79.423988024503004, 43.640904317502098 ], [ -79.423586469025906, 43.6408320657902 ], [ -79.423479326556404, 43.640815422588901 ], [ -79.423182182901598, 43.640773312896101 ], [ -79.423080725835803, 43.640759742610598 ], [ -79.422978890322298, 43.640741680293502 ], [ -79.422877030972998, 43.6407326102442 ], [ -79.422775177407402, 43.640719048421403 ], [ -79.422673348688505, 43.640705477523298 ], [ -79.422571092809605, 43.640696415934499 ], [ -79.422468849367604, 43.640687345261398 ], [ -79.422366239903795, 43.6406737825614 ], [ -79.422263996531299, 43.640664711705099 ], [ -79.4221613689474, 43.640655649497099 ], [ -79.422058741406005, 43.640646578195501 ], [ -79.421955729653504, 43.640637515540902 ], [ -79.421853096340797, 43.640632944738996 ], [ -79.421750072248201, 43.640623881890598 ], [ -79.421647042349605, 43.640619310632196 ], [ -79.421544024849595, 43.640614748290702 ], [ -79.421459436998703, 43.640610990641001 ] ] ] ] } },
{ "type": "Feature", "properties": { "_id": 21, "AREA_ID": 2502258.0, "DATE_EFFECTIVE": "2022-04-11T21:27:23", "DATE_EXPIRY": "3000/01/01 05:00:00", "AREA_ATTR_ID": 26022773.0, "AREA_TYPE_ID": 602.0, "PARENT_AREA_ID": null, "AREA_TYPE": "CNBH", "AREA_CLASS_ID": null, "AREA_CLASS": "None", "AREA_SHORT_CODE": "044", "AREA_LONG_CODE": "044", "AREA_NAME": "Flemingdon Park", "AREA_DESC": "Flemingdon Park (44)", "FEATURE_CODE": null, "FEATURE_CODE_DESC": "None", "TRANS_ID_CREATE": 344709.0, "TRANS_ID_EXPIRE": -1.0, "OBJECTID": 17826465 }, "geometry": { "type": "MultiPolygon", "coordinates": [ [ [ [ -79.326078856023898, 43.720395093251803 ], [ -79.325638848248701, 43.720331423159401 ], [ -79.325257310544501, 43.720425353626503 ], [ -79.324842728089195, 43.720555246180602 ], [ -79.324662117289904, 43.7206168258502 ], [ -79.3244499178372, 43.720653657298101 ], [ -79.324228043805306, 43.7206161681707 ], [ -79.324041017860296, 43.7205540238363 ], [ -79.323636371164099, 43.7203418708635 ], [ -79.323272130408498, 43.720098274559 ], [ -79.323252002458204, 43.720084741563198 ], [ -79.3228540587764, 43.719832090546397 ], [ -79.322568347146301, 43.7195675687326 ], [ -79.322484631130706, 43.719468425000599 ], [ -79.322453347549498, 43.719399822891297 ], [ -79.322474668816099, 43.719290679842899 ], [ -79.322551921831604, 43.719212092865199 ], [ -79.323130171655293, 43.719002260815699 ], [ -79.323450770159795, 43.718860851729602 ], [ -79.323607095022098, 43.718721168627198 ], [ -79.3237597278398, 43.718528273216997 ], [ -79.323934313140896, 43.718127968557503 ], [ -79.323869600902398, 43.717718311869596 ], [ -79.323671836557295, 43.7173219518235 ], [ -79.323613585828895, 43.717092329980701 ], [ -79.323581404318503, 43.716961753131997 ], [ -79.3235682782922, 43.7169392297371 ], [ -79.323361357634695, 43.7166238662588 ], [ -79.322943085276606, 43.716429692142498 ], [ -79.322889997411494, 43.716416108014599 ], [ -79.3227725014698, 43.716389696241301 ], [ -79.322486922611105, 43.716325470203401 ], [ -79.322074793621596, 43.7161537965777 ], [ -79.321580304731498, 43.7160270082124 ], [ -79.321101288291302, 43.715922745061697 ], [ -79.321018533780901, 43.715911678985897 ], [ -79.320847946053604, 43.7159114117459 ], [ -79.320674713773897, 43.715940682223398 ], [ -79.320537179317895, 43.715955246432003 ], [ -79.320384351548398, 43.715975322216501 ], [ -79.320333437435195, 43.715969706427302 ], [ -79.320292774035906, 43.715947481412798 ], [ -79.320209066252801, 43.715840216832802 ], [ -79.320074007190598, 43.715558400022701 ], [ -79.319834993256407, 43.715590806115799 ], [ -79.3195020581948, 43.715632172707402 ], [ -79.319533375628694, 43.713413304087901 ], [ -79.319340623351295, 43.713295974226298 ], [ -79.319293580609298, 43.712688305797798 ], [ -79.319442474837004, 43.712558022808999 ], [ -79.319897663001001, 43.711658614761802 ], [ -79.320328711073799, 43.711582800395099 ], [ -79.321913449142897, 43.711234249154103 ], [ -79.3235283622585, 43.710872229613898 ], [ -79.3271050993594, 43.710094621671303 ], [ -79.329016338808003, 43.709665498858399 ], [ -79.329388086313003, 43.709571559045699 ], [ -79.331462480788502, 43.709110810217702 ], [ -79.333865753380607, 43.708579464172303 ], [ -79.336384914018694, 43.708030392967203 ], [ -79.336867899570095, 43.7079251203524 ], [ -79.337541215936696, 43.707778359478397 ], [ -79.337905801887302, 43.707698891796099 ], [ -79.337875379749406, 43.7077575729298 ], [ -79.337813780258102, 43.708090532483801 ], [ -79.337823301716995, 43.708429542751901 ], [ -79.337893060856302, 43.708826048526198 ], [ -79.337910906001596, 43.7088807115245 ], [ -79.338009127923897, 43.709181880133798 ], [ -79.338258509227799, 43.7095170803901 ], [ -79.338340729897098, 43.709586173404603 ], [ -79.338593174875498, 43.709798320938198 ], [ -79.339020963304193, 43.709962279173098 ], [ -79.339282266319103, 43.710060526634699 ], [ -79.339387809206201, 43.7101373927675 ], [ -79.339421481599004, 43.710269497636297 ], [ -79.339431730981602, 43.710423019605301 ], [ -79.339411162952004, 43.710588100907401 ], [ -79.339442956830695, 43.710712804081098 ], [ -79.339533449121802, 43.710766353657498 ], [ -79.339758214049297, 43.710845177997797 ], [ -79.339958182151605, 43.710986201917699 ], [ -79.340052512425999, 43.711052727275401 ], [ -79.340054280473893, 43.711055151089397 ], [ -79.340193230600306, 43.711206998726198 ], [ -79.340284094951301, 43.711368635394301 ], [ -79.340309493594503, 43.711509900699298 ], [ -79.340289778315807, 43.711695749232803 ], [ -79.340005746427494, 43.711970286583899 ], [ -79.339731295336307, 43.712229570509301 ], [ -79.339493977913904, 43.712486124522798 ], [ -79.339483038277393, 43.712660778637201 ], [ -79.339528015640596, 43.712793484373201 ], [ -79.339854925025605, 43.713009352026198 ], [ -79.340039146612398, 43.713031438036403 ], [ -79.340212963513494, 43.713004290312199 ], [ -79.340452382031799, 43.712797334710302 ], [ -79.340756924111304, 43.712693155732801 ], [ -79.341104151920504, 43.712692846833797 ], [ -79.3414781838446, 43.712782046591599 ], [ -79.341825702751905, 43.712944910762701 ], [ -79.342134700269, 43.713133041223401 ], [ -79.342497464181903, 43.713257110961997 ], [ -79.342858711222206, 43.713354371708597 ], [ -79.343098870621802, 43.7135644489789 ], [ -79.343289835299103, 43.713814432895497 ], [ -79.343348156664902, 43.713915948030497 ], [ -79.343442625172102, 43.7140803504385 ], [ -79.343781599961304, 43.714283990629497 ], [ -79.344134285359203, 43.714384017015902 ], [ -79.344463703648501, 43.7145464163791 ], [ -79.344726039016507, 43.714784676296098 ], [ -79.344803175897795, 43.7150405157888 ], [ -79.344944808680907, 43.715219004910203 ], [ -79.345296502017007, 43.715215502890302 ], [ -79.345647006346496, 43.715099869519499 ], [ -79.345794565183496, 43.715073586983799 ], [ -79.345843590688702, 43.715075894425702 ], [ -79.345916540792899, 43.715088531538299 ], [ -79.345991382341197, 43.7151137099045 ], [ -79.346060428419094, 43.715148628778401 ], [ -79.346110272982699, 43.715184907954303 ], [ -79.346169674764397, 43.715235142918203 ], [ -79.346204159609599, 43.715270006185698 ], [ -79.346253901157993, 43.7153369434414 ], [ -79.346288346927594, 43.715387135771003 ], [ -79.346317047060296, 43.715427572003598 ], [ -79.346338056536496, 43.715476360057899 ], [ -79.346341766631994, 43.7155251158525 ], [ -79.346339516002004, 43.715599697240499 ], [ -79.346346946368598, 43.715688378608 ], [ -79.346355010175998, 43.715762289763298 ], [ -79.346371295333697, 43.715858184033799 ], [ -79.346387673082305, 43.715908136013297 ], [ -79.346428851150193, 43.715956132035203 ], [ -79.346472827352898, 43.715992133125802 ], [ -79.346541573983302, 43.716028185459898 ], [ -79.346604825931493, 43.716058235542299 ], [ -79.346679138843498, 43.7160723051948 ], [ -79.3467920301118, 43.716078451401302 ], [ -79.346907646548402, 43.716086590423899 ], [ -79.347108608558898, 43.716108831470102 ], [ -79.347293045603905, 43.716129051808402 ], [ -79.347480285694402, 43.716135287637698 ], [ -79.347612452761496, 43.716135463916302 ], [ -79.347772165112403, 43.7161376660071 ], [ -79.347970365226402, 43.716157903581099 ], [ -79.348229054976699, 43.716191840044402 ], [ -79.3485618832119, 43.716294697771097 ], [ -79.348919515925104, 43.7163104551611 ], [ -79.349176337181007, 43.716238793279999 ], [ -79.349276406587904, 43.716221291817298 ], [ -79.349498734210002, 43.7161665690913 ], [ -79.349618019088197, 43.716137201969197 ], [ -79.349886803108802, 43.7160303323124 ], [ -79.350020281683697, 43.715857854433501 ], [ -79.350348969471995, 43.715779866289999 ], [ -79.350710575141903, 43.715738888358899 ], [ -79.351080617248201, 43.7156986673793 ], [ -79.351353035532, 43.715701155268597 ], [ -79.351414438819702, 43.715701730173201 ], [ -79.351765033082501, 43.715702059360503 ], [ -79.352085682632804, 43.715661771061498 ], [ -79.352321168951306, 43.715734877711903 ], [ -79.352415100329296, 43.715942198952902 ], [ -79.352489925036593, 43.716152852921901 ], [ -79.352627641543904, 43.716233204749102 ], [ -79.352372419714797, 43.716307153768703 ], [ -79.351791682484304, 43.716475409825499 ], [ -79.351127986419598, 43.716686112843199 ], [ -79.350450654169407, 43.7169238069241 ], [ -79.349979794494303, 43.717098741372901 ], [ -79.348838828779293, 43.717419834143698 ], [ -79.348129091517293, 43.717631583971098 ], [ -79.347746863161007, 43.717729738219198 ], [ -79.347258368874904, 43.717879290411403 ], [ -79.345037878210107, 43.718562962198703 ], [ -79.343536238863507, 43.719047299182101 ], [ -79.343001942837702, 43.719219615616502 ], [ -79.341307249127993, 43.719716502713503 ], [ -79.339642566856099, 43.720276667524097 ], [ -79.339065603281398, 43.7204402014439 ], [ -79.338873877336695, 43.720500806786703 ], [ -79.3388690702226, 43.720502321221403 ], [ -79.338162399275205, 43.720719486120402 ], [ -79.336669159620598, 43.721178280053003 ], [ -79.335504934858903, 43.721535976332397 ], [ -79.335212006997807, 43.721625989929599 ], [ -79.335125092369097, 43.721652706312199 ], [ -79.334712808405797, 43.721777363224398 ], [ -79.333449104519502, 43.722158855945899 ], [ -79.332024757125296, 43.722588822446902 ], [ -79.330357969511496, 43.723092896902898 ], [ -79.330070365770595, 43.723164479650897 ], [ -79.328495321289196, 43.723567174221699 ], [ -79.326908575226298, 43.723978857584697 ], [ -79.326195524974807, 43.724166819673599 ], [ -79.325299278817198, 43.724399494667203 ], [ -79.323652297362003, 43.724830249329401 ], [ -79.322654595650704, 43.725111056645197 ], [ -79.322340931155495, 43.725191589721398 ], [ -79.322342045650402, 43.725079066938299 ], [ -79.322524299360794, 43.7248363165481 ], [ -79.322646814548307, 43.724588972560397 ], [ -79.322763984410599, 43.724314616414901 ], [ -79.322933545389702, 43.724026839442899 ], [ -79.323103633538807, 43.723698548423997 ], [ -79.323232714533702, 43.723369374610002 ], [ -79.323261642997196, 43.723049515125297 ], [ -79.323269961563099, 43.722605226544403 ], [ -79.323284568587297, 43.722394520974298 ], [ -79.323320210220004, 43.722176223854703 ], [ -79.323345025852603, 43.722077248505002 ], [ -79.323362622712395, 43.722044268130503 ], [ -79.323394226900305, 43.722008771044699 ], [ -79.323499362734097, 43.721970840164801 ], [ -79.323660510312493, 43.721933004614201 ], [ -79.323825132875399, 43.721907865949397 ], [ -79.324042277069594, 43.7218751928567 ], [ -79.324364452187197, 43.721840133435201 ], [ -79.324490549804906, 43.721814934608403 ], [ -79.3246552259438, 43.721766940664999 ], [ -79.325037148213994, 43.721650734734297 ], [ -79.325198360419904, 43.721590042946602 ], [ -79.325419268073404, 43.721465974330002 ], [ -79.325580538284299, 43.721384984277499 ], [ -79.325692649444704, 43.721354677074501 ], [ -79.325853786621494, 43.721319385764197 ], [ -79.326126955886096, 43.721276631642397 ], [ -79.326400151807604, 43.7212288092054 ], [ -79.326561253882304, 43.721201122897803 ], [ -79.326634843055103, 43.721178380367903 ], [ -79.326687449488205, 43.721145452570198 ], [ -79.326719051241895, 43.721109954555502 ], [ -79.326733244022194, 43.721051584977197 ], [ -79.326729958545002, 43.720972864085397 ], [ -79.3267231928683, 43.720891608565999 ], [ -79.326707980476598, 43.720774101214801 ], [ -79.326608459599498, 43.720622315262801 ], [ -79.326458654640504, 43.720494684248401 ], [ -79.326078856023898, 43.720395093251803 ] ] ] ] } },
{ "type": "Feature", "properties": { "_id": 22, "AREA_ID": 2502257.0, "DATE_EFFECTIVE": "2022-04-11T21:27:23", "DATE_EXPIRY": "3000/01/01 05:00:00", "AREA_ATTR_ID": 26022772.0, "AREA_TYPE_ID": 602.0, "PARENT_AREA_ID": null, "AREA_TYPE": "CNBH", "AREA_CLASS_ID": null, "AREA_CLASS": "None", "AREA_SHORT_CODE": "043", "AREA_LONG_CODE": "043", "AREA_NAME": "Victoria Village", "AREA_DESC": "Victoria Village (43)", "FEATURE_CODE": null, "FEATURE_CODE_DESC": "None", "TRANS_ID_CREATE": 344709.0, "TRANS_ID_EXPIRE": -1.0, "OBJECTID": 17826481 }, "geometry": { "type": "MultiPolygon", "coordinates": [ [ [ [ -79.306760403828406, 43.734658561663203 ], [ -79.306226120153696, 43.733361453489202 ], [ -79.3058923029037, 43.732551046565298 ], [ -79.305610211976301, 43.731866212684501 ], [ -79.305112887604906, 43.730659191852403 ], [ -79.304999579201194, 43.730384244990397 ], [ -79.3045078328946, 43.729190912608203 ], [ -79.304386824483402, 43.728892224644298 ], [ -79.304250585214703, 43.728555948299302 ], [ -79.304219838105396, 43.728480024225803 ], [ -79.304135613033694, 43.728272140415299 ], [ -79.303985942441699, 43.727902761159001 ], [ -79.303950068998006, 43.727819420195701 ], [ -79.303470938344304, 43.726686709797399 ], [ -79.3026450183565, 43.724723025474802 ], [ -79.302100285688496, 43.723380979539698 ], [ -79.301655633987707, 43.722273163788699 ], [ -79.301023579886802, 43.720804790111004 ], [ -79.300592559944207, 43.719785826787003 ], [ -79.300558707977004, 43.719705800628503 ], [ -79.300179431087997, 43.718769026232302 ], [ -79.299789998834697, 43.717859236394702 ], [ -79.299286715434704, 43.716670215361098 ], [ -79.299161273109604, 43.716372953632401 ], [ -79.301782372576895, 43.715814887571099 ], [ -79.303754929549697, 43.715413180702903 ], [ -79.305338593450699, 43.7151007906986 ], [ -79.305331387623895, 43.715110958848001 ], [ -79.305268467633297, 43.715199685073202 ], [ -79.305201414861003, 43.715307594897801 ], [ -79.305150288094595, 43.715406521573101 ], [ -79.305055702712593, 43.715631391695403 ], [ -79.305016186739493, 43.7157393483633 ], [ -79.304987955682407, 43.715838314012501 ], [ -79.3049613363562, 43.715914779264899 ], [ -79.304939372899298, 43.715986751827998 ], [ -79.304920276094805, 43.7161352399457 ], [ -79.304908609173495, 43.716265738228401 ], [ -79.304887149900296, 43.716423223555601 ], [ -79.3048680089816, 43.716585222460402 ], [ -79.304838895388997, 43.716711190313497 ], [ -79.304812070958704, 43.716850663946097 ], [ -79.305387037157502, 43.716724213575198 ], [ -79.306364264236393, 43.716509303043303 ], [ -79.306464783285904, 43.716487204179501 ], [ -79.309016296483605, 43.7159259919951 ], [ -79.310062639159199, 43.7156936578277 ], [ -79.311194679925293, 43.715452454401699 ], [ -79.311988986166, 43.717272035122903 ], [ -79.313345366879801, 43.716986163979598 ], [ -79.3195020581948, 43.715632172707402 ], [ -79.319834993256407, 43.715590806115799 ], [ -79.320074007190598, 43.715558400022701 ], [ -79.320209066252801, 43.715840216832802 ], [ -79.320292774035906, 43.715947481412798 ], [ -79.320333437435195, 43.715969706427302 ], [ -79.320384351548398, 43.715975322216501 ], [ -79.320537179317895, 43.715955246432003 ], [ -79.320674713773897, 43.715940682223398 ], [ -79.320847946053604, 43.7159114117459 ], [ -79.321018533780901, 43.715911678985897 ], [ -79.321101288291302, 43.715922745061697 ], [ -79.321580304731498, 43.7160270082124 ], [ -79.322074793621596, 43.7161537965777 ], [ -79.322486922611105, 43.716325470203401 ], [ -79.3227725014698, 43.716389696241301 ], [ -79.322889997411494, 43.716416108014599 ], [ -79.322943085276606, 43.716429692142498 ], [ -79.323361357634695, 43.7166238662588 ], [ -79.3235682782922, 43.7169392297371 ], [ -79.323581404318503, 43.716961753131997 ], [ -79.323613585828895, 43.717092329980701 ], [ -79.323671836557295, 43.7173219518235 ], [ -79.323869600902398, 43.717718311869596 ], [ -79.323934313140896, 43.718127968557503 ], [ -79.3237597278398, 43.718528273216997 ], [ -79.323607095022098, 43.718721168627198 ], [ -79.323450770159795, 43.718860851729602 ], [ -79.323130171655293, 43.719002260815699 ], [ -79.322551921831604, 43.719212092865199 ], [ -79.322474668816099, 43.719290679842899 ], [ -79.322453347549498, 43.719399822891297 ], [ -79.322484631130706, 43.719468425000599 ], [ -79.322568347146301, 43.7195675687326 ], [ -79.3228540587764, 43.719832090546397 ], [ -79.323252002458204, 43.720084741563198 ], [ -79.323272130408498, 43.720098274559 ], [ -79.323636371164099, 43.7203418708635 ], [ -79.324041017860296, 43.7205540238363 ], [ -79.324228043805306, 43.7206161681707 ], [ -79.3244499178372, 43.720653657298101 ], [ -79.324662117289904, 43.7206168258502 ], [ -79.324842728089195, 43.720555246180602 ], [ -79.325257310544501, 43.720425353626503 ], [ -79.325638848248701, 43.720331423159401 ], [ -79.326078856023898, 43.720395093251803 ], [ -79.326458654640504, 43.720494684248401 ], [ -79.326608459599498, 43.720622315262801 ], [ -79.326707980476598, 43.720774101214801 ], [ -79.3267231928683, 43.720891608565999 ], [ -79.326729958545002, 43.720972864085397 ], [ -79.326733244022194, 43.721051584977197 ], [ -79.326719051241895, 43.721109954555502 ], [ -79.326687449488205, 43.721145452570198 ], [ -79.326634843055103, 43.721178380367903 ], [ -79.326561253882304, 43.721201122897803 ], [ -79.326400151807604, 43.7212288092054 ], [ -79.326126955886096, 43.721276631642397 ], [ -79.325853786621494, 43.721319385764197 ], [ -79.325692649444704, 43.721354677074501 ], [ -79.325580538284299, 43.721384984277499 ], [ -79.325419268073404, 43.721465974330002 ], [ -79.325198360419904, 43.721590042946602 ], [ -79.325037148213994, 43.721650734734297 ], [ -79.3246552259438, 43.721766940664999 ], [ -79.324490549804906, 43.721814934608403 ], [ -79.324364452187197, 43.721840133435201 ], [ -79.324042277069594, 43.7218751928567 ], [ -79.323825132875399, 43.721907865949397 ], [ -79.323660510312493, 43.721933004614201 ], [ -79.323499362734097, 43.721970840164801 ], [ -79.323394226900305, 43.722008771044699 ], [ -79.323362622712395, 43.722044268130503 ], [ -79.323345025852603, 43.722077248505002 ], [ -79.323320210220004, 43.722176223854703 ], [ -79.323284568587297, 43.722394520974298 ], [ -79.323269961563099, 43.722605226544403 ], [ -79.323261642997196, 43.723049515125297 ], [ -79.323232714533702, 43.723369374610002 ], [ -79.323103633538807, 43.723698548423997 ], [ -79.322933545389702, 43.724026839442899 ], [ -79.322763984410599, 43.724314616414901 ], [ -79.322646814548307, 43.724588972560397 ], [ -79.322524299360794, 43.7248363165481 ], [ -79.322342045650402, 43.725079066938299 ], [ -79.322340931155495, 43.725191589721398 ], [ -79.322339735098495, 43.725340108337498 ], [ -79.322504589251295, 43.7256014004289 ], [ -79.322761116368298, 43.725817828256801 ], [ -79.323002037468001, 43.7260657356751 ], [ -79.323196349670098, 43.726331572968 ], [ -79.323244368495097, 43.726624187502203 ], [ -79.323207333180704, 43.726948174812499 ], [ -79.323048706342902, 43.727204464637403 ], [ -79.322674015281805, 43.727334410912199 ], [ -79.322265679839802, 43.727428289693798 ], [ -79.321902656116194, 43.727544749720103 ], [ -79.321498029360598, 43.727697148576503 ], [ -79.321124936010406, 43.727813599401998 ], [ -79.320750756008096, 43.727898533973402 ], [ -79.320678161829704, 43.727925423817702 ], [ -79.320419140463599, 43.7280240397642 ], [ -79.320262502515206, 43.728257834707499 ], [ -79.319969816454105, 43.728459910900497 ], [ -79.319697670226503, 43.728666519356203 ], [ -79.319316237515494, 43.728836958513199 ], [ -79.318868752906596, 43.728917270388997 ], [ -79.318669303699195, 43.7290699751468 ], [ -79.318770694670803, 43.729151147063497 ], [ -79.318908434799695, 43.729263880804801 ], [ -79.319291629004496, 43.729413007635998 ], [ -79.319784942475493, 43.729445272806103 ], [ -79.320227263497699, 43.729535972681198 ], [ -79.320417249708697, 43.7298243198181 ], [ -79.320309112333007, 43.730184208205898 ], [ -79.320061036800496, 43.730512371942901 ], [ -79.319759197049095, 43.730790943578 ], [ -79.319617849531198, 43.731096780487903 ], [ -79.319722483583803, 43.7313894945882 ], [ -79.320117008161603, 43.731511623774701 ], [ -79.320493747902802, 43.731354685505799 ], [ -79.320769870449396, 43.731116577178 ], [ -79.321144709776107, 43.730946122922902 ], [ -79.321475876857704, 43.730721600838898 ], [ -79.321753983382095, 43.730460981122 ], [ -79.321881973935803, 43.730339654999398 ], [ -79.322045360576396, 43.7301823789116 ], [ -79.322339427772505, 43.729908280742301 ], [ -79.322658199287801, 43.729670225070798 ], [ -79.323014112154496, 43.729472740571801 ], [ -79.323417011154902, 43.729378841752201 ], [ -79.323861934597502, 43.729379519240297 ], [ -79.324279951357198, 43.729429669425599 ], [ -79.324704600129493, 43.7294618167832 ], [ -79.325123161468397, 43.729448956079104 ], [ -79.325197395373195, 43.729660607634898 ], [ -79.325011211806498, 43.729925868150303 ], [ -79.324868713136496, 43.730236201457302 ], [ -79.324791316423301, 43.730564636845799 ], [ -79.324725409517796, 43.730711381907298 ], [ -79.324640664798906, 43.730920008502203 ], [ -79.324712368088797, 43.731360953807801 ], [ -79.324738930998194, 43.731489145069702 ], [ -79.324751588147805, 43.7315502468307 ], [ -79.324820272296705, 43.731690276252401 ], [ -79.325023574244995, 43.731793696753002 ], [ -79.325097944752798, 43.7318270431212 ], [ -79.325345888385002, 43.731938209397001 ], [ -79.325735930259995, 43.732001813334001 ], [ -79.326067738369204, 43.732092331030699 ], [ -79.326300594608199, 43.732322225498002 ], [ -79.326545044466897, 43.732570139535198 ], [ -79.326820300861598, 43.732764092343899 ], [ -79.3268276361148, 43.732773104686601 ], [ -79.327120412512897, 43.732944571234903 ], [ -79.327428082919994, 43.732931534326397 ], [ -79.327657692210806, 43.733075909422098 ], [ -79.327687117622204, 43.733368502712203 ], [ -79.327729341772795, 43.733661124271499 ], [ -79.327929930993093, 43.733926980632504 ], [ -79.328196220634695, 43.734143428652999 ], [ -79.328514848414102, 43.734233928403398 ], [ -79.328810726952199, 43.734139859042301 ], [ -79.3290742229225, 43.733978231288802 ], [ -79.329397479976706, 43.733933708093602 ], [ -79.329742910393904, 43.734015243198598 ], [ -79.330060643228805, 43.734146242831102 ], [ -79.330371392952898, 43.734310832794201 ], [ -79.330384482409599, 43.734317765161002 ], [ -79.330448127598899, 43.734357582002502 ], [ -79.330687318170703, 43.734507257911403 ], [ -79.330977293869594, 43.734719224901603 ], [ -79.331114292483505, 43.734975971348 ], [ -79.331191467892594, 43.735259632958901 ], [ -79.331127163193798, 43.735502580050401 ], [ -79.330997002916106, 43.7357139254553 ], [ -79.330850516657605, 43.735934238768102 ], [ -79.330682142686697, 43.736150270885702 ], [ -79.330659405260405, 43.736187988334599 ], [ -79.330659240219902, 43.736242148453698 ], [ -79.330674977513993, 43.736283208347103 ], [ -79.330799140715499, 43.736408140172898 ], [ -79.331024403556398, 43.736587111689701 ], [ -79.331298677284295, 43.7367315364014 ], [ -79.331479226615002, 43.736857243782097 ], [ -79.3315153195134, 43.736899980788898 ], [ -79.331544606652798, 43.736952546090301 ], [ -79.331557188846304, 43.737091975567999 ], [ -79.331528182892598, 43.737156057527002 ], [ -79.331431335291299, 43.737285316309503 ], [ -79.331235725457603, 43.737451559267903 ], [ -79.331088605047995, 43.737626865773997 ], [ -79.330883656933196, 43.737802095540502 ], [ -79.330662753602596, 43.7379997953485 ], [ -79.3304228550559, 43.738188465321997 ], [ -79.330244220301907, 43.738390736621 ], [ -79.330138803685401, 43.738629112345002 ], [ -79.330111350440205, 43.738872113478998 ], [ -79.330154461420605, 43.739133212910701 ], [ -79.330277922547097, 43.739380929824698 ], [ -79.330441310442197, 43.739637698048298 ], [ -79.330554726369698, 43.7397898698121 ], [ -79.329658289405799, 43.739960991700798 ], [ -79.328443339521897, 43.740192882215503 ], [ -79.327442655833593, 43.740380437444202 ], [ -79.325671161198898, 43.740665824256901 ], [ -79.324705903971704, 43.740790374015504 ], [ -79.324166816799902, 43.740848044887699 ], [ -79.322143426513804, 43.741006936187702 ], [ -79.319705373219705, 43.741151726520698 ], [ -79.319279275564995, 43.741182584865797 ], [ -79.318001044654693, 43.7412661042463 ], [ -79.316204789931703, 43.741371298557503 ], [ -79.316169473787596, 43.741373591080503 ], [ -79.316073856973503, 43.741379783114901 ], [ -79.3142404685412, 43.741498676654402 ], [ -79.313724327086803, 43.7415383511267 ], [ -79.312816988032907, 43.741622407369199 ], [ -79.311442968667507, 43.741800209245397 ], [ -79.3097937613677, 43.742144041446302 ], [ -79.309348345211802, 43.740919107126601 ], [ -79.309229637294607, 43.740666866008802 ], [ -79.308897849816205, 43.739829144579502 ], [ -79.3084647211126, 43.738799301294002 ], [ -79.308333351252102, 43.738486918788098 ], [ -79.307736648093197, 43.737036630068602 ], [ -79.307651207622598, 43.7368247325672 ], [ -79.3074279345565, 43.736270997447598 ], [ -79.306760403828406, 43.734658561663203 ] ] ] ] } },
{ "type": "Feature", "properties": { "_id": 23, "AREA_ID": 2502242.0, "DATE_EFFECTIVE": "2022-04-11T21:27:23", "DATE_EXPIRY": "3000/01/01 05:00:00", "AREA_ATTR_ID": 26022757.0, "AREA_TYPE_ID": 602.0, "PARENT_AREA_ID": null, "AREA_TYPE": "CNBH", "AREA_CLASS_ID": null, "AREA_CLASS": "None", "AREA_SHORT_CODE": "028", "AREA_LONG_CODE": "028", "AREA_NAME": "Rustic", "AREA_DESC": "Rustic (28)", "FEATURE_CODE": null, "FEATURE_CODE_DESC": "None", "TRANS_ID_CREATE": 344709.0, "TRANS_ID_EXPIRE": -1.0, "OBJECTID": 17826721 }, "geometry": { "type": "MultiPolygon", "coordinates": [ [ [ [ -79.503687358677496, 43.7029154859624 ], [ -79.503838440834002, 43.702878071676402 ], [ -79.504248914603906, 43.704473407496003 ], [ -79.504405549882094, 43.705159091711302 ], [ -79.5045978852676, 43.705829003967601 ], [ -79.504832275376202, 43.706645373755798 ], [ -79.5050574693242, 43.7073669779708 ], [ -79.505114947770906, 43.707551195427001 ], [ -79.5053451369035, 43.708414622741898 ], [ -79.505566631138095, 43.7092454022862 ], [ -79.505788280019502, 43.710201181864697 ], [ -79.505971220632503, 43.711041881704602 ], [ -79.506075184686694, 43.7114209735076 ], [ -79.506117205154794, 43.7115741727916 ], [ -79.506144863059106, 43.711675030476698 ], [ -79.506229326997797, 43.711983013159497 ], [ -79.506434566299205, 43.712705794236001 ], [ -79.506695268666505, 43.713650641738496 ], [ -79.506848102604906, 43.714064564670601 ], [ -79.5069656225172, 43.714496041982699 ], [ -79.507224903307801, 43.715456451242503 ], [ -79.507492752132507, 43.716490318447903 ], [ -79.5077471012888, 43.717378311410599 ], [ -79.507791668252906, 43.717580539582599 ], [ -79.507830163219197, 43.717755170299 ], [ -79.5064791805585, 43.717912173734199 ], [ -79.504644993213503, 43.718134503957103 ], [ -79.503851111039396, 43.718223969922398 ], [ -79.503739789064795, 43.718231435658403 ], [ -79.503618029893502, 43.718240359820001 ], [ -79.503517393350293, 43.718248194052201 ], [ -79.503406332007501, 43.718257369693703 ], [ -79.503295382360704, 43.718267184313 ], [ -79.503184432707201, 43.7182775569024 ], [ -79.503073607152103, 43.718288541466102 ], [ -79.502962905683702, 43.718299966980503 ], [ -79.502852328309004, 43.718312031473602 ], [ -79.5027418750213, 43.718324662935601 ], [ -79.502631545818701, 43.718337888370897 ], [ -79.502521340696902, 43.718351680775903 ], [ -79.502411383756296, 43.718365986140803 ], [ -79.502301426783902, 43.718380831475102 ], [ -79.502191606294204, 43.718396243779999 ], [ -79.502082009158599, 43.718412241056797 ], [ -79.501972548500802, 43.7184288413101 ], [ -79.501863211903299, 43.718445927524201 ], [ -79.5017541234741, 43.718463661720101 ], [ -79.5016451590987, 43.718481845872702 ], [ -79.501536442885296, 43.718500660005901 ], [ -79.501427850722905, 43.718520032111698 ], [ -79.501319382608301, 43.718539944188102 ], [ -79.501211162645603, 43.718560441240399 ], [ -79.499777750146094, 43.718795623186999 ], [ -79.497873808463396, 43.719135643958403 ], [ -79.495267360033395, 43.719601020511803 ], [ -79.493567095883805, 43.719904558687197 ], [ -79.492490142999102, 43.720096804736698 ], [ -79.492421090788994, 43.719883065467798 ], [ -79.492356654982999, 43.719676518458201 ], [ -79.492263324130306, 43.719398238474298 ], [ -79.491785659025894, 43.718121746429503 ], [ -79.491683716415906, 43.717872098268202 ], [ -79.491646794431801, 43.717789086005403 ], [ -79.491566310093106, 43.717542490716397 ], [ -79.491508794569796, 43.717407701662303 ], [ -79.4914599278585, 43.717283102643897 ], [ -79.491426585043698, 43.717169738334498 ], [ -79.491381269834605, 43.717032600794099 ], [ -79.4909977930851, 43.715699710107302 ], [ -79.490856319324195, 43.7152078881196 ], [ -79.490531753960795, 43.713846898203002 ], [ -79.490155811818994, 43.712360974094203 ], [ -79.490035421323199, 43.712107848132298 ], [ -79.489990377821997, 43.712020459927899 ], [ -79.489946285314304, 43.711886643268102 ], [ -79.4899049165451, 43.7117914332512 ], [ -79.489873404509794, 43.711674170993597 ], [ -79.489843815880604, 43.7115577100083 ], [ -79.4898182156426, 43.711412031262903 ], [ -79.489814719816394, 43.711317814711798 ], [ -79.489787787304707, 43.711199670704801 ], [ -79.489770988385601, 43.711109224489697 ], [ -79.489747801077897, 43.711005770869299 ], [ -79.489719244015006, 43.710883189070003 ], [ -79.489697814126103, 43.710735512374299 ], [ -79.489668687666594, 43.710678270695396 ], [ -79.489627680513294, 43.7105082870724 ], [ -79.489604841648998, 43.710330050921797 ], [ -79.489605734486005, 43.710189937286501 ], [ -79.489588523744601, 43.710116161337403 ], [ -79.489576685840603, 43.7100437270635 ], [ -79.489523154757606, 43.709897496585597 ], [ -79.489442113570604, 43.709751830621002 ], [ -79.489393213856104, 43.709662821560698 ], [ -79.489342791111298, 43.709556313871602 ], [ -79.489291460774396, 43.709460670603598 ], [ -79.489245811014001, 43.7093805280292 ], [ -79.489201269193799, 43.709281194836201 ], [ -79.489094224257997, 43.70911800068 ], [ -79.488804772427699, 43.7086259003338 ], [ -79.488549457014699, 43.708284933958097 ], [ -79.488482399062306, 43.708168594809301 ], [ -79.488451875300299, 43.708098579851601 ], [ -79.488388739683103, 43.708041964468002 ], [ -79.488337113655206, 43.707949921224099 ], [ -79.488277269729707, 43.707813203807603 ], [ -79.488115619198794, 43.707469599608103 ], [ -79.487667630790796, 43.706374385401404 ], [ -79.490231605340995, 43.705806040842702 ], [ -79.491729612862301, 43.705490322344097 ], [ -79.491870545788899, 43.705460817276098 ], [ -79.493074093425406, 43.705187536832497 ], [ -79.493447912090005, 43.7051167188392 ], [ -79.494096671499904, 43.704950248602103 ], [ -79.495602938547407, 43.704629691042697 ], [ -79.496140635051901, 43.704507986211198 ], [ -79.496682425048405, 43.7043656930487 ], [ -79.4977349639083, 43.704134511972001 ], [ -79.498809071513307, 43.7039000989638 ], [ -79.500052210819405, 43.703614629657999 ], [ -79.501998389628099, 43.703186349420697 ], [ -79.502707541773901, 43.703037858743301 ], [ -79.5029115550726, 43.703006862328301 ], [ -79.503068631312203, 43.702981330594703 ], [ -79.503223573753601, 43.702963341776297 ], [ -79.503415986372005, 43.702945243618998 ], [ -79.503584552531905, 43.702937668382198 ], [ -79.503687358677496, 43.7029154859624 ] ] ] ] } },
{ "type": "Feature", "properties": { "_id": 24, "AREA_ID": 2502241.0, "DATE_EFFECTIVE": "2022-04-11T21:27:23", "DATE_EXPIRY": "3000/01/01 05:00:00", "AREA_ATTR_ID": 26022756.0, "AREA_TYPE_ID": 602.0, "PARENT_AREA_ID": null, "AREA_TYPE": "CNBH", "AREA_CLASS_ID": null, "AREA_CLASS": "None", "AREA_SHORT_CODE": "027", "AREA_LONG_CODE": "027", "AREA_NAME": "York University Heights", "AREA_DESC": "York University Heights (27)", "FEATURE_CODE": null, "FEATURE_CODE_DESC": "None", "TRANS_ID_CREATE": 344709.0, "TRANS_ID_EXPIRE": -1.0, "OBJECTID": 17826737 }, "geometry": { "type": "MultiPolygon", "coordinates": [ [ [ [ -79.468468428405302, 43.775193863953803 ], [ -79.467786538222597, 43.772356884274799 ], [ -79.467719114998701, 43.772076307827199 ], [ -79.467691835462901, 43.771963857516901 ], [ -79.467680061028304, 43.771915355889 ], [ -79.467646423463407, 43.771776737367503 ], [ -79.466927818444205, 43.768852105036999 ], [ -79.466257900387305, 43.7658105287572 ], [ -79.466126479511502, 43.765218050270299 ], [ -79.465699370810796, 43.763286062376899 ], [ -79.465211801273796, 43.761042252761897 ], [ -79.465206921049997, 43.761019802317797 ], [ -79.465158116146398, 43.760885840795503 ], [ -79.465122330975404, 43.760787626935397 ], [ -79.465092326148806, 43.760616298186697 ], [ -79.465080047015604, 43.760546148185497 ], [ -79.4650290966255, 43.760280174527303 ], [ -79.464993835502497, 43.7600083458669 ], [ -79.464965402951094, 43.759697814166103 ], [ -79.464953450258406, 43.759473230846403 ], [ -79.464712950441694, 43.758953266165499 ], [ -79.464609188188902, 43.758535227825497 ], [ -79.464613296840099, 43.758517532757502 ], [ -79.464616715602901, 43.758490386226001 ], [ -79.464610744102202, 43.7584449103636 ], [ -79.464606632845303, 43.758403827657503 ], [ -79.464456764111901, 43.757750573723399 ], [ -79.464274055254904, 43.7569449730738 ], [ -79.4640997281073, 43.756127934133502 ], [ -79.463923706164906, 43.755287293141002 ], [ -79.463733183189902, 43.754490617998997 ], [ -79.463457475746907, 43.753311166275601 ], [ -79.462771535839593, 43.750377309549002 ], [ -79.463390360333094, 43.750251132538999 ], [ -79.463958872553604, 43.750138168091297 ], [ -79.464020909452501, 43.750136558418397 ], [ -79.464297054564994, 43.750114367031301 ], [ -79.464530788886194, 43.7501446478418 ], [ -79.464822781556805, 43.750180139813402 ], [ -79.464983578609605, 43.750209623123297 ], [ -79.465129191091293, 43.750258022104802 ], [ -79.465253254612804, 43.750294343737899 ], [ -79.465375858373207, 43.750342987441101 ], [ -79.465499838745899, 43.7503949258682 ], [ -79.4656369004514, 43.750458389633899 ], [ -79.465716402791202, 43.7505104944685 ], [ -79.466437897388502, 43.751189066218501 ], [ -79.467219837964194, 43.751924475265703 ], [ -79.468161066223303, 43.752824105228598 ], [ -79.468537807509904, 43.753200657697001 ], [ -79.468860226852001, 43.7534788200172 ], [ -79.469190263909596, 43.753727756578698 ], [ -79.469662301342197, 43.754028252809299 ], [ -79.469900054017302, 43.754178734675399 ], [ -79.470361288406295, 43.754366521165402 ], [ -79.470968782151004, 43.754612157716203 ], [ -79.471705556985896, 43.754902577050999 ], [ -79.472426225159893, 43.755182123294198 ], [ -79.472966178698201, 43.755376624093799 ], [ -79.473094344059206, 43.755410858877703 ], [ -79.473284262851095, 43.755450742716498 ], [ -79.473767513570905, 43.755517391483103 ], [ -79.474296100725098, 43.7555345598402 ], [ -79.474542874981196, 43.755536775356497 ], [ -79.474710957709107, 43.755532285068199 ], [ -79.474937536150605, 43.755513774511201 ], [ -79.475185930273597, 43.755472486218402 ], [ -79.478579796036101, 43.754699582873201 ], [ -79.479497002965502, 43.754492138485901 ], [ -79.480286882442996, 43.754321263708199 ], [ -79.480613600265102, 43.754242406096303 ], [ -79.480704867126505, 43.754219981555401 ], [ -79.480977152200694, 43.754153058289702 ], [ -79.481098921636203, 43.754116749658998 ], [ -79.481291334198303, 43.754048165188301 ], [ -79.481576110174899, 43.753900573804998 ], [ -79.481698024841194, 43.7538330664065 ], [ -79.481934269149804, 43.753687716643299 ], [ -79.481996259004703, 43.753646545943603 ], [ -79.482104607320906, 43.7535544446974 ], [ -79.482252635966503, 43.753442834917102 ], [ -79.482388292229899, 43.753301573089203 ], [ -79.482456934064004, 43.753228961974699 ], [ -79.482538944002997, 43.753133039756101 ], [ -79.482600035003401, 43.753062092621597 ], [ -79.482640666356204, 43.753017209820399 ], [ -79.482735475352797, 43.752845346282399 ], [ -79.482797399528494, 43.752725054589199 ], [ -79.482864363752597, 43.752522141603201 ], [ -79.4828988823961, 43.752399469419501 ], [ -79.482915389594893, 43.752210014627202 ], [ -79.482868730431704, 43.750795963905802 ], [ -79.482835171898202, 43.749778048789501 ], [ -79.482786042736507, 43.7482871987661 ], [ -79.482721742485495, 43.747705063007103 ], [ -79.482722186056193, 43.747544310508403 ], [ -79.482733241954193, 43.747353657596001 ], [ -79.482740329431707, 43.747189053573699 ], [ -79.482773069858297, 43.746979249346197 ], [ -79.482810314130205, 43.746823624055097 ], [ -79.482880394022402, 43.746643988444603 ], [ -79.482972636013699, 43.746379168642797 ], [ -79.483081606786897, 43.746229368691097 ], [ -79.483288580890999, 43.745982531955399 ], [ -79.483370238034595, 43.745909481041799 ], [ -79.483490134118895, 43.745801636919303 ], [ -79.483628399658897, 43.745670590180602 ], [ -79.483818668995895, 43.745565294108502 ], [ -79.483914493246004, 43.745486718061997 ], [ -79.483998687389899, 43.745439473522097 ], [ -79.484179294408804, 43.745338694100397 ], [ -79.484350070371306, 43.745273647854802 ], [ -79.484598683079398, 43.745157935047601 ], [ -79.484833266620697, 43.745083688418397 ], [ -79.485009884650296, 43.745036536367799 ], [ -79.486452429214594, 43.744777517554397 ], [ -79.486702174235006, 43.744735313196003 ], [ -79.486900103768406, 43.744707729334401 ], [ -79.4872146965415, 43.744667196493502 ], [ -79.487461314726204, 43.744610687199298 ], [ -79.487675748288694, 43.744563796202698 ], [ -79.488111642388901, 43.744467223356601 ], [ -79.488519064206599, 43.744376703806402 ], [ -79.488678615583297, 43.744341263944399 ], [ -79.489312895191901, 43.744202841349903 ], [ -79.490046278895505, 43.744042802991501 ], [ -79.490901673063703, 43.743856135109397 ], [ -79.491850158218895, 43.7436491427543 ], [ -79.492551608825906, 43.743478572605802 ], [ -79.493424804318096, 43.743286378237997 ], [ -79.494243302068696, 43.743106200074003 ], [ -79.4964428767735, 43.742641511950197 ], [ -79.496477342825997, 43.742634231034302 ], [ -79.497023646025994, 43.742518814977203 ], [ -79.497054135654295, 43.742579024898298 ], [ -79.497178283369394, 43.742746540649399 ], [ -79.497319590703995, 43.742902175060699 ], [ -79.497223359783106, 43.743114790459998 ], [ -79.497222741503506, 43.743329199375196 ], [ -79.497400279169597, 43.743491756479003 ], [ -79.497665852383605, 43.743481779864403 ], [ -79.497884228861693, 43.743597008656103 ], [ -79.4978755557037, 43.7437935860031 ], [ -79.497901620994895, 43.7440199940065 ], [ -79.497847493124894, 43.744219639906902 ], [ -79.497833456789195, 43.744396315446899 ], [ -79.4978487327067, 43.744622426193303 ], [ -79.497906969093407, 43.7448227132464 ], [ -79.4979969910313, 43.745021785660597 ], [ -79.498058567024003, 43.745259436709098 ], [ -79.498020839029294, 43.745497572103602 ], [ -79.497935545319606, 43.7457040673712 ], [ -79.497935805985705, 43.745706227666403 ], [ -79.497922382670097, 43.745746660861101 ], [ -79.497916831320296, 43.745784222811501 ], [ -79.4979158990798, 43.745813737763598 ], [ -79.497915897451193, 43.745860679075797 ], [ -79.497922389170697, 43.745917701861401 ], [ -79.497931638028604, 43.745953922899098 ], [ -79.497951068484895, 43.745982772127803 ], [ -79.497985299308596, 43.746006922983099 ], [ -79.498029711766804, 43.746023017920997 ], [ -79.498145442821894, 43.746055352204003 ], [ -79.498300396964098, 43.746090405324999 ], [ -79.498481126470594, 43.746166477094697 ], [ -79.498760864170293, 43.746240803459202 ], [ -79.499050175084093, 43.746344779202502 ], [ -79.499299283037601, 43.746431138605303 ], [ -79.499348041877994, 43.746448043165202 ], [ -79.499627421798294, 43.7465366163174 ], [ -79.499911135939101, 43.746574592991998 ], [ -79.500204286954002, 43.746629473216501 ], [ -79.500481793879004, 43.746690221543801 ], [ -79.500798550250295, 43.746794570785198 ], [ -79.501099153693104, 43.746886560643802 ], [ -79.501392308104599, 43.746975471388097 ], [ -79.501650560129704, 43.747045677377102 ], [ -79.501929200902495, 43.747123902516101 ], [ -79.502096221267195, 43.7472974158661 ], [ -79.502115114076304, 43.747503642192797 ], [ -79.502212478725397, 43.747674024208798 ], [ -79.502447902926903, 43.747802862691898 ], [ -79.502707912198204, 43.747910934322597 ], [ -79.502951531359599, 43.7479981589888 ], [ -79.503198514604506, 43.748056300140902 ], [ -79.503449584424999, 43.748131893975497 ], [ -79.503622185907901, 43.748285611243098 ], [ -79.503701553051698, 43.748476650304497 ], [ -79.503855406628503, 43.748627874482203 ], [ -79.504062030691699, 43.748751633906799 ], [ -79.504292495712505, 43.748871692566802 ], [ -79.504519251308395, 43.7490223460034 ], [ -79.504736805500301, 43.749152674646702 ], [ -79.504965410725205, 43.749271012788299 ], [ -79.505185325173002, 43.7493916461721 ], [ -79.505396422901299, 43.749495150254397 ], [ -79.505601205394598, 43.749644713417602 ], [ -79.505842721093003, 43.749692866771397 ], [ -79.506086081680706, 43.7496853920739 ], [ -79.5063293259159, 43.749634846101799 ], [ -79.506575918652501, 43.749664095096001 ], [ -79.506763565366398, 43.749780280691901 ], [ -79.506842930127803, 43.749954359253799 ], [ -79.507047819005805, 43.750014123798401 ], [ -79.5072857413723, 43.750000994126196 ], [ -79.507489146562904, 43.750106997157097 ], [ -79.507505117583406, 43.750127896904303 ], [ -79.507513340821305, 43.750152721683598 ], [ -79.507520186634807, 43.750184495481903 ], [ -79.507527045618303, 43.750222219074203 ], [ -79.507536648925097, 43.750260941618599 ], [ -79.507535275728401, 43.750301645150799 ], [ -79.507528438480705, 43.750338379512002 ], [ -79.507521004761003, 43.750371603442602 ], [ -79.507540776248504, 43.750497222930797 ], [ -79.507553113638494, 43.750553803678102 ], [ -79.507546276124202, 43.750588557774201 ], [ -79.507531204987899, 43.750615364350303 ], [ -79.507516144515094, 43.750628264065298 ], [ -79.507480545205198, 43.750635215329297 ], [ -79.507426816567403, 43.750640781576401 ], [ -79.5073265644982, 43.750678512087397 ], [ -79.507263634576702, 43.750786251498504 ], [ -79.507427679233899, 43.750889124700201 ], [ -79.507675152193897, 43.750862905850099 ], [ -79.507903126188296, 43.750809000114899 ], [ -79.508106771437596, 43.750825260026701 ], [ -79.508349055446502, 43.750902913961603 ], [ -79.508589582927797, 43.750936407615299 ], [ -79.508872454966607, 43.750978844678599 ], [ -79.5091131085087, 43.751020852357698 ], [ -79.509251313328903, 43.751022380460498 ], [ -79.5093805990562, 43.751081156774198 ], [ -79.509537318369496, 43.751161695561798 ], [ -79.509655549997106, 43.751277540104503 ], [ -79.509738529460293, 43.751471950018797 ], [ -79.5098436162626, 43.751689329029702 ], [ -79.509907722614003, 43.751885450659003 ], [ -79.509936327200904, 43.752078631944798 ], [ -79.509982305466195, 43.752279786764298 ], [ -79.510025428699706, 43.752485190374998 ], [ -79.509960761222004, 43.752655516730499 ], [ -79.509852514993696, 43.752796844944797 ], [ -79.509751832957505, 43.7529524753133 ], [ -79.509615864103907, 43.752983639983398 ], [ -79.509458533999194, 43.752998046028502 ], [ -79.509350515938607, 43.753101028632798 ], [ -79.509459312667104, 43.753211401381698 ], [ -79.509495342033105, 43.753324444447998 ], [ -79.509625000424194, 43.753429099538899 ], [ -79.509615348847802, 43.753488265228 ], [ -79.509606764142902, 43.753540913958403 ], [ -79.509683166610898, 43.753667626378302 ], [ -79.509656738866497, 43.753806166051099 ], [ -79.509448499676495, 43.753861099762403 ], [ -79.5092297018968, 43.753896564356502 ], [ -79.509010896867906, 43.7538854383331 ], [ -79.508823497418305, 43.753878711056402 ], [ -79.5086595880163, 43.753925871865398 ], [ -79.508485624571804, 43.7540064726347 ], [ -79.508273161355206, 43.754060216358198 ], [ -79.508081309848507, 43.754101365555798 ], [ -79.508000357158593, 43.754193543510702 ], [ -79.507960403303997, 43.754341075920202 ], [ -79.507924536504106, 43.754501659763903 ], [ -79.507890654770407, 43.754649830804802 ], [ -79.507830707107999, 43.7547964464137 ], [ -79.5076405150146, 43.755115029613897 ], [ -79.507548023749706, 43.755305582068402 ], [ -79.507446724465197, 43.755472677901402 ], [ -79.507318835749302, 43.755628478845701 ], [ -79.507154324722507, 43.755783309811903 ], [ -79.5069145352563, 43.7558499604134 ], [ -79.506817329234593, 43.755998494962199 ], [ -79.506666602087193, 43.756281411383803 ], [ -79.506494998621903, 43.756339469963102 ], [ -79.506259792953102, 43.7563287626649 ], [ -79.506073787538099, 43.7564257515618 ], [ -79.506239333883897, 43.756510407871701 ], [ -79.506669749725404, 43.756668912583699 ], [ -79.506750918064697, 43.7567901538904 ], [ -79.506695873639401, 43.756850852172903 ], [ -79.506643226257907, 43.756914988744697 ], [ -79.506596886456194, 43.756970717813502 ], [ -79.506557922434098, 43.757019578529999 ], [ -79.506530543281201, 43.757053928648901 ], [ -79.506505274424796, 43.7570806456296 ], [ -79.506473672244397, 43.757108893166297 ], [ -79.506437872395296, 43.757135619728999 ], [ -79.506390486635098, 43.7571684497373 ], [ -79.506336779522996, 43.757198984772302 ], [ -79.506294658098795, 43.757221895134499 ], [ -79.506253579326895, 43.757240223817099 ], [ -79.506212513026696, 43.757259308584402 ], [ -79.506163014238297, 43.757276107488998 ], [ -79.506122207855796, 43.757287154144997 ], [ -79.506025655862402, 43.757313199725097 ], [ -79.505923950687404, 43.757345582330103 ], [ -79.505866020552503, 43.757373074958799 ], [ -79.505812312917499, 43.757402853646198 ], [ -79.505770191296406, 43.757427285015801 ], [ -79.505713329740203, 43.757462401522403 ], [ -79.505672252356604, 43.7574990474209 ], [ -79.505623935960898, 43.757547557231703 ], [ -79.505567300372505, 43.757611054411598 ], [ -79.505527863119497, 43.757659176696798 ], [ -79.5054929832922, 43.757705453504798 ], [ -79.505453832657906, 43.757765799368002 ], [ -79.505405829366296, 43.757847937520602 ], [ -79.505378177878697, 43.757903656199602 ], [ -79.5053538291791, 43.757953262907897 ], [ -79.505320602240403, 43.758016470824003 ], [ -79.505284407755795, 43.758086591781698 ], [ -79.505252819343298, 43.758142877685003 ], [ -79.505220597572205, 43.758199838697301 ], [ -79.505184984949807, 43.758251498152397 ], [ -79.505137661950698, 43.758310422083802 ], [ -79.505084043030905, 43.758375431080097 ], [ -79.504998933774601, 43.758487904709298 ], [ -79.504993247974099, 43.758512334188502 ], [ -79.504992592630202, 43.758546673758197 ], [ -79.505135047178499, 43.759247149034401 ], [ -79.505189481742704, 43.759414766718599 ], [ -79.505249372205796, 43.759623807591502 ], [ -79.505287471776995, 43.759740155198003 ], [ -79.5052879181885, 43.7598734897798 ], [ -79.504882552597195, 43.759963978757 ], [ -79.504903850821904, 43.7601084199081 ], [ -79.504932733491302, 43.760206648627303 ], [ -79.504951442057305, 43.760270268212501 ], [ -79.504937308421603, 43.760414386836402 ], [ -79.504974590315996, 43.760556054905798 ], [ -79.505160114622797, 43.760616273623299 ], [ -79.505350861224102, 43.760602403024599 ], [ -79.505536659325699, 43.760663161188802 ], [ -79.505717093762001, 43.7606050496439 ], [ -79.505917274995298, 43.760552031464798 ], [ -79.506056129681596, 43.760623412606499 ], [ -79.505903379226197, 43.760692567716298 ], [ -79.505998149244405, 43.7608000099493 ], [ -79.506214746706505, 43.760842754014199 ], [ -79.506344631486897, 43.760757226602898 ], [ -79.506533016879501, 43.760727611086899 ], [ -79.5067031541153, 43.760662054592501 ], [ -79.506845488751296, 43.760745307135103 ], [ -79.507001598825198, 43.760845750922797 ], [ -79.507203033882803, 43.7607911012025 ], [ -79.507395883456098, 43.760809892365501 ], [ -79.507447330626306, 43.7609609289361 ], [ -79.507424375784097, 43.761130521781503 ], [ -79.507443151656702, 43.761312722568803 ], [ -79.507600523275698, 43.761450331342203 ], [ -79.507779740459299, 43.761579936356803 ], [ -79.508012614326901, 43.761643540647597 ], [ -79.508175190091293, 43.761676653496998 ], [ -79.508231825201804, 43.761782980433701 ], [ -79.508256422216405, 43.7618291367369 ], [ -79.508245165424896, 43.761885421959697 ], [ -79.508237173004503, 43.761927476072302 ], [ -79.508222908124296, 43.761965390090303 ], [ -79.508221333395795, 43.761984058661099 ], [ -79.508220019055898, 43.761999648807802 ], [ -79.508237389868299, 43.762059766470401 ], [ -79.5082692292589, 43.762117785807902 ], [ -79.508303006461503, 43.762177911272303 ], [ -79.508327117773206, 43.762212861117703 ], [ -79.508360875170396, 43.7622191504813 ], [ -79.508407173747798, 43.762206563429203 ], [ -79.508467753283597, 43.762182786828902 ], [ -79.5084965312533, 43.762195008301802 ], [ -79.508631670730793, 43.762206528693397 ], [ -79.508697878095305, 43.762281134492198 ], [ -79.5086990956314, 43.762283978773802 ], [ -79.508761239732294, 43.762428560050203 ], [ -79.508687981936205, 43.762554411196497 ], [ -79.508499957338799, 43.762621412144703 ], [ -79.508278158468201, 43.762654723803102 ], [ -79.508130620381806, 43.7627142322183 ], [ -79.508152085212302, 43.762740388129203 ], [ -79.508194592587003, 43.762792177900103 ], [ -79.508382735861503, 43.762768320120799 ], [ -79.508466206911194, 43.7628423937091 ], [ -79.508454564818905, 43.762984775289802 ], [ -79.508454056482606, 43.762990986143897 ], [ -79.508402412329104, 43.763149077731697 ], [ -79.5082264410931, 43.763276736307603 ], [ -79.508031469840105, 43.763334906816198 ], [ -79.507831753449494, 43.763295018432302 ], [ -79.507629923969006, 43.763239521789203 ], [ -79.5074499726921, 43.763236644280603 ], [ -79.507379936486302, 43.763331278259002 ], [ -79.507362443916406, 43.763489610189303 ], [ -79.507309056436398, 43.763637557049201 ], [ -79.507312675844901, 43.763782322829996 ], [ -79.5073046207564, 43.763929222633799 ], [ -79.507255578073298, 43.764063343364697 ], [ -79.507171387493202, 43.764205855383103 ], [ -79.5072146329411, 43.764403419587602 ], [ -79.507213362779495, 43.764479200610403 ], [ -79.507211426755006, 43.7645951539441 ], [ -79.507383203393303, 43.764749054164199 ], [ -79.507461101558704, 43.764941125293099 ], [ -79.507610780561095, 43.765065799770902 ], [ -79.507785548175903, 43.765183676452899 ], [ -79.507969507840997, 43.765304369593999 ], [ -79.508173576877795, 43.765426492187601 ], [ -79.508388336446302, 43.765518675708002 ], [ -79.508585449504906, 43.765625586079302 ], [ -79.508699868392895, 43.765731053243201 ], [ -79.508890524300199, 43.765755368758697 ], [ -79.509020331407697, 43.7658514821766 ], [ -79.509069415845204, 43.766010160070202 ], [ -79.5091152691964, 43.766155453444 ], [ -79.509255642808398, 43.766302764445697 ], [ -79.509330191949502, 43.766472340576101 ], [ -79.509292455622202, 43.766614391234903 ], [ -79.509333716073201, 43.7667706483129 ], [ -79.509498661916993, 43.7668541746499 ], [ -79.509912871437194, 43.766752696208599 ], [ -79.509847572620004, 43.766955759408901 ], [ -79.509856162464999, 43.767075321301398 ], [ -79.510008328246897, 43.767154131383101 ], [ -79.510352491684301, 43.767153668671803 ], [ -79.5103342536909, 43.7672718557709 ], [ -79.510159383782806, 43.767275561930703 ], [ -79.510052949719494, 43.767341468954399 ], [ -79.510133575159998, 43.7675052832425 ], [ -79.510301392591799, 43.767584541598197 ], [ -79.510390435603895, 43.767505881261599 ], [ -79.510514641720306, 43.767500100148901 ], [ -79.510653152368505, 43.767611170836297 ], [ -79.510769685453496, 43.7677593912791 ], [ -79.510935152054799, 43.767880189347402 ], [ -79.510984860619502, 43.7680190007083 ], [ -79.510961412240903, 43.768166685240999 ], [ -79.511177034455002, 43.768213326450102 ], [ -79.511335791884207, 43.768313124843701 ], [ -79.511357434679297, 43.768474126707503 ], [ -79.511266170826801, 43.768633213496301 ], [ -79.511234152821203, 43.768783005188197 ], [ -79.511441082487494, 43.768828161554403 ], [ -79.511644045559294, 43.768849563851703 ], [ -79.511742808831897, 43.768933363677903 ], [ -79.511841197661695, 43.7690695412861 ], [ -79.511900722444693, 43.769210853528399 ], [ -79.511990515667705, 43.7691553789127 ], [ -79.512206898140306, 43.769193277951601 ], [ -79.512321562608406, 43.769341785008002 ], [ -79.512186233135694, 43.769639468307702 ], [ -79.512253215701904, 43.769798880914898 ], [ -79.512459926396602, 43.7699055134592 ], [ -79.512923371810601, 43.770010055618698 ], [ -79.513156012950802, 43.770027860399402 ], [ -79.513395614937707, 43.770067239700303 ], [ -79.513629146174097, 43.770119508900997 ], [ -79.5138825305891, 43.770133601244197 ], [ -79.5143090185597, 43.769994588552002 ], [ -79.514352000255798, 43.769960405711998 ], [ -79.514483627520903, 43.769855750479501 ], [ -79.514623930807801, 43.769675808175897 ], [ -79.514955386769003, 43.769465389874 ], [ -79.515167563525594, 43.769609731726398 ], [ -79.515141136612399, 43.769729180792197 ], [ -79.515218428926204, 43.769857824285502 ], [ -79.515363669257098, 43.770000446431801 ], [ -79.515537569951505, 43.770013915680799 ], [ -79.515599639591201, 43.769921195152101 ], [ -79.515742105840502, 43.769949259276302 ], [ -79.515876647915903, 43.770025921652397 ], [ -79.516016002612204, 43.769982624573998 ], [ -79.516190537169393, 43.770089245870899 ], [ -79.5162242974083, 43.770132563724502 ], [ -79.516324606766304, 43.770252256026303 ], [ -79.516500412104406, 43.770413063716198 ], [ -79.516703674229007, 43.770590636303901 ], [ -79.516847609208796, 43.770931678547299 ], [ -79.516729002197494, 43.770994704163499 ], [ -79.516828285826094, 43.771124396455598 ], [ -79.5169886728346, 43.7712599123507 ], [ -79.5170587797232, 43.771434722633202 ], [ -79.517017228380496, 43.771649046678803 ], [ -79.517027456531096, 43.771842498288599 ], [ -79.517172696882994, 43.771953379964202 ], [ -79.517356308435197, 43.772064840708502 ], [ -79.517584652812303, 43.7721820190256 ], [ -79.517825151093703, 43.772272812564097 ], [ -79.518080210653096, 43.772412461634602 ], [ -79.518191822131797, 43.772624781482101 ], [ -79.518146170186895, 43.772823804560801 ], [ -79.518361079500806, 43.772862835306199 ], [ -79.518701246766696, 43.773088160385598 ], [ -79.518827000286294, 43.773229098018398 ], [ -79.518894131552599, 43.773397507775101 ], [ -79.518930955497396, 43.773571944291803 ], [ -79.518694143163899, 43.7737715571309 ], [ -79.518588327776897, 43.773836562808803 ], [ -79.518547755547004, 43.773950983221297 ], [ -79.518619833920297, 43.774089328421503 ], [ -79.518732390870298, 43.774130805403203 ], [ -79.518822666263105, 43.774025089882699 ], [ -79.519007362212193, 43.7739615830952 ], [ -79.519145865142406, 43.773991380840698 ], [ -79.519274454388594, 43.774056689689402 ], [ -79.519427155821603, 43.774123992555602 ], [ -79.519633531036206, 43.774259775877802 ], [ -79.519861629011103, 43.774344446434903 ], [ -79.520127227868599, 43.7743854632878 ], [ -79.520379783436994, 43.774425302696898 ], [ -79.520555837735401, 43.774520197456397 ], [ -79.520719967095602, 43.774614518031001 ], [ -79.520858395498095, 43.774744766709901 ], [ -79.521033591657897, 43.774867402473703 ], [ -79.521208786351394, 43.774983863167897 ], [ -79.521354148083802, 43.775043675841601 ], [ -79.521735455372095, 43.775470754195098 ], [ -79.521616001686795, 43.7755045222112 ], [ -79.521333930037798, 43.775548095835099 ], [ -79.521101543445297, 43.775615395667998 ], [ -79.520793806586198, 43.775695868461597 ], [ -79.520571873584601, 43.775748844463003 ], [ -79.520397523657195, 43.775781630943598 ], [ -79.520154443341298, 43.775823709497502 ], [ -79.519943884234607, 43.7758645667069 ], [ -79.519595522025995, 43.7759037010116 ], [ -79.519274440980794, 43.775948743420798 ], [ -79.519005826756597, 43.775977340091998 ], [ -79.5187532541932, 43.7760203533634 ], [ -79.517010763625194, 43.776362445127099 ], [ -79.511092590365394, 43.777718189505798 ], [ -79.508962892488199, 43.778197004018203 ], [ -79.504339154684004, 43.779236447820601 ], [ -79.501695105695106, 43.779866499601802 ], [ -79.498771957786204, 43.780562970023396 ], [ -79.497370507330004, 43.780896790219501 ], [ -79.494506359523797, 43.781579074956802 ], [ -79.490127376859107, 43.782574785183201 ], [ -79.487305577216901, 43.7832181609663 ], [ -79.484460624541796, 43.783894480081997 ], [ -79.481057792775999, 43.784700208743701 ], [ -79.474757677179895, 43.786183982317802 ], [ -79.474715528820894, 43.786193910267002 ], [ -79.470089674212304, 43.787283201088201 ], [ -79.470070960646197, 43.786788781285601 ], [ -79.470069719582796, 43.786462246392503 ], [ -79.470072855636303, 43.786103479520698 ], [ -79.470142739556806, 43.784040101563001 ], [ -79.470149523399201, 43.783839818743999 ], [ -79.470180731272293, 43.782917911004098 ], [ -79.470184278674296, 43.782729661839497 ], [ -79.4701804136958, 43.782632007332097 ], [ -79.4701614799596, 43.7824067845578 ], [ -79.470119448620494, 43.782185561248298 ], [ -79.470075543793499, 43.781959962863802 ], [ -79.4700417641683, 43.781784944589603 ], [ -79.469819729718395, 43.780843752490199 ], [ -79.4691208241764, 43.777943518940504 ], [ -79.468468428405302, 43.775193863953803 ] ] ] ] } },
{ "type": "Feature", "properties": { "_id": 25, "AREA_ID": 2502240.0, "DATE_EFFECTIVE": "2022-04-11T21:27:23", "DATE_EXPIRY": "3000/01/01 05:00:00", "AREA_ATTR_ID": 26022755.0, "AREA_TYPE_ID": 602.0, "PARENT_AREA_ID": null, "AREA_TYPE": "CNBH", "AREA_CLASS_ID": null, "AREA_CLASS": "None", "AREA_SHORT_CODE": "025", "AREA_LONG_CODE": "025", "AREA_NAME": "Glenfield-Jane Heights", "AREA_DESC": "Glenfield-Jane Heights (25)", "FEATURE_CODE": null, "FEATURE_CODE_DESC": "None", "TRANS_ID_CREATE": 344709.0, "TRANS_ID_EXPIRE": -1.0, "OBJECTID": 17826753 }, "geometry": { "type": "MultiPolygon", "coordinates": [ [ [ [ -79.506073787538099, 43.7564257515618 ], [ -79.506259792953102, 43.7563287626649 ], [ -79.506494998621903, 43.756339469963102 ], [ -79.506666602087193, 43.756281411383803 ], [ -79.506817329234593, 43.755998494962199 ], [ -79.5069145352563, 43.7558499604134 ], [ -79.507154324722507, 43.755783309811903 ], [ -79.507318835749302, 43.755628478845701 ], [ -79.507446724465197, 43.755472677901402 ], [ -79.507548023749706, 43.755305582068402 ], [ -79.5076405150146, 43.755115029613897 ], [ -79.507830707107999, 43.7547964464137 ], [ -79.507890654770407, 43.754649830804802 ], [ -79.507924536504106, 43.754501659763903 ], [ -79.507960403303997, 43.754341075920202 ], [ -79.508000357158593, 43.754193543510702 ], [ -79.508081309848507, 43.754101365555798 ], [ -79.508273161355206, 43.754060216358198 ], [ -79.508485624571804, 43.7540064726347 ], [ -79.5086595880163, 43.753925871865398 ], [ -79.508823497418305, 43.753878711056402 ], [ -79.509010896867906, 43.7538854383331 ], [ -79.5092297018968, 43.753896564356502 ], [ -79.509448499676495, 43.753861099762403 ], [ -79.509656738866497, 43.753806166051099 ], [ -79.509683166610898, 43.753667626378302 ], [ -79.509606764142902, 43.753540913958403 ], [ -79.509615348847802, 43.753488265228 ], [ -79.509625000424194, 43.753429099538899 ], [ -79.509495342033105, 43.753324444447998 ], [ -79.509459312667104, 43.753211401381698 ], [ -79.509350515938607, 43.753101028632798 ], [ -79.509458533999194, 43.752998046028502 ], [ -79.509615864103907, 43.752983639983398 ], [ -79.509751832957505, 43.7529524753133 ], [ -79.509852514993696, 43.752796844944797 ], [ -79.509960761222004, 43.752655516730499 ], [ -79.510025428699706, 43.752485190374998 ], [ -79.509982305466195, 43.752279786764298 ], [ -79.509936327200904, 43.752078631944798 ], [ -79.509907722614003, 43.751885450659003 ], [ -79.5098436162626, 43.751689329029702 ], [ -79.509738529460293, 43.751471950018797 ], [ -79.509655549997106, 43.751277540104503 ], [ -79.509537318369496, 43.751161695561798 ], [ -79.5093805990562, 43.751081156774198 ], [ -79.509251313328903, 43.751022380460498 ], [ -79.5091131085087, 43.751020852357698 ], [ -79.508872454966607, 43.750978844678599 ], [ -79.508589582927797, 43.750936407615299 ], [ -79.508349055446502, 43.750902913961603 ], [ -79.508106771437596, 43.750825260026701 ], [ -79.507903126188296, 43.750809000114899 ], [ -79.507675152193897, 43.750862905850099 ], [ -79.507427679233899, 43.750889124700201 ], [ -79.507263634576702, 43.750786251498504 ], [ -79.5073265644982, 43.750678512087397 ], [ -79.507426816567403, 43.750640781576401 ], [ -79.507480545205198, 43.750635215329297 ], [ -79.507516144515094, 43.750628264065298 ], [ -79.507531204987899, 43.750615364350303 ], [ -79.507546276124202, 43.750588557774201 ], [ -79.507553113638494, 43.750553803678102 ], [ -79.507540776248504, 43.750497222930797 ], [ -79.507521004761003, 43.750371603442602 ], [ -79.507528438480705, 43.750338379512002 ], [ -79.507535275728401, 43.750301645150799 ], [ -79.507536648925097, 43.750260941618599 ], [ -79.507527045618303, 43.750222219074203 ], [ -79.507520186634807, 43.750184495481903 ], [ -79.507513340821305, 43.750152721683598 ], [ -79.507505117583406, 43.750127896904303 ], [ -79.507489146562904, 43.750106997157097 ], [ -79.5072857413723, 43.750000994126196 ], [ -79.507047819005805, 43.750014123798401 ], [ -79.506842930127803, 43.749954359253799 ], [ -79.506763565366398, 43.749780280691901 ], [ -79.506575918652501, 43.749664095096001 ], [ -79.5063293259159, 43.749634846101799 ], [ -79.506086081680706, 43.7496853920739 ], [ -79.505842721093003, 43.749692866771397 ], [ -79.505601205394598, 43.749644713417602 ], [ -79.505396422901299, 43.749495150254397 ], [ -79.505185325173002, 43.7493916461721 ], [ -79.504965410725205, 43.749271012788299 ], [ -79.504736805500301, 43.749152674646702 ], [ -79.504519251308395, 43.7490223460034 ], [ -79.504292495712505, 43.748871692566802 ], [ -79.504062030691699, 43.748751633906799 ], [ -79.503855406628503, 43.748627874482203 ], [ -79.503701553051698, 43.748476650304497 ], [ -79.503622185907901, 43.748285611243098 ], [ -79.503449584424999, 43.748131893975497 ], [ -79.503198514604506, 43.748056300140902 ], [ -79.502951531359599, 43.7479981589888 ], [ -79.502707912198204, 43.747910934322597 ], [ -79.502447902926903, 43.747802862691898 ], [ -79.502212478725397, 43.747674024208798 ], [ -79.502115114076304, 43.747503642192797 ], [ -79.502096221267195, 43.7472974158661 ], [ -79.501929200902495, 43.747123902516101 ], [ -79.501650560129704, 43.747045677377102 ], [ -79.501392308104599, 43.746975471388097 ], [ -79.501099153693104, 43.746886560643802 ], [ -79.500798550250295, 43.746794570785198 ], [ -79.500481793879004, 43.746690221543801 ], [ -79.500204286954002, 43.746629473216501 ], [ -79.499911135939101, 43.746574592991998 ], [ -79.499627421798294, 43.7465366163174 ], [ -79.499348041877994, 43.746448043165202 ], [ -79.499299283037601, 43.746431138605303 ], [ -79.499050175084093, 43.746344779202502 ], [ -79.498760864170293, 43.746240803459202 ], [ -79.498481126470594, 43.746166477094697 ], [ -79.498300396964098, 43.746090405324999 ], [ -79.498145442821894, 43.746055352204003 ], [ -79.498029711766804, 43.746023017920997 ], [ -79.497985299308596, 43.746006922983099 ], [ -79.497951068484895, 43.745982772127803 ], [ -79.497931638028604, 43.745953922899098 ], [ -79.497922389170697, 43.745917701861401 ], [ -79.497915897451193, 43.745860679075797 ], [ -79.4979158990798, 43.745813737763598 ], [ -79.497916831320296, 43.745784222811501 ], [ -79.497922382670097, 43.745746660861101 ], [ -79.497935805985705, 43.745706227666403 ], [ -79.497935545319606, 43.7457040673712 ], [ -79.498020839029294, 43.745497572103602 ], [ -79.498058567024003, 43.745259436709098 ], [ -79.4979969910313, 43.745021785660597 ], [ -79.497906969093407, 43.7448227132464 ], [ -79.4978487327067, 43.744622426193303 ], [ -79.497833456789195, 43.744396315446899 ], [ -79.497847493124894, 43.744219639906902 ], [ -79.497901620994895, 43.7440199940065 ], [ -79.4978755557037, 43.7437935860031 ], [ -79.497884228861693, 43.743597008656103 ], [ -79.497665852383605, 43.743481779864403 ], [ -79.497400279169597, 43.743491756479003 ], [ -79.497222741503506, 43.743329199375196 ], [ -79.497223359783106, 43.743114790459998 ], [ -79.497319590703995, 43.742902175060699 ], [ -79.497178283369394, 43.742746540649399 ], [ -79.497054135654295, 43.742579024898298 ], [ -79.497023646025994, 43.742518814977203 ], [ -79.496936944583595, 43.742347591560097 ], [ -79.496860587088605, 43.742150291833198 ], [ -79.496933228118294, 43.741943967923198 ], [ -79.4970129342409, 43.741712737777299 ], [ -79.497007707459503, 43.741461585680497 ], [ -79.496921542777997, 43.741264357716297 ], [ -79.496762251151395, 43.7410989109326 ], [ -79.496578748025399, 43.740980899619501 ], [ -79.496414367371102, 43.740823724310097 ], [ -79.496362855159205, 43.740644499421599 ], [ -79.496311815476105, 43.7404579925335 ], [ -79.496233104158705, 43.740251303974297 ], [ -79.496146185064703, 43.7400754892601 ], [ -79.4959993111964, 43.7399481169561 ], [ -79.495825250447396, 43.739801732894399 ], [ -79.495637518420295, 43.739700273132598 ], [ -79.495428204663597, 43.739667068452299 ], [ -79.495283943723706, 43.739498001671699 ], [ -79.494773300180995, 43.739274659178697 ], [ -79.494652756582994, 43.739080740300601 ], [ -79.494720175668306, 43.738865155184598 ], [ -79.494709863402804, 43.738673878749303 ], [ -79.494661699891907, 43.7384697107953 ], [ -79.494557908125699, 43.738248536869399 ], [ -79.494369950055301, 43.738116740867198 ], [ -79.494230412658098, 43.737825724374702 ], [ -79.494274241834304, 43.737765670418099 ], [ -79.494304031752307, 43.737687820326798 ], [ -79.494382255539307, 43.737557999553303 ], [ -79.494487045804604, 43.737430367305102 ], [ -79.494550998383602, 43.737232613483897 ], [ -79.494532633741599, 43.737000011972803 ], [ -79.494409235168106, 43.736859946950702 ], [ -79.494376861912599, 43.736823202363801 ], [ -79.494392270538498, 43.736664520529203 ], [ -79.494543742277799, 43.736479084621799 ], [ -79.494659708369497, 43.7362928637476 ], [ -79.494849157985499, 43.736199331705897 ], [ -79.495045955972898, 43.7361089230928 ], [ -79.495094133908594, 43.735977165226302 ], [ -79.495158710945603, 43.735842950697403 ], [ -79.495205892226195, 43.735749591967199 ], [ -79.495200699123203, 43.735644106376697 ], [ -79.495209906793804, 43.735533661712601 ], [ -79.4950893883384, 43.735410474809797 ], [ -79.495014804101999, 43.735266388940602 ], [ -79.495231788650102, 43.735273770203399 ], [ -79.495460561900302, 43.735343359002997 ], [ -79.495699263807495, 43.7352832940445 ], [ -79.495883745974993, 43.735146473182503 ], [ -79.496031333410897, 43.735002089713198 ], [ -79.496203150766206, 43.734880290937497 ], [ -79.496270261268194, 43.734870733843202 ], [ -79.496469556737793, 43.734842386305203 ], [ -79.496774695907305, 43.734767145058001 ], [ -79.496913033659396, 43.734830265487602 ], [ -79.496973017736295, 43.7348335345376 ], [ -79.497027937359903, 43.7348280002237 ], [ -79.497064571703106, 43.734812510057303 ], [ -79.497085925258901, 43.734780430227602 ], [ -79.497117967088698, 43.734750555964602 ], [ -79.497148493651196, 43.7347361817692 ], [ -79.497203425840496, 43.734725129618496 ], [ -79.497261411636103, 43.7347184881163 ], [ -79.497299547391194, 43.734715167570499 ], [ -79.497363652797503, 43.734718499521399 ], [ -79.4974185719948, 43.734719607926003 ], [ -79.497456719734402, 43.7347262426862 ], [ -79.497491813145302, 43.734745065029202 ], [ -79.497517744997097, 43.734766083462603 ], [ -79.497534527741607, 43.734788208843902 ], [ -79.497560483556299, 43.7348313612871 ], [ -79.497577266022503, 43.734861236718999 ], [ -79.497594048903807, 43.7348811567905 ], [ -79.497629551842195, 43.734906748022603 ], [ -79.497781310065093, 43.734977113665501 ], [ -79.497953756199607, 43.734876303133099 ], [ -79.497942353238102, 43.7347164321204 ], [ -79.497946068154306, 43.734624268613203 ], [ -79.4980321110163, 43.734562611713997 ], [ -79.498165101569995, 43.734548797040901 ], [ -79.498219201508803, 43.7345431811301 ], [ -79.498463021460097, 43.734598650236997 ], [ -79.498573128074497, 43.734799217027103 ], [ -79.498727332078403, 43.734898079332702 ], [ -79.498883501742, 43.734795547979203 ], [ -79.499036082891706, 43.734715186404898 ], [ -79.499185560154203, 43.734634815602497 ], [ -79.4993494245509, 43.734570736909397 ], [ -79.499510694054806, 43.7345116086451 ], [ -79.499682638963506, 43.734493003712899 ], [ -79.499884004723299, 43.734446845795503 ], [ -79.500077425292204, 43.734396168911999 ], [ -79.500283371056, 43.734332610912197 ], [ -79.500487714898597, 43.7342567298655 ], [ -79.500707811572696, 43.7341983377435 ], [ -79.500937355854603, 43.734211918945803 ], [ -79.501086956824295, 43.734317511034902 ], [ -79.501190007452607, 43.734481548396303 ], [ -79.501356740174103, 43.734562557593499 ], [ -79.501493289541401, 43.734419517371499 ], [ -79.501680116137194, 43.734341393115798 ], [ -79.501862862599197, 43.7344086114581 ], [ -79.501976839466593, 43.7345644208064 ], [ -79.502082119012996, 43.734484776069202 ], [ -79.502121564190304, 43.734310511560402 ], [ -79.502293866200404, 43.734252180270602 ], [ -79.502565989481695, 43.734241445020899 ], [ -79.502795909486494, 43.734313557472298 ], [ -79.502921928751206, 43.734442469915102 ], [ -79.503059492587397, 43.734553712496599 ], [ -79.503293019882605, 43.7344990685515 ], [ -79.503519823213693, 43.734526074478502 ], [ -79.503768582833999, 43.734487640303698 ], [ -79.5040333800806, 43.7344374854232 ], [ -79.504289227810105, 43.734405854793103 ], [ -79.504545449226796, 43.734394593355503 ], [ -79.504802927146997, 43.734418355070702 ], [ -79.505054684977907, 43.7344718925224 ], [ -79.5052985066377, 43.734478461377897 ], [ -79.505537832407299, 43.734462058796403 ], [ -79.505789228750004, 43.734491480356603 ], [ -79.506046335675293, 43.734520360988199 ], [ -79.506309758536702, 43.7345208058127 ], [ -79.506510736700093, 43.734495240054201 ], [ -79.506730829105805, 43.734443191204399 ], [ -79.506951168251902, 43.734381150551698 ], [ -79.5071227440462, 43.734308248039703 ], [ -79.507253219236304, 43.734252063166402 ], [ -79.507392256014398, 43.734165732474999 ], [ -79.507581073079194, 43.734090019772502 ], [ -79.507760827788502, 43.734015747569401 ], [ -79.507929277203104, 43.733972530108097 ], [ -79.508144069122295, 43.733945097261802 ], [ -79.508356845349994, 43.733885556774197 ], [ -79.508590973392302, 43.733830118847798 ], [ -79.508842615232098, 43.733764102643001 ], [ -79.509097347210499, 43.7336959343437 ], [ -79.509306029621001, 43.733665673412503 ], [ -79.509535079021006, 43.733612097218 ], [ -79.509667867535697, 43.733452206218999 ], [ -79.509866467557799, 43.7333380626524 ], [ -79.510114146464005, 43.733348644453599 ], [ -79.510385896140704, 43.733362752015701 ], [ -79.510625103512695, 43.733271367543601 ], [ -79.510838953077098, 43.7331329895528 ], [ -79.511010240359695, 43.733021150894402 ], [ -79.511249933787497, 43.732952394156598 ], [ -79.511540648076604, 43.732892479985203 ], [ -79.511923889020494, 43.734567632472803 ], [ -79.512245835696206, 43.735930006170101 ], [ -79.512311212405905, 43.736190026559399 ], [ -79.512449150880997, 43.736688112420602 ], [ -79.513221023395005, 43.739389328688098 ], [ -79.516694192981703, 43.738593058212302 ], [ -79.520134387634997, 43.7378066792608 ], [ -79.522374680128905, 43.737295974312602 ], [ -79.523799047028206, 43.736965035647003 ], [ -79.525852448561494, 43.736498686262202 ], [ -79.526280116036801, 43.736401582528799 ], [ -79.527205577911303, 43.7403817964355 ], [ -79.528126603828895, 43.744251520269799 ], [ -79.5285929874007, 43.746270565262499 ], [ -79.529075316763198, 43.748358597827497 ], [ -79.529091204242604, 43.748423195442598 ], [ -79.530035195923901, 43.752261199352397 ], [ -79.530549477683294, 43.754450577573301 ], [ -79.530563950069805, 43.754509990603502 ], [ -79.530419420323497, 43.754541695369802 ], [ -79.528528885192102, 43.7549564539407 ], [ -79.526906046497402, 43.755312475721098 ], [ -79.524287100586506, 43.755928554929604 ], [ -79.522508246955695, 43.756348338714503 ], [ -79.520702420337301, 43.756732130905 ], [ -79.519550483692299, 43.757005105897903 ], [ -79.519332341021496, 43.757048069690697 ], [ -79.5189671249572, 43.7571300507337 ], [ -79.518564338895601, 43.757162854201397 ], [ -79.5180781782434, 43.757209594311803 ], [ -79.517731818997902, 43.757234824904899 ], [ -79.516959987903803, 43.757310642065903 ], [ -79.516790320392204, 43.757338795841697 ], [ -79.516445779184394, 43.757386687271797 ], [ -79.516289934591697, 43.757420167020399 ], [ -79.516161941536097, 43.757441446006197 ], [ -79.516010267778697, 43.757469200025199 ], [ -79.515823774997898, 43.7575083001704 ], [ -79.5156060760157, 43.757555541353597 ], [ -79.515363107107305, 43.757612155761798 ], [ -79.513445541580793, 43.758059045541899 ], [ -79.509554197130299, 43.758911588759602 ], [ -79.508874767786295, 43.7590672380976 ], [ -79.507930520191806, 43.759283561087699 ], [ -79.5052879181885, 43.7598734897798 ], [ -79.505287471776995, 43.759740155198003 ], [ -79.505249372205796, 43.759623807591502 ], [ -79.505189481742704, 43.759414766718599 ], [ -79.505135047178499, 43.759247149034401 ], [ -79.504992592630202, 43.758546673758197 ], [ -79.504993247974099, 43.758512334188502 ], [ -79.504998933774601, 43.758487904709298 ], [ -79.505084043030905, 43.758375431080097 ], [ -79.505137661950698, 43.758310422083802 ], [ -79.505184984949807, 43.758251498152397 ], [ -79.505220597572205, 43.758199838697301 ], [ -79.505252819343298, 43.758142877685003 ], [ -79.505284407755795, 43.758086591781698 ], [ -79.505320602240403, 43.758016470824003 ], [ -79.5053538291791, 43.757953262907897 ], [ -79.505378177878697, 43.757903656199602 ], [ -79.505405829366296, 43.757847937520602 ], [ -79.505453832657906, 43.757765799368002 ], [ -79.5054929832922, 43.757705453504798 ], [ -79.505527863119497, 43.757659176696798 ], [ -79.505567300372505, 43.757611054411598 ], [ -79.505623935960898, 43.757547557231703 ], [ -79.505672252356604, 43.7574990474209 ], [ -79.505713329740203, 43.757462401522403 ], [ -79.505770191296406, 43.757427285015801 ], [ -79.505812312917499, 43.757402853646198 ], [ -79.505866020552503, 43.757373074958799 ], [ -79.505923950687404, 43.757345582330103 ], [ -79.506025655862402, 43.757313199725097 ], [ -79.506122207855796, 43.757287154144997 ], [ -79.506163014238297, 43.757276107488998 ], [ -79.506212513026696, 43.757259308584402 ], [ -79.506253579326895, 43.757240223817099 ], [ -79.506294658098795, 43.757221895134499 ], [ -79.506336779522996, 43.757198984772302 ], [ -79.506390486635098, 43.7571684497373 ], [ -79.506437872395296, 43.757135619728999 ], [ -79.506473672244397, 43.757108893166297 ], [ -79.506505274424796, 43.7570806456296 ], [ -79.506530543281201, 43.757053928648901 ], [ -79.506557922434098, 43.757019578529999 ], [ -79.506596886456194, 43.756970717813502 ], [ -79.506643226257907, 43.756914988744697 ], [ -79.506695873639401, 43.756850852172903 ], [ -79.506750918064697, 43.7567901538904 ], [ -79.506669749725404, 43.756668912583699 ], [ -79.506239333883897, 43.756510407871701 ], [ -79.506073787538099, 43.7564257515618 ] ] ] ] } },
{ "type": "Feature", "properties": { "_id": 26, "AREA_ID": 2502237.0, "DATE_EFFECTIVE": "2022-04-11T21:27:23", "DATE_EXPIRY": "3000/01/01 05:00:00", "AREA_ATTR_ID": 26022752.0, "AREA_TYPE_ID": 602.0, "PARENT_AREA_ID": null, "AREA_TYPE": "CNBH", "AREA_CLASS_ID": null, "AREA_CLASS": "None", "AREA_SHORT_CODE": "055", "AREA_LONG_CODE": "055", "AREA_NAME": "Thorncliffe Park", "AREA_DESC": "Thorncliffe Park (55)", "FEATURE_CODE": null, "FEATURE_CODE_DESC": "None", "TRANS_ID_CREATE": 344709.0, "TRANS_ID_EXPIRE": -1.0, "OBJECTID": 17826801 }, "geometry": { "type": "MultiPolygon", "coordinates": [ [ [ [ -79.347772165112403, 43.7161376660071 ], [ -79.347612452761496, 43.716135463916302 ], [ -79.347480285694402, 43.716135287637698 ], [ -79.347293045603905, 43.716129051808402 ], [ -79.347108608558898, 43.716108831470102 ], [ -79.346907646548402, 43.716086590423899 ], [ -79.3467920301118, 43.716078451401302 ], [ -79.346679138843498, 43.7160723051948 ], [ -79.346604825931493, 43.716058235542299 ], [ -79.346541573983302, 43.716028185459898 ], [ -79.346472827352898, 43.715992133125802 ], [ -79.346428851150193, 43.715956132035203 ], [ -79.346387673082305, 43.715908136013297 ], [ -79.346371295333697, 43.715858184033799 ], [ -79.346355010175998, 43.715762289763298 ], [ -79.346346946368598, 43.715688378608 ], [ -79.346339516002004, 43.715599697240499 ], [ -79.346341766631994, 43.7155251158525 ], [ -79.346338056536496, 43.715476360057899 ], [ -79.346317047060296, 43.715427572003598 ], [ -79.346288346927594, 43.715387135771003 ], [ -79.346253901157993, 43.7153369434414 ], [ -79.346204159609599, 43.715270006185698 ], [ -79.346169674764397, 43.715235142918203 ], [ -79.346110272982699, 43.715184907954303 ], [ -79.346060428419094, 43.715148628778401 ], [ -79.345991382341197, 43.7151137099045 ], [ -79.345916540792899, 43.715088531538299 ], [ -79.345843590688702, 43.715075894425702 ], [ -79.345794565183496, 43.715073586983799 ], [ -79.345647006346496, 43.715099869519499 ], [ -79.345296502017007, 43.715215502890302 ], [ -79.344944808680907, 43.715219004910203 ], [ -79.344803175897795, 43.7150405157888 ], [ -79.344726039016507, 43.714784676296098 ], [ -79.344463703648501, 43.7145464163791 ], [ -79.344134285359203, 43.714384017015902 ], [ -79.343781599961304, 43.714283990629497 ], [ -79.343442625172102, 43.7140803504385 ], [ -79.343348156664902, 43.713915948030497 ], [ -79.343289835299103, 43.713814432895497 ], [ -79.343098870621802, 43.7135644489789 ], [ -79.342858711222206, 43.713354371708597 ], [ -79.342497464181903, 43.713257110961997 ], [ -79.342134700269, 43.713133041223401 ], [ -79.341825702751905, 43.712944910762701 ], [ -79.3414781838446, 43.712782046591599 ], [ -79.341104151920504, 43.712692846833797 ], [ -79.340756924111304, 43.712693155732801 ], [ -79.340452382031799, 43.712797334710302 ], [ -79.340212963513494, 43.713004290312199 ], [ -79.340039146612398, 43.713031438036403 ], [ -79.339854925025605, 43.713009352026198 ], [ -79.339528015640596, 43.712793484373201 ], [ -79.339483038277393, 43.712660778637201 ], [ -79.339493977913904, 43.712486124522798 ], [ -79.339731295336307, 43.712229570509301 ], [ -79.340005746427494, 43.711970286583899 ], [ -79.340289778315807, 43.711695749232803 ], [ -79.340309493594503, 43.711509900699298 ], [ -79.340284094951301, 43.711368635394301 ], [ -79.340193230600306, 43.711206998726198 ], [ -79.340054280473893, 43.711055151089397 ], [ -79.340052512425999, 43.711052727275401 ], [ -79.339958182151605, 43.710986201917699 ], [ -79.339758214049297, 43.710845177997797 ], [ -79.339533449121802, 43.710766353657498 ], [ -79.339442956830695, 43.710712804081098 ], [ -79.339411162952004, 43.710588100907401 ], [ -79.339431730981602, 43.710423019605301 ], [ -79.339421481599004, 43.710269497636297 ], [ -79.339387809206201, 43.7101373927675 ], [ -79.339282266319103, 43.710060526634699 ], [ -79.339020963304193, 43.709962279173098 ], [ -79.338593174875498, 43.709798320938198 ], [ -79.338340729897098, 43.709586173404603 ], [ -79.338258509227799, 43.7095170803901 ], [ -79.338009127923897, 43.709181880133798 ], [ -79.337910906001596, 43.7088807115245 ], [ -79.337893060856302, 43.708826048526198 ], [ -79.337823301716995, 43.708429542751901 ], [ -79.337813780258102, 43.708090532483801 ], [ -79.337875379749406, 43.7077575729298 ], [ -79.337905801887302, 43.707698891796099 ], [ -79.338028437936998, 43.7074622872519 ], [ -79.337811356753804, 43.7072129953225 ], [ -79.337404743091696, 43.706990869396002 ], [ -79.337199675731298, 43.706742151452303 ], [ -79.337281184038901, 43.706435144154 ], [ -79.337539623820007, 43.706162593218501 ], [ -79.337881262539398, 43.705924733601201 ], [ -79.338179313170201, 43.705643983200503 ], [ -79.338169126054595, 43.705335036104799 ], [ -79.337831649866004, 43.705148933567997 ], [ -79.337361941728801, 43.705079127438403 ], [ -79.336914788261893, 43.7049878385169 ], [ -79.336438891469101, 43.704826575825898 ], [ -79.336009153532501, 43.704624511598297 ], [ -79.335828888404606, 43.7045129610852 ], [ -79.335648326703506, 43.704401211831197 ], [ -79.335439604368801, 43.704260761694499 ], [ -79.335293054646399, 43.704162166690601 ], [ -79.335061034789604, 43.7038534394555 ], [ -79.335050491778901, 43.703535427189003 ], [ -79.335294703756801, 43.703247117426301 ], [ -79.335417828473794, 43.703199669020698 ], [ -79.3357310484853, 43.703078980402601 ], [ -79.336171014368304, 43.702901494571698 ], [ -79.336588633493704, 43.702714343730499 ], [ -79.336922120590003, 43.702456915404397 ], [ -79.337251965441794, 43.702159713262702 ], [ -79.337703453105505, 43.701929139367799 ], [ -79.338203058345599, 43.701714699080803 ], [ -79.338645633344299, 43.701487781351197 ], [ -79.339087310958206, 43.701261139674997 ], [ -79.339438971505601, 43.700960523377297 ], [ -79.339725385773093, 43.700625375617001 ], [ -79.340097709714598, 43.700301220876497 ], [ -79.340484883838798, 43.699989858446699 ], [ -79.340927816769494, 43.699732120921702 ], [ -79.341374656680401, 43.699463954604099 ], [ -79.341842963751006, 43.699240048533099 ], [ -79.342371379166394, 43.6991337621889 ], [ -79.342871760353205, 43.699024995519203 ], [ -79.343295758875897, 43.698809033703803 ], [ -79.343313151681002, 43.698795177567703 ], [ -79.343440271804695, 43.698693916286601 ], [ -79.343557657982799, 43.698604829278402 ], [ -79.343648079173704, 43.698551242335697 ], [ -79.343748890033098, 43.698490711531299 ], [ -79.343878564470998, 43.698432497387799 ], [ -79.344007431868704, 43.6983887830635 ], [ -79.344156870764095, 43.698334781170701 ], [ -79.344329978268206, 43.698286563138304 ], [ -79.344452660439003, 43.698264442968998 ], [ -79.344579758799298, 43.698261690434698 ], [ -79.344720552034303, 43.6982644381455 ], [ -79.344821961728101, 43.698283793601199 ], [ -79.344898163321403, 43.698297686990699 ], [ -79.345055920009798, 43.698294147404702 ], [ -79.345464328957405, 43.698356098034701 ], [ -79.345815966605102, 43.698476253955199 ], [ -79.346031946706006, 43.698637749066201 ], [ -79.346308779599497, 43.698809875104402 ], [ -79.346607431095194, 43.698945466536898 ], [ -79.346967941296995, 43.699008607680902 ], [ -79.347344355543996, 43.699150755184398 ], [ -79.347628356304597, 43.699341241199299 ], [ -79.347871730794097, 43.699559675429697 ], [ -79.348098267031702, 43.699760075194 ], [ -79.348369420045003, 43.6999307124509 ], [ -79.348711050699904, 43.699995524283899 ], [ -79.349044398229097, 43.700004399195599 ], [ -79.349381895934002, 43.699981054016497 ], [ -79.349759546215395, 43.699931035817897 ], [ -79.350123965948598, 43.6998628344381 ], [ -79.350410738963802, 43.699651769978097 ], [ -79.350563488393703, 43.699407719982297 ], [ -79.3509163734861, 43.699992390973598 ], [ -79.351355370974005, 43.700757135428297 ], [ -79.351429308408896, 43.700885913853803 ], [ -79.351473670005902, 43.700973643971402 ], [ -79.351506686889095, 43.7010281536121 ], [ -79.351555932285393, 43.701092675739602 ], [ -79.351586737780295, 43.701128315802201 ], [ -79.351665052112807, 43.701218349241401 ], [ -79.351741710778896, 43.701280512517201 ], [ -79.351761666736905, 43.701298441943599 ], [ -79.351823564864404, 43.701354087096803 ], [ -79.351950772892494, 43.701440376166701 ], [ -79.352063351805398, 43.701507104384604 ], [ -79.352179690415795, 43.701583891781503 ], [ -79.352255780477194, 43.701625387037097 ], [ -79.352369750831997, 43.701696698400497 ], [ -79.352487080298403, 43.7017491923108 ], [ -79.352608870240701, 43.701804257216097 ], [ -79.352712643936698, 43.701859847856099 ], [ -79.352779068095899, 43.701886721231197 ], [ -79.352842379966006, 43.701917911174498 ], [ -79.353151953055999, 43.701998429677403 ], [ -79.353369324449005, 43.702040132607799 ], [ -79.353640949292895, 43.702057781178503 ], [ -79.353979540772201, 43.7020580971963 ], [ -79.354404844692397, 43.702048747303898 ], [ -79.355054675991298, 43.702015872378503 ], [ -79.355537024400405, 43.701961377172601 ], [ -79.355722403721501, 43.701939108112697 ], [ -79.355836445184906, 43.701925750081301 ], [ -79.355967533986103, 43.701912413417901 ], [ -79.356124614025404, 43.701894599681303 ], [ -79.356289820612304, 43.701876804947297 ], [ -79.356470956164898, 43.701854529337403 ], [ -79.356664817293193, 43.701854772595098 ], [ -79.356856378010804, 43.701841510725203 ], [ -79.357034776416796, 43.701832732712099 ], [ -79.357213908516499, 43.701828455976298 ], [ -79.357331765362403, 43.701833103775897 ], [ -79.357453924396495, 43.701844300748803 ], [ -79.357712127849496, 43.701860752741602 ], [ -79.357933558794997, 43.701871037584702 ], [ -79.358110549460093, 43.701885704473703 ], [ -79.358177201115595, 43.701890791900396 ], [ -79.358279720035597, 43.701901927615801 ], [ -79.358407134268603, 43.701915569431797 ], [ -79.358465216190993, 43.701929692359698 ], [ -79.3585146878453, 43.701943696585403 ], [ -79.358542734195197, 43.701951634419501 ], [ -79.358653931018594, 43.701992277727499 ], [ -79.358762408985001, 43.702028416928499 ], [ -79.358841372135402, 43.702058515729298 ], [ -79.358904567514301, 43.702082600161901 ], [ -79.359027774964403, 43.702123257930303 ], [ -79.359115707108003, 43.702159371454499 ], [ -79.359166437004404, 43.702181937163999 ], [ -79.359240444696894, 43.7022090321571 ], [ -79.359303176200299, 43.702240613862202 ], [ -79.359381032125199, 43.702272223140902 ], [ -79.359491437943703, 43.702317365298001 ], [ -79.359607980734495, 43.7023805084401 ], [ -79.359723777401399, 43.702439158909499 ], [ -79.359837256061098, 43.7025023070575 ], [ -79.359921617046794, 43.702569920051999 ], [ -79.359998620728604, 43.702637514971201 ], [ -79.360073678132693, 43.702699130607201 ], [ -79.360165090524006, 43.702775915351602 ], [ -79.360240135480097, 43.7028323551272 ], [ -79.360270604292197, 43.702855291625703 ], [ -79.360372559119895, 43.7029499746262 ], [ -79.360453414161796, 43.703031858965403 ], [ -79.360558870085995, 43.703141902248902 ], [ -79.360578795043693, 43.703169254429298 ], [ -79.360650171285897, 43.703267248350599 ], [ -79.360685207087499, 43.703354189379297 ], [ -79.360752362808398, 43.703480010035499 ], [ -79.360821969470507, 43.703640614563803 ], [ -79.360861430154102, 43.703772666312901 ], [ -79.361133706041699, 43.704421017215601 ], [ -79.361482288423005, 43.705271961540397 ], [ -79.361818085842998, 43.706118424590699 ], [ -79.362285752690596, 43.707280098945702 ], [ -79.362469329171105, 43.7077213731881 ], [ -79.362794287945505, 43.7085498714398 ], [ -79.363526403798204, 43.710360002497502 ], [ -79.3635568077638, 43.710441104188703 ], [ -79.363727565854703, 43.710896150803102 ], [ -79.363904406042195, 43.711340645885798 ], [ -79.3640860074062, 43.711793535498998 ], [ -79.364446633607699, 43.712678868832199 ], [ -79.364802153886103, 43.713565878087799 ], [ -79.362317428979907, 43.714089413870099 ], [ -79.359824987729894, 43.714603947874302 ], [ -79.358714879429598, 43.7148591439881 ], [ -79.357939579389196, 43.715051728101798 ], [ -79.357441027690896, 43.715150139238098 ], [ -79.356855175982503, 43.715261940790398 ], [ -79.355923640604004, 43.715431830312497 ], [ -79.355462539665098, 43.715523448057198 ], [ -79.354955585278503, 43.7156241690437 ], [ -79.354172553735097, 43.715807743514098 ], [ -79.353319995499902, 43.716027228439998 ], [ -79.352627641543904, 43.716233204749102 ], [ -79.352489925036593, 43.716152852921901 ], [ -79.352415100329296, 43.715942198952902 ], [ -79.352321168951306, 43.715734877711903 ], [ -79.352085682632804, 43.715661771061498 ], [ -79.351765033082501, 43.715702059360503 ], [ -79.351414438819702, 43.715701730173201 ], [ -79.351353035532, 43.715701155268597 ], [ -79.351080617248201, 43.7156986673793 ], [ -79.350710575141903, 43.715738888358899 ], [ -79.350348969471995, 43.715779866289999 ], [ -79.350020281683697, 43.715857854433501 ], [ -79.349886803108802, 43.7160303323124 ], [ -79.349618019088197, 43.716137201969197 ], [ -79.349498734210002, 43.7161665690913 ], [ -79.349276406587904, 43.716221291817298 ], [ -79.349176337181007, 43.716238793279999 ], [ -79.348919515925104, 43.7163104551611 ], [ -79.3485618832119, 43.716294697771097 ], [ -79.348229054976699, 43.716191840044402 ], [ -79.347970365226402, 43.716157903581099 ], [ -79.347772165112403, 43.7161376660071 ] ] ] ] } },
{ "type": "Feature", "properties": { "_id": 27, "AREA_ID": 2502218.0, "DATE_EFFECTIVE": "2022-04-11T21:27:23", "DATE_EXPIRY": "3000/01/01 05:00:00", "AREA_ATTR_ID": 26022733.0, "AREA_TYPE_ID": 602.0, "PARENT_AREA_ID": null, "AREA_TYPE": "CNBH", "AREA_CLASS_ID": null, "AREA_CLASS": "None", "AREA_SHORT_CODE": "006", "AREA_LONG_CODE": "006", "AREA_NAME": "Kingsview Village-The Westway", "AREA_DESC": "Kingsview Village-The Westway (6)", "FEATURE_CODE": null, "FEATURE_CODE_DESC": "None", "TRANS_ID_CREATE": 344709.0, "TRANS_ID_EXPIRE": -1.0, "OBJECTID": 17827105 }, "geometry": { "type": "MultiPolygon", "coordinates": [ [ [ [ -79.537645863710495, 43.708316681537703 ], [ -79.537412524811202, 43.7082610762941 ], [ -79.537179644689999, 43.708264455745201 ], [ -79.5367589767379, 43.708332083319704 ], [ -79.536294058339394, 43.708336714517401 ], [ -79.535905443223001, 43.7082017911994 ], [ -79.535836748682001, 43.708116291691802 ], [ -79.535658865972096, 43.707894015950401 ], [ -79.535556282418398, 43.707552503695602 ], [ -79.535467686763596, 43.707152316701603 ], [ -79.535447830130806, 43.706851689387001 ], [ -79.535442749981101, 43.706779680786198 ], [ -79.535496771854795, 43.706374597764103 ], [ -79.535505637479304, 43.706280081646398 ], [ -79.535541183900904, 43.706086534228398 ], [ -79.535600272257994, 43.7056904508065 ], [ -79.535723761255497, 43.705323043280401 ], [ -79.535950143552597, 43.704992139457801 ], [ -79.536020813243098, 43.704776356646498 ], [ -79.535961206284398, 43.704589364917297 ], [ -79.535782708446007, 43.704505168994501 ], [ -79.535437127193006, 43.704480613158303 ], [ -79.535015130284293, 43.7045464975252 ], [ -79.5345798965607, 43.704682612289602 ], [ -79.534129428697398, 43.704826768081801 ], [ -79.533657597133001, 43.704934932289298 ], [ -79.533170643711998, 43.7050070848357 ], [ -79.532706487862995, 43.704998217312401 ], [ -79.532190753313898, 43.704966868255397 ], [ -79.531938310096507, 43.7049309339695 ], [ -79.531713486263797, 43.704305389916499 ], [ -79.5316890176599, 43.704233386494003 ], [ -79.531679268043106, 43.704120873244001 ], [ -79.531659038778699, 43.7040173551691 ], [ -79.531652395882105, 43.703913842328603 ], [ -79.531662418720401, 43.703814825509099 ], [ -79.531684462054997, 43.703711304717203 ], [ -79.531720486205401, 43.703603279401698 ], [ -79.531751842105294, 43.7035132579243 ], [ -79.531788240101505, 43.703432236312103 ], [ -79.531828136902902, 43.703351213712999 ], [ -79.531865302064105, 43.703243188027301 ], [ -79.531874203934294, 43.703207180434603 ], [ -79.531895507965402, 43.703184671297599 ], [ -79.532401876782302, 43.7024418604082 ], [ -79.533065004179704, 43.7018474780552 ], [ -79.534251545518103, 43.700532815640003 ], [ -79.534391404120996, 43.700330226796297 ], [ -79.534335465059002, 43.700118713475703 ], [ -79.534272095662601, 43.699821681157999 ], [ -79.533759740967895, 43.6985942925157 ], [ -79.532738939660007, 43.6961613615563 ], [ -79.532959153297796, 43.696107182523697 ], [ -79.533060955736502, 43.696082930656303 ], [ -79.533263616301497, 43.696032230609497 ], [ -79.533451714450294, 43.695986026108699 ], [ -79.533630408812598, 43.695917977936197 ], [ -79.533784469108994, 43.6958579119094 ], [ -79.534012238652394, 43.695742771879402 ], [ -79.534028869121101, 43.6957324604533 ], [ -79.534305459840994, 43.695560876206599 ], [ -79.534422155961707, 43.695464086259797 ], [ -79.534427487750193, 43.695459331972998 ], [ -79.534524712067096, 43.695372503209498 ], [ -79.534622062934901, 43.695268931923898 ], [ -79.534689551177294, 43.695184110306499 ], [ -79.534786613936106, 43.6950338312678 ], [ -79.534840749404594, 43.694964018772197 ], [ -79.5348594427915, 43.694896233353099 ], [ -79.534900414110396, 43.694738284199602 ], [ -79.534891947163104, 43.6946418829558 ], [ -79.534878592852607, 43.6945034201662 ], [ -79.534841269438303, 43.694405164448597 ], [ -79.534773985874693, 43.694133840994098 ], [ -79.534786849029601, 43.694002634245599 ], [ -79.534794153253301, 43.693912250046097 ], [ -79.534814991396402, 43.693799637532003 ], [ -79.534838370238404, 43.693704405734003 ], [ -79.534889471937504, 43.693539369445702 ], [ -79.535002948823106, 43.693312241127899 ], [ -79.535606761851298, 43.6921263681459 ], [ -79.535930810979906, 43.691506221491501 ], [ -79.536000072777796, 43.691410191872997 ], [ -79.536048866576905, 43.691335600754698 ], [ -79.536104970987495, 43.691247343337501 ], [ -79.536221714622997, 43.691165754655799 ], [ -79.536345696359106, 43.691074127106397 ], [ -79.536574739445697, 43.690908331170498 ], [ -79.536776728658694, 43.690787045892499 ], [ -79.537778948713694, 43.6903813546135 ], [ -79.538790489676899, 43.690004347496199 ], [ -79.539305236161695, 43.6897965026956 ], [ -79.539797011859307, 43.689597925906099 ], [ -79.540842896782806, 43.689197872289803 ], [ -79.541266007357095, 43.689022861074697 ], [ -79.541564045108899, 43.688925359025099 ], [ -79.542873555382798, 43.688620235356801 ], [ -79.543700138647495, 43.688435260656 ], [ -79.544725183893306, 43.688163474954401 ], [ -79.544944282722298, 43.688131821454299 ], [ -79.545295242645395, 43.688088269646897 ], [ -79.546119105264594, 43.688046696256201 ], [ -79.546288389087906, 43.688033530937702 ], [ -79.546699431054407, 43.688018340578502 ], [ -79.5468525460455, 43.688013624249898 ], [ -79.547042599160093, 43.688006543180897 ], [ -79.547221188176593, 43.687980482786998 ], [ -79.548068823321699, 43.687810040885303 ], [ -79.549156016126503, 43.687548153713102 ], [ -79.549775585693197, 43.687388589551503 ], [ -79.550092522875502, 43.687311976034898 ], [ -79.550194859608595, 43.687285188272497 ], [ -79.550839956094705, 43.687043083175702 ], [ -79.551885517576295, 43.686634674296897 ], [ -79.552582003151599, 43.686350922975102 ], [ -79.552919190335999, 43.686221742675698 ], [ -79.553634743171301, 43.685951640071501 ], [ -79.5539222293379, 43.6858565050468 ], [ -79.554703114766596, 43.685625403562099 ], [ -79.555912129015297, 43.688312769769801 ], [ -79.556715110711806, 43.690114110341398 ], [ -79.556866986504602, 43.690394776371498 ], [ -79.557251279287001, 43.691234495584602 ], [ -79.557613918762002, 43.692069327592698 ], [ -79.558047592705506, 43.693036945367702 ], [ -79.558649130603001, 43.694249643516201 ], [ -79.561731794146596, 43.6935726533383 ], [ -79.562516719712306, 43.6934015712337 ], [ -79.562924638140302, 43.693298426623798 ], [ -79.564003867363297, 43.693028067669502 ], [ -79.566160156562702, 43.692560464929699 ], [ -79.566244207265498, 43.692542683701397 ], [ -79.566567440003496, 43.692477236539098 ], [ -79.566887965233803, 43.692409566726603 ], [ -79.5672081001658, 43.692337404598 ], [ -79.567527837363798, 43.692265241807 ], [ -79.5677282344638, 43.6922246354221 ], [ -79.568806241411806, 43.692005944243398 ], [ -79.569007562831203, 43.691961554513597 ], [ -79.569452864470307, 43.691871541904497 ], [ -79.569439809602898, 43.691899714889097 ], [ -79.569393476649395, 43.691964345322397 ], [ -79.5693720750984, 43.691994260615402 ], [ -79.569303566080606, 43.692084306122197 ], [ -79.569234280511196, 43.692178852704302 ], [ -79.569164610163995, 43.692273399475603 ], [ -79.569093768343606, 43.692363446263798 ], [ -79.569022149945198, 43.692457994122698 ], [ -79.568950141603594, 43.692548041523303 ], [ -79.568877369072496, 43.6926425899847 ], [ -79.568803816895894, 43.692728137573503 ], [ -79.568729493257393, 43.692822686871402 ], [ -79.568654779676606, 43.692912726705401 ], [ -79.568579284347706, 43.693002775959499 ], [ -79.568502994851499, 43.693092825638303 ], [ -79.568425960805897, 43.693182875710399 ], [ -79.5683489141244, 43.6932729257368 ], [ -79.567797435254406, 43.693902696552101 ], [ -79.567025907783005, 43.694790255833396 ], [ -79.566501478540005, 43.6953822259524 ], [ -79.565781365858697, 43.696195071991902 ], [ -79.564482186567204, 43.697653948815002 ], [ -79.563197669163898, 43.6990993274743 ], [ -79.561757785907403, 43.700706861460603 ], [ -79.561573838879198, 43.7009230094503 ], [ -79.5606048657515, 43.702017173857797 ], [ -79.559595950951703, 43.7031697059575 ], [ -79.559017285172501, 43.7038314470378 ], [ -79.558542016760697, 43.704344665163198 ], [ -79.557782838706501, 43.705168587118997 ], [ -79.5573001789529, 43.705681866706698 ], [ -79.557044534166394, 43.705965516683598 ], [ -79.556788117670706, 43.7062491664581 ], [ -79.556593291428598, 43.7064787685309 ], [ -79.556072663414, 43.707055061509898 ], [ -79.556028499038206, 43.707104581157999 ], [ -79.555983565287207, 43.707154110166698 ], [ -79.555938246798206, 43.707203630344402 ], [ -79.555892146522694, 43.707253159887202 ], [ -79.555845281028596, 43.707307181419097 ], [ -79.555797625387299, 43.707352211047201 ], [ -79.555749192115499, 43.7074017326686 ], [ -79.555700398931506, 43.707451263445698 ], [ -79.555650782546607, 43.7074962849657 ], [ -79.5556004133485, 43.707545816466599 ], [ -79.555549287150896, 43.707595339311503 ], [ -79.555497759658294, 43.707640370693902 ], [ -79.555445437945906, 43.707685393436698 ], [ -79.555392371662094, 43.707730425517298 ], [ -79.555338899963303, 43.707779958404402 ], [ -79.555284654712196, 43.7078249820037 ], [ -79.555229623527495, 43.707865514322897 ], [ -79.555173843613105, 43.707915048246797 ], [ -79.555118042950298, 43.707955580883002 ], [ -79.555052944141593, 43.708005119240397 ], [ -79.554987472972897, 43.708054657739403 ], [ -79.554921592218093, 43.708104196397201 ], [ -79.554854942031199, 43.708153735385899 ], [ -79.554787890572698, 43.708198782894101 ], [ -79.554719685018597, 43.708243821913797 ], [ -79.554651483451394, 43.7082933615253 ], [ -79.5545828930249, 43.708338400646703 ], [ -79.554513524847707, 43.7083879497334 ], [ -79.554443379073604, 43.708428488877402 ], [ -79.554373249681802, 43.708473528604898 ], [ -79.554301941383699, 43.708518577850299 ], [ -79.554230632970601, 43.708563618049702 ], [ -79.554158542720899, 43.708608667576001 ], [ -79.554086076051803, 43.708649207598803 ], [ -79.554012819186994, 43.708694257584497 ], [ -79.553939185911304, 43.708734798064803 ], [ -79.5538651843178, 43.708779848306598 ], [ -79.553790756688599, 43.708820389064996 ], [ -79.553715559634398, 43.708860939137601 ], [ -79.553640759554099, 43.708901488974 ], [ -79.553553947832697, 43.708942035388297 ], [ -79.553466358259996, 43.7089870917357 ], [ -79.553378379894596, 43.709027647562998 ], [ -79.553289607257994, 43.709068203692603 ], [ -79.553200453814497, 43.709113260564301 ], [ -79.553111321080607, 43.709153816722399 ], [ -79.553021394080204, 43.709194382180399 ], [ -79.552931082281802, 43.709234938744402 ], [ -79.552839997069796, 43.7092709949601 ], [ -79.552749300372696, 43.709311560559101 ], [ -79.552657420779397, 43.709347616995501 ], [ -79.552565557425694, 43.709388182985599 ], [ -79.552472908249499, 43.709424221624602 ], [ -79.552380258970103, 43.709460269189599 ], [ -79.552357012874097, 43.709469281107403 ], [ -79.552286840238807, 43.709496317031203 ], [ -79.552188764216893, 43.709527866289001 ], [ -79.552089918742496, 43.709559406811799 ], [ -79.551991060763498, 43.709590956255902 ], [ -79.551891420921805, 43.709622496968002 ], [ -79.551791793391999, 43.709654046588803 ], [ -79.551692161881903, 43.709681086489503 ], [ -79.551591351449503, 43.709708126835203 ], [ -79.551490941867598, 43.709739676546299 ], [ -79.551390143655098, 43.709766716708899 ], [ -79.551288960679599, 43.709793756955001 ], [ -79.5511873805318, 43.709820797289403 ], [ -79.551085424206093, 43.709843337067902 ], [ -79.550983459210201, 43.709870377392797 ], [ -79.550881494122393, 43.7098974176266 ], [ -79.550778755797097, 43.7099199574794 ], [ -79.550676021186504, 43.709946997871597 ], [ -79.550572885617001, 43.709969537715203 ], [ -79.550469758602503, 43.709987576828503 ], [ -79.550366241981095, 43.7100146172872 ], [ -79.550262721505405, 43.710037157020402 ], [ -79.550158415442098, 43.710055196371002 ], [ -79.550051420350201, 43.7100777464385 ], [ -79.542627802431198, 43.711863141559 ], [ -79.542273455446605, 43.711948803166401 ], [ -79.539761869641794, 43.7125393862013 ], [ -79.538526605163895, 43.712829883915802 ], [ -79.537902752229499, 43.712976579027902 ], [ -79.537841879999306, 43.7129901010899 ], [ -79.537851461298303, 43.712814564299798 ], [ -79.537857216151295, 43.712711047874102 ], [ -79.537882347670006, 43.712616517287699 ], [ -79.537941934825895, 43.712395957579197 ], [ -79.538120112445696, 43.712089846339197 ], [ -79.538175150459097, 43.712035820388799 ], [ -79.538402635357599, 43.711819704852601 ], [ -79.538483488253107, 43.711772331010799 ], [ -79.538763879856006, 43.711608053205801 ], [ -79.538819289166, 43.7115733165246 ], [ -79.539127467825907, 43.711378388076596 ], [ -79.539395204919202, 43.711072244102603 ], [ -79.539598141230499, 43.7107121143573 ], [ -79.539572286278499, 43.710343053397601 ], [ -79.539459612424395, 43.710001035214098 ], [ -79.539325969063697, 43.709659042117899 ], [ -79.539129264230795, 43.709313929007102 ], [ -79.538901882889903, 43.708999979371598 ], [ -79.538527171289303, 43.708735090929302 ], [ -79.538127930236499, 43.708488013941803 ], [ -79.537645863710495, 43.708316681537703 ] ] ] ] } },
{ "type": "Feature", "properties": { "_id": 28, "AREA_ID": 2502217.0, "DATE_EFFECTIVE": "2022-04-11T21:27:23", "DATE_EXPIRY": "3000/01/01 05:00:00", "AREA_ATTR_ID": 26022732.0, "AREA_TYPE_ID": 602.0, "PARENT_AREA_ID": null, "AREA_TYPE": "CNBH", "AREA_CLASS_ID": null, "AREA_CLASS": "None", "AREA_SHORT_CODE": "005", "AREA_LONG_CODE": "005", "AREA_NAME": "Elms-Old Rexdale", "AREA_DESC": "Elms-Old Rexdale (5)", "FEATURE_CODE": null, "FEATURE_CODE_DESC": "None", "TRANS_ID_CREATE": 344709.0, "TRANS_ID_EXPIRE": -1.0, "OBJECTID": 17827121 }, "geometry": { "type": "MultiPolygon", "coordinates": [ [ [ [ -79.546769122668294, 43.731557927860401 ], [ -79.546324278816101, 43.731443235278 ], [ -79.545856813865697, 43.731450984812298 ], [ -79.545588860236407, 43.731482371283398 ], [ -79.545499794313699, 43.731530581370897 ], [ -79.545333942066506, 43.731845285357899 ], [ -79.545124767681699, 43.732146630367502 ], [ -79.544981907119407, 43.732269796525301 ], [ -79.544798903995499, 43.7323638592582 ], [ -79.544593155981005, 43.732403896179903 ], [ -79.544410450800598, 43.732381770276703 ], [ -79.544076685567106, 43.7322737136667 ], [ -79.543883700229301, 43.732044256508701 ], [ -79.543842396692398, 43.7317832276212 ], [ -79.544006276523604, 43.731544622977303 ], [ -79.544269919374599, 43.731355486275802 ], [ -79.544570031475104, 43.731184337212198 ], [ -79.544855001163597, 43.731017693915597 ], [ -79.544828449643603, 43.730801674718997 ], [ -79.544557524469596, 43.730572240179001 ], [ -79.544241599193498, 43.730369826118299 ], [ -79.5439063223875, 43.730198931936002 ], [ -79.543597431560698, 43.730037027939197 ], [ -79.543219136828, 43.729920155544001 ], [ -79.542789690747696, 43.729839305996997 ], [ -79.542377711346901, 43.729794462304802 ], [ -79.541990918008693, 43.729713593933397 ], [ -79.5415544835231, 43.729646244163497 ], [ -79.541149501062506, 43.729592392263001 ], [ -79.540818241990806, 43.729579018185703 ], [ -79.540467670214298, 43.729660162964898 ], [ -79.540145835590195, 43.729781802138902 ], [ -79.539954346572799, 43.729957402328701 ], [ -79.539784245502901, 43.730191511779303 ], [ -79.539595898891903, 43.730430118905304 ], [ -79.539436246907997, 43.730664215197201 ], [ -79.539282791433095, 43.730884816277403 ], [ -79.539240295627295, 43.731123372570103 ], [ -79.539309918154999, 43.731384393415802 ], [ -79.539414083933494, 43.731658904150102 ], [ -79.539491099119303, 43.731946935009503 ], [ -79.539240211054206, 43.7320775482833 ], [ -79.538922112213996, 43.732068655813201 ], [ -79.538631850161096, 43.731933735802201 ], [ -79.538462602074901, 43.731771761694901 ], [ -79.538422545757001, 43.731618745210298 ], [ -79.538461186626805, 43.731402693622499 ], [ -79.538471915863994, 43.731331670281897 ], [ -79.538504041698104, 43.731119131342403 ], [ -79.538532165732704, 43.730822063146697 ], [ -79.538533900190799, 43.730507010360498 ], [ -79.538562731034901, 43.730151433859298 ], [ -79.538618762332604, 43.729840863321101 ], [ -79.538741130275795, 43.729534770891902 ], [ -79.538863902134906, 43.729260173504599 ], [ -79.538798522040693, 43.728949644046402 ], [ -79.538664858425705, 43.7286166255574 ], [ -79.538534662299995, 43.728288115343901 ], [ -79.538436690534795, 43.727959585130201 ], [ -79.538314653004505, 43.727613060404899 ], [ -79.538229463556505, 43.7272575309714 ], [ -79.538278877144094, 43.726906448073002 ], [ -79.5384799700049, 43.726636325336003 ], [ -79.5388134026676, 43.726447177541203 ], [ -79.539196907836597, 43.726321029297203 ], [ -79.539607952895494, 43.726230866188097 ], [ -79.540040048220902, 43.726253218745697 ], [ -79.540470177265206, 43.7262305641596 ], [ -79.5408657326509, 43.726126900147001 ], [ -79.541144855133496, 43.725924263076202 ], [ -79.541303675045199, 43.725627155808802 ], [ -79.541339096548597, 43.725280577164199 ], [ -79.541272510392901, 43.724925043123903 ], [ -79.541127199835898, 43.7245740379974 ], [ -79.540966379333597, 43.724227529845301 ], [ -79.5407644621164, 43.723912549468402 ], [ -79.540723098457093, 43.723644417118997 ], [ -79.540710295553893, 43.723561511207897 ], [ -79.540745020126295, 43.7233004537079 ], [ -79.540752737698497, 43.723241942857797 ], [ -79.540738731995305, 43.723178939127997 ], [ -79.540730418831302, 43.722962903178399 ], [ -79.540719705753105, 43.722611858372602 ], [ -79.540787721095299, 43.722265277100497 ], [ -79.540963558499399, 43.7219456609212 ], [ -79.541227103985307, 43.721680029344903 ], [ -79.5415542762332, 43.721445878406399 ], [ -79.541699254017104, 43.721342311245898 ], [ -79.541915564021707, 43.721193711518097 ], [ -79.542265610907606, 43.720968551382697 ], [ -79.542429549550107, 43.720810968775901 ], [ -79.542553564577602, 43.7206759039247 ], [ -79.542803484628294, 43.720360775850203 ], [ -79.542947524210604, 43.720027675540102 ], [ -79.543035758569701, 43.719757604814497 ], [ -79.543074116283904, 43.719717084734299 ], [ -79.543172927726602, 43.719591029932097 ], [ -79.543231013043993, 43.719473991704 ], [ -79.543308466969094, 43.719316431471 ], [ -79.543409940546496, 43.719131849302897 ], [ -79.5434544926039, 43.719059822353898 ], [ -79.543479271683694, 43.7190012957875 ], [ -79.543703540140996, 43.718618639004099 ], [ -79.543849545986504, 43.718339526224199 ], [ -79.543976205551601, 43.718132439723298 ], [ -79.544035467661104, 43.718033394111004 ], [ -79.544077894044705, 43.717704795964401 ], [ -79.543928746175396, 43.717416786218301 ], [ -79.543855782802297, 43.717344804193701 ], [ -79.543852676934307, 43.717340304757698 ], [ -79.543650859229302, 43.717151337639102 ], [ -79.543262881815906, 43.716935446002303 ], [ -79.543172900461798, 43.716908476255803 ], [ -79.5425596734854, 43.716787198271597 ], [ -79.5424398276147, 43.716769240319401 ], [ -79.542416558443406, 43.716769248956602 ], [ -79.542034975146393, 43.716778391175801 ], [ -79.541684802165804, 43.716823534696502 ], [ -79.541486238405895, 43.716841618450502 ], [ -79.5412981735861, 43.716859689065402 ], [ -79.540915709534602, 43.716742801278201 ], [ -79.540687916373201, 43.716535835689797 ], [ -79.540621746987995, 43.716189292831402 ], [ -79.540660019072604, 43.716004735446397 ], [ -79.540696803638397, 43.715914700779003 ], [ -79.540771841097396, 43.715631116414002 ], [ -79.540737527630796, 43.715356572268597 ], [ -79.540475222378603, 43.715140626242999 ], [ -79.540257235074904, 43.715055191265002 ], [ -79.539846507483304, 43.714983316108999 ], [ -79.539439282802206, 43.7149339504168 ], [ -79.539029714775495, 43.714848570035301 ], [ -79.538596459292293, 43.714727191147901 ], [ -79.538206635036602, 43.7145787923277 ], [ -79.538010231445298, 43.714313302636803 ], [ -79.5379348230787, 43.714007266832098 ], [ -79.537846614451894, 43.713710245462401 ], [ -79.537826085874499, 43.7135080119196 ], [ -79.537824976626496, 43.713224157500598 ], [ -79.5378380411546, 43.713062121459402 ], [ -79.537841879999306, 43.7129901010899 ], [ -79.537902752229499, 43.712976579027902 ], [ -79.538526605163895, 43.712829883915802 ], [ -79.539761869641794, 43.7125393862013 ], [ -79.542273455446605, 43.711948803166401 ], [ -79.542627802431198, 43.711863141559 ], [ -79.550051420350201, 43.7100777464385 ], [ -79.550158415442098, 43.710055196371002 ], [ -79.550262721505405, 43.710037157020402 ], [ -79.550366241981095, 43.7100146172872 ], [ -79.550469758602503, 43.709987576828503 ], [ -79.550572885617001, 43.709969537715203 ], [ -79.550676021186504, 43.709946997871597 ], [ -79.550778755797097, 43.7099199574794 ], [ -79.550881494122393, 43.7098974176266 ], [ -79.550983459210201, 43.709870377392797 ], [ -79.551085424206093, 43.709843337067902 ], [ -79.5511873805318, 43.709820797289403 ], [ -79.551288960679599, 43.709793756955001 ], [ -79.551390143655098, 43.709766716708899 ], [ -79.551490941867598, 43.709739676546299 ], [ -79.551591351449503, 43.709708126835203 ], [ -79.551692161881903, 43.709681086489503 ], [ -79.551791793391999, 43.709654046588803 ], [ -79.551891420921805, 43.709622496968002 ], [ -79.551991060763498, 43.709590956255902 ], [ -79.552089918742496, 43.709559406811799 ], [ -79.552188764216893, 43.709527866289001 ], [ -79.552286840238807, 43.709496317031203 ], [ -79.552357012874097, 43.709469281107403 ], [ -79.552408309292304, 43.709581791447803 ], [ -79.552429282075195, 43.709626797168802 ], [ -79.552466976084702, 43.709707809282399 ], [ -79.552480963443003, 43.709739316298098 ], [ -79.552526027780004, 43.709833808904698 ], [ -79.552551661888302, 43.709887795723702 ], [ -79.5525862461282, 43.709959780953099 ], [ -79.552625863896097, 43.710040756119497 ], [ -79.552646833039006, 43.7100812341614 ], [ -79.5527086029891, 43.710207196424001 ], [ -79.552771514816399, 43.710333158123298 ], [ -79.553357587773903, 43.711410895606001 ], [ -79.553431403596804, 43.711529803834701 ], [ -79.553502556020604, 43.711723270731397 ], [ -79.554063228694105, 43.7128975547569 ], [ -79.555116253601398, 43.715102459699203 ], [ -79.555687902439999, 43.716295092326703 ], [ -79.555983684915105, 43.716947655946399 ], [ -79.556677018572103, 43.718419127423402 ], [ -79.557449576594195, 43.720029938895301 ], [ -79.557544044598004, 43.7202594142706 ], [ -79.557565016836804, 43.720308901587501 ], [ -79.557632728338206, 43.720448521867503 ], [ -79.5581366760143, 43.721487703951198 ], [ -79.558256407830797, 43.721757671443598 ], [ -79.558456211730601, 43.722212132454501 ], [ -79.558509462958497, 43.722333622049099 ], [ -79.558699497476198, 43.722693583499897 ], [ -79.558922171860004, 43.723112044892297 ], [ -79.559757165868902, 43.724880545021399 ], [ -79.560204297446006, 43.725902014419802 ], [ -79.5607551544811, 43.727026950060001 ], [ -79.5613044258061, 43.728219879025097 ], [ -79.561687550278705, 43.729051900301599 ], [ -79.562014759953598, 43.729794721275198 ], [ -79.562131977093102, 43.730060797143103 ], [ -79.5617781474444, 43.729917932298001 ], [ -79.5613367696279, 43.729724868470498 ], [ -79.560856432532006, 43.729545901614202 ], [ -79.560414440805005, 43.729353869681297 ], [ -79.559995679243698, 43.7291772969673 ], [ -79.559561393951, 43.7289903793815 ], [ -79.5591672897162, 43.728764013928398 ], [ -79.558968320149503, 43.728631033456601 ], [ -79.558806191464797, 43.728522670074497 ], [ -79.558409133026103, 43.7283157641847 ], [ -79.558063826455097, 43.728097183028197 ], [ -79.557760116542795, 43.7278912985578 ], [ -79.557385014824405, 43.727779260048102 ], [ -79.556988635793601, 43.727728754383101 ], [ -79.556564517298298, 43.727759263222303 ], [ -79.556200414574306, 43.727844747564198 ], [ -79.555907208410304, 43.727967272191798 ], [ -79.555664568138795, 43.728141573576401 ], [ -79.555514830390194, 43.728364796091199 ], [ -79.555421461225194, 43.728605570500399 ], [ -79.555370157475195, 43.728832273522599 ], [ -79.555228387487105, 43.7290707218677 ], [ -79.554977718159194, 43.729281399636399 ], [ -79.554672512190194, 43.729431758659501 ], [ -79.554350367023702, 43.729533734275201 ], [ -79.554266940647693, 43.729561758756397 ], [ -79.554026129200494, 43.7296426229194 ], [ -79.553745755432999, 43.729707645006002 ], [ -79.553704953661196, 43.729720896000501 ], [ -79.553423746667406, 43.729784963556902 ], [ -79.553119148801997, 43.729830102694002 ], [ -79.553113588537997, 43.7298309243902 ], [ -79.552805562334598, 43.729888026926297 ], [ -79.552486330669296, 43.729921298506298 ], [ -79.552147868674993, 43.729966207565802 ], [ -79.551749344975505, 43.7300170656437 ], [ -79.551386685660702, 43.730072577854799 ], [ -79.551024064618701, 43.730159341185797 ], [ -79.550876158755401, 43.730197356321597 ], [ -79.550617763622498, 43.730263783139598 ], [ -79.550303196511393, 43.7303865998391 ], [ -79.549992365650695, 43.730510863234898 ], [ -79.549710356573001, 43.730664988348202 ], [ -79.549617831427398, 43.7308930478113 ], [ -79.549659366424393, 43.731134172824 ], [ -79.549764726132096, 43.731384829350603 ], [ -79.549869482008503, 43.731609832519297 ], [ -79.549884117613601, 43.731685013429498 ], [ -79.549872845688796, 43.731759035483599 ], [ -79.549806457075107, 43.7318013612228 ], [ -79.549715751389002, 43.731829592571302 ], [ -79.549626659351702, 43.731857823147102 ], [ -79.549447317722795, 43.731940982245597 ], [ -79.549264026430393, 43.732143202059397 ], [ -79.549203391693197, 43.732361256011799 ], [ -79.5492659822972, 43.732560561320497 ], [ -79.549291981627306, 43.7326580604485 ], [ -79.549279091181404, 43.7327273844869 ], [ -79.549235366255999, 43.732767350792699 ], [ -79.549151140636297, 43.732797937219502 ], [ -79.548947059409997, 43.732870862754503 ], [ -79.5488660132456, 43.732827421487301 ], [ -79.548560930001798, 43.732709977430702 ], [ -79.548216219039702, 43.732570784303398 ], [ -79.547806182209101, 43.732390535853597 ], [ -79.547700336109003, 43.732144594414102 ], [ -79.547555816657606, 43.731953027404302 ], [ -79.547182520493195, 43.7317613478425 ], [ -79.546769122668294, 43.731557927860401 ] ] ] ] } },
{ "type": "Feature", "properties": { "_id": 29, "AREA_ID": 2502215.0, "DATE_EFFECTIVE": "2022-04-11T21:27:23", "DATE_EXPIRY": "3000/01/01 05:00:00", "AREA_ATTR_ID": 26022730.0, "AREA_TYPE_ID": 602.0, "PARENT_AREA_ID": null, "AREA_TYPE": "CNBH", "AREA_CLASS_ID": null, "AREA_CLASS": "None", "AREA_SHORT_CODE": "003", "AREA_LONG_CODE": "003", "AREA_NAME": "Thistletown-Beaumond Heights", "AREA_DESC": "Thistletown-Beaumond Heights (3)", "FEATURE_CODE": null, "FEATURE_CODE_DESC": "None", "TRANS_ID_CREATE": 344709.0, "TRANS_ID_EXPIRE": -1.0, "OBJECTID": 17827153 }, "geometry": { "type": "MultiPolygon", "coordinates": [ [ [ [ -79.562259631722299, 43.7437316341151 ], [ -79.562335499286704, 43.7436187715535 ], [ -79.5623956467673, 43.743528411555303 ], [ -79.562448691241798, 43.743449009882397 ], [ -79.562459300139906, 43.743144150964099 ], [ -79.562292864870301, 43.742853736590298 ], [ -79.561897991147305, 43.742701839580199 ], [ -79.561459039594396, 43.742654658045801 ], [ -79.560998508864003, 43.742630340429002 ], [ -79.560979376181706, 43.7426300535978 ], [ -79.560998073826397, 43.742580941991697 ], [ -79.561146710016004, 43.742297549313797 ], [ -79.561374215298002, 43.742179601464102 ], [ -79.561473917460802, 43.742161095391999 ], [ -79.561662435287602, 43.742126078129303 ], [ -79.561744758939994, 43.742110794628999 ], [ -79.561909659500998, 43.742109247233898 ], [ -79.562064242895005, 43.742107786214497 ], [ -79.562714366946196, 43.742025367264603 ], [ -79.563036718643801, 43.741845129610198 ], [ -79.563295793087093, 43.741646842655101 ], [ -79.5633677829954, 43.7413108053371 ], [ -79.563347573552903, 43.740889424535702 ], [ -79.563177373040205, 43.740641085116202 ], [ -79.562938433097003, 43.740429832320203 ], [ -79.5625266888445, 43.7401702561205 ], [ -79.562180675349595, 43.7400687131002 ], [ -79.561737396215406, 43.739947733968201 ], [ -79.561401409651907, 43.739875788179702 ], [ -79.561047969622194, 43.739805020884504 ], [ -79.560608329053395, 43.739779286332599 ], [ -79.560251815625705, 43.7397868018124 ], [ -79.559891804012196, 43.739809710099003 ], [ -79.559272438713904, 43.739878640255903 ], [ -79.558898193942099, 43.740061459456001 ], [ -79.558672728648304, 43.740256469811598 ], [ -79.558637745144694, 43.740462246625597 ], [ -79.558701818617095, 43.7406772798509 ], [ -79.5593042522964, 43.741042256298797 ], [ -79.559586907277193, 43.7412647634129 ], [ -79.5597292948936, 43.741411300922003 ], [ -79.560052807696295, 43.741952302560499 ], [ -79.560075014158897, 43.741984812285601 ], [ -79.560241961426001, 43.742229368469403 ], [ -79.560376412971706, 43.742480683478803 ], [ -79.560377943616402, 43.742570676821899 ], [ -79.560355872341503, 43.742598961295997 ], [ -79.560024515177702, 43.742538602615099 ], [ -79.559764044848094, 43.7424966224172 ], [ -79.5595621659496, 43.742519446863099 ], [ -79.559426511803807, 43.742617945762298 ], [ -79.559391565772998, 43.742785044481401 ], [ -79.559280662251695, 43.742966305510798 ], [ -79.559148567623097, 43.742999408402099 ], [ -79.558758499084803, 43.7429168794269 ], [ -79.558388829884507, 43.742731553825998 ], [ -79.558070132431695, 43.7424986027114 ], [ -79.557890942112195, 43.742218449759399 ], [ -79.557849068029299, 43.742131663233302 ], [ -79.557866411570501, 43.742053424884901 ], [ -79.557960315884699, 43.741982708757 ], [ -79.558111181905701, 43.7419504798102 ], [ -79.558336140202499, 43.741838651121 ], [ -79.558392948998303, 43.741757791188199 ], [ -79.558376260098996, 43.741461209617 ], [ -79.558172603718305, 43.741171087198097 ], [ -79.557834088840096, 43.740964510012503 ], [ -79.557639062015497, 43.740955670317199 ], [ -79.557460809804795, 43.741013403866098 ], [ -79.557176316761101, 43.7411982065126 ], [ -79.556964076104407, 43.741314401185903 ], [ -79.556821424404006, 43.741380100065903 ], [ -79.556793607882199, 43.741412914326297 ], [ -79.556793674684698, 43.7414835828489 ], [ -79.556927337500099, 43.7419284014928 ], [ -79.556980542714001, 43.742261068930198 ], [ -79.556896055531993, 43.742575964537899 ], [ -79.556736662410998, 43.742862867489201 ], [ -79.556459633580999, 43.7431015458574 ], [ -79.556033480044306, 43.743209950163703 ], [ -79.555629961191997, 43.743227069552397 ], [ -79.555197605040405, 43.743208646649599 ], [ -79.554752603379697, 43.743210219866597 ], [ -79.554372160363798, 43.7432222920798 ], [ -79.553979000464594, 43.743313867757401 ], [ -79.553646314110196, 43.743430707125597 ], [ -79.553337543680101, 43.743496641502098 ], [ -79.552951197189998, 43.743588813541798 ], [ -79.552558930510301, 43.743727361249 ], [ -79.552523323906897, 43.743743732821599 ], [ -79.552252829761997, 43.743868118551298 ], [ -79.551938452960101, 43.7440597716501 ], [ -79.551559955457293, 43.744190100554 ], [ -79.551209582803907, 43.744238243533701 ], [ -79.550795730529501, 43.7442024143499 ], [ -79.5503706405526, 43.744075568355001 ], [ -79.550008315436102, 43.743860418433798 ], [ -79.549838773843803, 43.7435867745818 ], [ -79.549829488717705, 43.743274679535297 ], [ -79.549936410881301, 43.742943829235998 ], [ -79.550228154609002, 43.742722478543101 ], [ -79.550406687269898, 43.742540746422797 ], [ -79.550423856040595, 43.742405306560698 ], [ -79.550392499367106, 43.7423371811865 ], [ -79.550218402114893, 43.742284249649899 ], [ -79.549985164670403, 43.742284351886198 ], [ -79.549834842565105, 43.742364897396001 ], [ -79.549489438831998, 43.742525665161601 ], [ -79.549337879157093, 43.7425370182075 ], [ -79.549229539476698, 43.742459312421502 ], [ -79.549201960162407, 43.742332641187097 ], [ -79.549310178551593, 43.742202382962802 ], [ -79.549348496465697, 43.741949981324801 ], [ -79.549128476346695, 43.741760060424397 ], [ -79.548781526453297, 43.7416966154276 ], [ -79.548410342967003, 43.741757009382802 ], [ -79.548199474376304, 43.741780933720797 ], [ -79.547996327287706, 43.741803972308297 ], [ -79.547614249956595, 43.741733895615901 ], [ -79.547325576299698, 43.741555980435997 ], [ -79.547025843759101, 43.741379914321399 ], [ -79.546703858441802, 43.741163720080799 ], [ -79.546403725736994, 43.740946885969898 ], [ -79.546392952159295, 43.7409344776636 ], [ -79.546176922365802, 43.740685672458198 ], [ -79.546169137255106, 43.740652317087601 ], [ -79.546138208661006, 43.740519813636602 ], [ -79.546101276468704, 43.740361695126801 ], [ -79.546182744285005, 43.740054720665398 ], [ -79.546426631533606, 43.739789697967502 ], [ -79.546776118160295, 43.739604616412898 ], [ -79.546945456685407, 43.739523500001198 ], [ -79.5471248625078, 43.739441443060301 ], [ -79.547480291596003, 43.739240541746597 ], [ -79.547574507335895, 43.7391926250776 ], [ -79.547836218322402, 43.739059531810703 ], [ -79.548217181828093, 43.7389846796057 ], [ -79.5483578066127, 43.738771417270598 ], [ -79.548364545969704, 43.738491476425899 ], [ -79.548579871769903, 43.738236632524398 ], [ -79.548874671300297, 43.738024177013003 ], [ -79.549274320751493, 43.737915891739597 ], [ -79.549494759878002, 43.737922673431299 ], [ -79.549664807534498, 43.737958685572302 ], [ -79.549760211312304, 43.737985710755098 ], [ -79.549880474032406, 43.737973650705101 ], [ -79.549938474731604, 43.737913488209998 ], [ -79.549992385947704, 43.737802587580099 ], [ -79.550089711290099, 43.737498861703102 ], [ -79.550053193468798, 43.737192683074902 ], [ -79.550248856936406, 43.736909895778602 ], [ -79.550451400854101, 43.736691913914797 ], [ -79.550513783948901, 43.736560225447299 ], [ -79.550559262579796, 43.736403863062002 ], [ -79.550530071124399, 43.7362054259562 ], [ -79.550459389096403, 43.736004000750697 ], [ -79.550285107217306, 43.735871759535797 ], [ -79.550011387138099, 43.735856847579903 ], [ -79.549837258742798, 43.735893000549297 ], [ -79.549576027280196, 43.735938210294201 ], [ -79.549426734318502, 43.735938256947399 ], [ -79.549161290135004, 43.735933294732803 ], [ -79.549107382329495, 43.735896286862499 ], [ -79.549082408415401, 43.7357940706652 ], [ -79.549119270038901, 43.7357078320846 ], [ -79.549369089149295, 43.7354775090879 ], [ -79.549636820432099, 43.735277997959798 ], [ -79.550039737925303, 43.735047993945201 ], [ -79.550332055065297, 43.734890488138099 ], [ -79.550479112988, 43.734804245534001 ], [ -79.550557818530905, 43.734717006853501 ], [ -79.550557715047205, 43.734608758132502 ], [ -79.550478749915996, 43.734416346775298 ], [ -79.550437128808696, 43.734241957346697 ], [ -79.550445038154606, 43.734110922970501 ], [ -79.5504452952555, 43.7341066472733 ], [ -79.550499074477301, 43.733947247766899 ], [ -79.550490701451395, 43.733866060379299 ], [ -79.5504574058847, 43.733730768603799 ], [ -79.550360140769797, 43.733533963610597 ], [ -79.550014698676506, 43.733302576650999 ], [ -79.549609084694794, 43.7332295104057 ], [ -79.549188900899793, 43.733099174162398 ], [ -79.549037875347494, 43.732975382124003 ], [ -79.548947059409997, 43.732870862754503 ], [ -79.549151140636297, 43.732797937219502 ], [ -79.549235366255999, 43.732767350792699 ], [ -79.549279091181404, 43.7327273844869 ], [ -79.549291981627306, 43.7326580604485 ], [ -79.5492659822972, 43.732560561320497 ], [ -79.549203391693197, 43.732361256011799 ], [ -79.549264026430393, 43.732143202059397 ], [ -79.549447317722795, 43.731940982245597 ], [ -79.549626659351702, 43.731857823147102 ], [ -79.549715751389002, 43.731829592571302 ], [ -79.549806457075107, 43.7318013612228 ], [ -79.549872845688796, 43.731759035483599 ], [ -79.549884117613601, 43.731685013429498 ], [ -79.549869482008503, 43.731609832519297 ], [ -79.549764726132096, 43.731384829350603 ], [ -79.549659366424393, 43.731134172824 ], [ -79.549617831427398, 43.7308930478113 ], [ -79.549710356573001, 43.730664988348202 ], [ -79.549992365650695, 43.730510863234898 ], [ -79.550303196511393, 43.7303865998391 ], [ -79.550617763622498, 43.730263783139598 ], [ -79.550876158755401, 43.730197356321597 ], [ -79.551024064618701, 43.730159341185797 ], [ -79.551386685660702, 43.730072577854799 ], [ -79.551749344975505, 43.7300170656437 ], [ -79.552147868674993, 43.729966207565802 ], [ -79.552486330669296, 43.729921298506298 ], [ -79.552805562334598, 43.729888026926297 ], [ -79.553113588537997, 43.7298309243902 ], [ -79.553119148801997, 43.729830102694002 ], [ -79.553423746667406, 43.729784963556902 ], [ -79.553704953661196, 43.729720896000501 ], [ -79.553745755432999, 43.729707645006002 ], [ -79.554026129200494, 43.7296426229194 ], [ -79.554266940647693, 43.729561758756397 ], [ -79.554350367023702, 43.729533734275201 ], [ -79.554672512190194, 43.729431758659501 ], [ -79.554977718159194, 43.729281399636399 ], [ -79.555228387487105, 43.7290707218677 ], [ -79.555370157475195, 43.728832273522599 ], [ -79.555421461225194, 43.728605570500399 ], [ -79.555514830390194, 43.728364796091199 ], [ -79.555664568138795, 43.728141573576401 ], [ -79.555907208410304, 43.727967272191798 ], [ -79.556200414574306, 43.727844747564198 ], [ -79.556564517298298, 43.727759263222303 ], [ -79.556988635793601, 43.727728754383101 ], [ -79.557385014824405, 43.727779260048102 ], [ -79.557760116542795, 43.7278912985578 ], [ -79.558063826455097, 43.728097183028197 ], [ -79.558409133026103, 43.7283157641847 ], [ -79.558806191464797, 43.728522670074497 ], [ -79.558968320149503, 43.728631033456601 ], [ -79.5591672897162, 43.728764013928398 ], [ -79.559561393951, 43.7289903793815 ], [ -79.559995679243698, 43.7291772969673 ], [ -79.560414440805005, 43.729353869681297 ], [ -79.560856432532006, 43.729545901614202 ], [ -79.5613367696279, 43.729724868470498 ], [ -79.5617781474444, 43.729917932298001 ], [ -79.562131977093102, 43.730060797143103 ], [ -79.562221701736505, 43.730100326766198 ], [ -79.562673819317993, 43.730266611603 ], [ -79.563095298095206, 43.7304509230337 ], [ -79.563509008856798, 43.730635228219199 ], [ -79.5639894387471, 43.730792481866402 ], [ -79.564425629985905, 43.730972261517401 ], [ -79.564865792815297, 43.731183541560902 ], [ -79.565328377425104, 43.731372313007299 ], [ -79.565770423534104, 43.731552093162399 ], [ -79.566193435269398, 43.731713880161898 ], [ -79.566581193060699, 43.731907190444701 ], [ -79.566907703762197, 43.732154542664198 ], [ -79.567133043449303, 43.7324649530239 ], [ -79.567309910653606, 43.732775391476999 ], [ -79.567314960626504, 43.732784389733801 ], [ -79.5674592343765, 43.733108357975397 ], [ -79.567572105407294, 43.7334233343542 ], [ -79.567664018201498, 43.733733831399498 ], [ -79.567786576498705, 43.734039800567899 ], [ -79.567949051041097, 43.7343277434097 ], [ -79.568191470484507, 43.734624639567002 ], [ -79.568454042354006, 43.734912521899801 ], [ -79.568741408761994, 43.735168893412798 ], [ -79.569073373091101, 43.735407225794901 ], [ -79.569426277468395, 43.735641043872597 ], [ -79.569811322222805, 43.735829826094601 ], [ -79.570200580155102, 43.735978107911301 ], [ -79.570535069014397, 43.736063413631101 ], [ -79.570566115090998, 43.736072395693903 ], [ -79.570973052699301, 43.736072134736801 ], [ -79.571399365246407, 43.736058358391404 ], [ -79.571787273453594, 43.736049114196497 ], [ -79.572264047765103, 43.736044304147697 ], [ -79.572682188882595, 43.736008025119602 ], [ -79.573033945825401, 43.735926789870703 ], [ -79.573477608031496, 43.7358184818155 ], [ -79.573867748628302, 43.735728209089601 ], [ -79.574204223725502, 43.7355389653953 ], [ -79.574516997691006, 43.735309221637202 ], [ -79.574779392806803, 43.735129025734501 ], [ -79.575052974830797, 43.7349218001944 ], [ -79.575355290945197, 43.734732557507499 ], [ -79.5756560410167, 43.734543324052602 ], [ -79.576019652908599, 43.734354039007897 ], [ -79.576373596908795, 43.734178270104699 ], [ -79.576776848434505, 43.734042963518498 ], [ -79.577255375166999, 43.733907613654701 ], [ -79.577514791840699, 43.733835428191099 ], [ -79.578055346011098, 43.734942076369599 ], [ -79.578309833066399, 43.7355044879749 ], [ -79.578668125748806, 43.7362513706816 ], [ -79.579089117499706, 43.737137763774797 ], [ -79.579543870542295, 43.738028632299702 ], [ -79.579666011817494, 43.738258087400503 ], [ -79.579878382004196, 43.738654019941102 ], [ -79.580402438494701, 43.7397248427514 ], [ -79.580689665879206, 43.740377246735797 ], [ -79.580998553333799, 43.740975618268997 ], [ -79.581619616036093, 43.742275861272702 ], [ -79.582116046386204, 43.743263605058701 ], [ -79.582522240571706, 43.744132892734598 ], [ -79.582564155810502, 43.744213639346803 ], [ -79.580017731024896, 43.7448481635858 ], [ -79.579451860673998, 43.743657787931497 ], [ -79.578401534294997, 43.743885352782897 ], [ -79.573466637385707, 43.7450710124754 ], [ -79.570882865463005, 43.745713242175 ], [ -79.568621081915595, 43.746247701096003 ], [ -79.567637839542201, 43.7460653015792 ], [ -79.567268379110899, 43.7460083889355 ], [ -79.566872577274097, 43.745944982636701 ], [ -79.566514041471194, 43.745885243782602 ], [ -79.566446353076699, 43.745878496240003 ], [ -79.566118391774495, 43.745845796003501 ], [ -79.565679482574694, 43.745770546904197 ], [ -79.565220939382598, 43.745679186155797 ], [ -79.564796625274695, 43.745549846061998 ], [ -79.564390799500998, 43.745407865277201 ], [ -79.563981600727203, 43.745256352653499 ], [ -79.563678767008099, 43.745041023771797 ], [ -79.563404337182206, 43.744796352378899 ], [ -79.563045236677496, 43.7446501102987 ], [ -79.562722215256699, 43.744488689252201 ], [ -79.562352633508397, 43.744313025775298 ], [ -79.562166010907603, 43.744074064219497 ], [ -79.562239437604603, 43.743761763173403 ], [ -79.562259631722299, 43.7437316341151 ] ] ] ] } },
{ "type": "Feature", "properties": { "_id": 30, "AREA_ID": 2502214.0, "DATE_EFFECTIVE": "2022-04-11T21:27:23", "DATE_EXPIRY": "3000/01/01 05:00:00", "AREA_ATTR_ID": 26022729.0, "AREA_TYPE_ID": 602.0, "PARENT_AREA_ID": null, "AREA_TYPE": "CNBH", "AREA_CLASS_ID": null, "AREA_CLASS": "None", "AREA_SHORT_CODE": "002", "AREA_LONG_CODE": "002", "AREA_NAME": "Mount Olive-Silverstone-Jamestown", "AREA_DESC": "Mount Olive-Silverstone-Jamestown (2)", "FEATURE_CODE": null, "FEATURE_CODE_DESC": "None", "TRANS_ID_CREATE": 344709.0, "TRANS_ID_EXPIRE": -1.0, "OBJECTID": 17827169 }, "geometry": { "type": "MultiPolygon", "coordinates": [ [ [ [ -79.579382340665305, 43.762218317121103 ], [ -79.5792491647708, 43.762208661255599 ], [ -79.579070436668502, 43.762220063523003 ], [ -79.578904168028402, 43.762233482176804 ], [ -79.578721949703095, 43.7622636987833 ], [ -79.578656343578601, 43.762268865624499 ], [ -79.578569687948601, 43.762294371573198 ], [ -79.578439788944905, 43.7623308255776 ], [ -79.578318360634, 43.762367777696497 ], [ -79.578156491556499, 43.762403029119596 ], [ -79.578049213918604, 43.762415164012303 ], [ -79.577938552845495, 43.762423259580103 ], [ -79.5777904805649, 43.762409750664297 ], [ -79.577581987994094, 43.7622626690099 ], [ -79.577533983915401, 43.762126315641403 ], [ -79.577676169825494, 43.7620064223374 ], [ -79.577853299418294, 43.7619310519202 ], [ -79.578034544081206, 43.761868811146499 ], [ -79.578206841389999, 43.761793263454997 ], [ -79.578385053949305, 43.761692238092898 ], [ -79.578576906797693, 43.761585001257998 ], [ -79.578760311506599, 43.761457139204097 ], [ -79.578927293188698, 43.761316974573397 ], [ -79.579059113333201, 43.761166293633501 ], [ -79.579184804320406, 43.760983005486899 ], [ -79.579328681862606, 43.760841425073799 ], [ -79.579528990957499, 43.760727150828998 ], [ -79.579742871317293, 43.760648583471799 ], [ -79.579944748918507, 43.760603436514202 ], [ -79.5801923465974, 43.760562055631702 ], [ -79.580401882993797, 43.760486649503399 ], [ -79.580622768561597, 43.760363888741502 ], [ -79.580738665228694, 43.7601979240535 ], [ -79.580781721812798, 43.759994268767997 ], [ -79.580778811888095, 43.759788332649499 ], [ -79.580700539841601, 43.759580010436402 ], [ -79.580641455088099, 43.759417436668897 ], [ -79.580574633166407, 43.759236019831398 ], [ -79.580618631094495, 43.759076847785899 ], [ -79.580766588004806, 43.758927134564502 ], [ -79.580986251474798, 43.758814644287803 ], [ -79.581213894101893, 43.758725731034197 ], [ -79.5815056366812, 43.758650975511401 ], [ -79.581800121373703, 43.7585840663182 ], [ -79.582078989894796, 43.758540741697203 ], [ -79.5824111541056, 43.758511428837899 ], [ -79.582711707250297, 43.758523723390603 ], [ -79.582981726855195, 43.758628994612202 ], [ -79.583259763515201, 43.758702710184501 ], [ -79.583546573872397, 43.758744509449699 ], [ -79.583818976428105, 43.758695721588701 ], [ -79.584002081117305, 43.758562981636601 ], [ -79.584086772009798, 43.758390384552698 ], [ -79.584067133772507, 43.758201202980402 ], [ -79.583985883265996, 43.758009888399698 ], [ -79.583898936127895, 43.757820747223398 ], [ -79.583818917751003, 43.7576128064063 ], [ -79.583861514565498, 43.757435532698899 ], [ -79.584024346635303, 43.757292825232703 ], [ -79.584258347053193, 43.757228555483302 ], [ -79.5845078837161, 43.757191547380003 ], [ -79.584784516372693, 43.757153816542399 ], [ -79.584992941325297, 43.757104056175599 ], [ -79.585118028339096, 43.756951491895499 ], [ -79.585198916119097, 43.756728085038503 ], [ -79.585211726998807, 43.756497032868602 ], [ -79.585121293539899, 43.756293835307098 ], [ -79.584985030700196, 43.756103750486503 ], [ -79.584792815771095, 43.755942861886602 ], [ -79.584593697725097, 43.755817532785301 ], [ -79.584424934369594, 43.755641774228401 ], [ -79.584276656135202, 43.755461787754903 ], [ -79.584162699471605, 43.755235230636302 ], [ -79.584202235298406, 43.755011224775402 ], [ -79.584286635584704, 43.754812497178897 ], [ -79.584243901143594, 43.754623890621701 ], [ -79.584134546251306, 43.7544011825618 ], [ -79.583939532283296, 43.754195648603002 ], [ -79.583648618289203, 43.7540451908432 ], [ -79.583336115496294, 43.753906899697903 ], [ -79.5831251031601, 43.753722132756302 ], [ -79.583116216113595, 43.7535815675161 ], [ -79.583110757575298, 43.7534956730548 ], [ -79.583126906618105, 43.7532397572501 ], [ -79.583151134280598, 43.752989074252397 ], [ -79.583102609623893, 43.752749488628801 ], [ -79.582854973047006, 43.752548860656198 ], [ -79.582652624704295, 43.752447248599999 ], [ -79.582554259097805, 43.752397849096099 ], [ -79.582231734931199, 43.752278365634602 ], [ -79.581855078762104, 43.752164149737197 ], [ -79.581485372525705, 43.752046021120897 ], [ -79.581110458181499, 43.751922980346698 ], [ -79.580791250944898, 43.751819017527303 ], [ -79.580696363182298, 43.7518608411279 ], [ -79.580758044500598, 43.7518081945476 ], [ -79.580751187052698, 43.751805958093598 ], [ -79.580372075802202, 43.751699372052002 ], [ -79.580002968587493, 43.751569824686698 ], [ -79.579719248636593, 43.751396290741802 ], [ -79.579463287653397, 43.751179278990897 ], [ -79.579200486967196, 43.750962550435197 ], [ -79.578909326102902, 43.750792251048402 ], [ -79.578570156128905, 43.750655495403301 ], [ -79.578270291409197, 43.750483139086597 ], [ -79.577895629918402, 43.750360546620698 ], [ -79.577495551513806, 43.750276018244897 ], [ -79.577423338200902, 43.750260495102097 ], [ -79.577106551460702, 43.750192381114701 ], [ -79.576709909789301, 43.750162241939002 ], [ -79.576306686575506, 43.750121646382503 ], [ -79.575929142466094, 43.750071212034499 ], [ -79.575521698147398, 43.750030274466397 ], [ -79.575140650209605, 43.750046565749201 ], [ -79.574812935805198, 43.750104559445099 ], [ -79.574410194236805, 43.750160728818997 ], [ -79.574010984056102, 43.750241656796497 ], [ -79.573619972193299, 43.750336034896797 ], [ -79.573268981638805, 43.750360770707097 ], [ -79.572970659946094, 43.750197841749703 ], [ -79.572780278385693, 43.749970682750003 ], [ -79.572694794488598, 43.749710332326103 ], [ -79.572761660441202, 43.749454277531001 ], [ -79.572892085143707, 43.749185580482802 ], [ -79.573014803764295, 43.748921784851703 ], [ -79.573126964252495, 43.748645520161197 ], [ -79.5732199662082, 43.748339968696001 ], [ -79.573342468419497, 43.748003218033404 ], [ -79.573378970633101, 43.747685821051398 ], [ -79.573304652931398, 43.747417785780002 ], [ -79.573114658450507, 43.7471657926449 ], [ -79.572848238506396, 43.746961869364299 ], [ -79.572466434714599, 43.746840406729397 ], [ -79.572061882721201, 43.746799346954901 ], [ -79.571659490762599, 43.746809510272101 ], [ -79.571272098147304, 43.746799104060301 ], [ -79.570928714388003, 43.746729756323603 ], [ -79.570575621305906, 43.746638855655 ], [ -79.570158344767194, 43.746565563668597 ], [ -79.569743636465404, 43.746457631938199 ], [ -79.569395648064003, 43.746386644181001 ], [ -79.569127431088404, 43.7463658518963 ], [ -79.568621081915595, 43.746247701096003 ], [ -79.570882865463005, 43.745713242175 ], [ -79.573466637385707, 43.7450710124754 ], [ -79.578401534294997, 43.743885352782897 ], [ -79.579451860673998, 43.743657787931497 ], [ -79.580017731024896, 43.7448481635858 ], [ -79.582564155810502, 43.744213639346803 ], [ -79.582522240571706, 43.744132892734598 ], [ -79.582116046386204, 43.743263605058701 ], [ -79.581619616036093, 43.742275861272702 ], [ -79.580998553333799, 43.740975618268997 ], [ -79.580689665879206, 43.740377246735797 ], [ -79.580402438494701, 43.7397248427514 ], [ -79.579878382004196, 43.738654019941102 ], [ -79.579666011817494, 43.738258087400503 ], [ -79.579543870542295, 43.738028632299702 ], [ -79.579089117499706, 43.737137763774797 ], [ -79.578668125748806, 43.7362513706816 ], [ -79.578309833066399, 43.7355044879749 ], [ -79.578055346011098, 43.734942076369599 ], [ -79.577514791840699, 43.733835428191099 ], [ -79.577633848556204, 43.733803834086601 ], [ -79.578037935992796, 43.733704554395601 ], [ -79.578412172352998, 43.733618786599401 ], [ -79.578647234670896, 43.733559099972098 ], [ -79.578847688680398, 43.733519482477803 ], [ -79.579271963272802, 43.733415683877297 ], [ -79.579489074065705, 43.733328041144503 ], [ -79.579814027940003, 43.7332172705947 ], [ -79.580022423170107, 43.733064590042403 ], [ -79.580084554610707, 43.733019072312203 ], [ -79.580289835512005, 43.732784896307599 ], [ -79.580434593849702, 43.732528268454601 ], [ -79.580522714550995, 43.732276171935098 ], [ -79.580527702262401, 43.7321909357603 ], [ -79.580534983226499, 43.732168148513303 ], [ -79.580534996383605, 43.732066803636499 ], [ -79.580534983173095, 43.7320106269581 ], [ -79.580534951911105, 43.731857606036698 ], [ -79.5803827971488, 43.731520175928701 ], [ -79.580284369859896, 43.7313510759369 ], [ -79.580240459752702, 43.731254739570304 ], [ -79.580092692234302, 43.731002808677502 ], [ -79.579775542733302, 43.730400118818402 ], [ -79.579711493881703, 43.7302334876427 ], [ -79.579609498613493, 43.729963530680998 ], [ -79.579504436761297, 43.729720579455098 ], [ -79.579351689983, 43.729509165561801 ], [ -79.5792637099769, 43.729266202235202 ], [ -79.579203250281196, 43.729014209526198 ], [ -79.579232691351095, 43.728946787861801 ], [ -79.5792976372651, 43.728798105400003 ], [ -79.579508445283295, 43.728631427069601 ], [ -79.580902461383403, 43.7283256579924 ], [ -79.581236868404204, 43.728315591460202 ], [ -79.581653693250701, 43.728413858006199 ], [ -79.582067373161195, 43.728535078443699 ], [ -79.582548492985794, 43.728620252749003 ], [ -79.582939616036597, 43.7287009897478 ], [ -79.5833467156057, 43.728826710941703 ], [ -79.583794076695696, 43.728893902137202 ], [ -79.584137835825203, 43.7289566672709 ], [ -79.584516524887604, 43.729010404311197 ], [ -79.584939782139799, 43.729050596129703 ], [ -79.585340503320396, 43.729059307882402 ], [ -79.585743551792305, 43.729063515866201 ], [ -79.586117375847806, 43.728977723084299 ], [ -79.586450409059907, 43.728864965228396 ], [ -79.586735699506704, 43.7287162286895 ], [ -79.587015460585505, 43.728504486983397 ], [ -79.587356488263296, 43.728292706778802 ], [ -79.587650349155794, 43.728074714868598 ], [ -79.587950541078001, 43.728749352056802 ], [ -79.588348204548197, 43.729642994153799 ], [ -79.588558318050005, 43.730115180371101 ], [ -79.588750227077, 43.730538422587202 ], [ -79.5894232625662, 43.732022687397297 ], [ -79.590371196321598, 43.734011303731798 ], [ -79.591703288603696, 43.736772980176603 ], [ -79.592125852592304, 43.737690639150301 ], [ -79.592261673319598, 43.737961088345401 ], [ -79.592822789133507, 43.739078513735699 ], [ -79.593444009299404, 43.7403520761751 ], [ -79.593550207408796, 43.740614797876603 ], [ -79.593677110222899, 43.740866485009697 ], [ -79.594210699175605, 43.741924832586299 ], [ -79.594230539036104, 43.741964421582097 ], [ -79.594581661699905, 43.742706929867403 ], [ -79.595368188836602, 43.744286736395402 ], [ -79.596307024951201, 43.746219553289599 ], [ -79.596491052524897, 43.746578510313803 ], [ -79.5965240718606, 43.746642922086501 ], [ -79.596544562833401, 43.746683986295999 ], [ -79.596603581866901, 43.746802194305197 ], [ -79.597616657814697, 43.748831195699601 ], [ -79.598598082492998, 43.7509018452525 ], [ -79.599302430148896, 43.752300193093603 ], [ -79.600052956727296, 43.754027282559903 ], [ -79.600240182600999, 43.7542956062074 ], [ -79.600475063639294, 43.754656275928198 ], [ -79.600604617732202, 43.754832108340601 ], [ -79.600774463441496, 43.7550635864771 ], [ -79.600964283109704, 43.755260635141703 ], [ -79.601662577140004, 43.755998537161503 ], [ -79.601817631743899, 43.756166586443896 ], [ -79.6033810657499, 43.757861061619103 ], [ -79.602052337378794, 43.758153228204399 ], [ -79.599663713262402, 43.758694039181201 ], [ -79.597018649351099, 43.7592923197193 ], [ -79.596072662989201, 43.759498561908103 ], [ -79.592912735889001, 43.760214275402703 ], [ -79.590415315700596, 43.760779824583402 ], [ -79.580643881803894, 43.7630179182296 ], [ -79.580478181397595, 43.762882189169197 ], [ -79.580424653698898, 43.7628461861094 ], [ -79.580351722628507, 43.762807343291598 ], [ -79.580267764649506, 43.762769786339497 ], [ -79.580179274938601, 43.762733249638302 ], [ -79.580100132559906, 43.762683789619899 ], [ -79.580002615106906, 43.762610840319503 ], [ -79.579913865538003, 43.762546732968403 ], [ -79.5798203945306, 43.762471665403197 ], [ -79.579780092591307, 43.7624155081525 ], [ -79.579625279104107, 43.762329393768603 ], [ -79.579582590243106, 43.762299359545601 ], [ -79.579527372176898, 43.762270954237998 ], [ -79.579479880338496, 43.762252813882299 ], [ -79.579382340665305, 43.762218317121103 ] ] ] ] } },
{ "type": "Feature", "properties": { "_id": 31, "AREA_ID": 2502212.0, "DATE_EFFECTIVE": "2022-04-11T21:27:23", "DATE_EXPIRY": "3000/01/01 05:00:00", "AREA_ATTR_ID": 26022727.0, "AREA_TYPE_ID": 602.0, "PARENT_AREA_ID": null, "AREA_TYPE": "CNBH", "AREA_CLASS_ID": null, "AREA_CLASS": "None", "AREA_SHORT_CODE": "024", "AREA_LONG_CODE": "024", "AREA_NAME": "Black Creek", "AREA_DESC": "Black Creek (24)", "FEATURE_CODE": null, "FEATURE_CODE_DESC": "None", "TRANS_ID_CREATE": 344709.0, "TRANS_ID_EXPIRE": -1.0, "OBJECTID": 17827201 }, "geometry": { "type": "MultiPolygon", "coordinates": [ [ [ [ -79.519145865142406, 43.773991380840698 ], [ -79.519007362212193, 43.7739615830952 ], [ -79.518822666263105, 43.774025089882699 ], [ -79.518732390870298, 43.774130805403203 ], [ -79.518619833920297, 43.774089328421503 ], [ -79.518547755547004, 43.773950983221297 ], [ -79.518588327776897, 43.773836562808803 ], [ -79.518694143163899, 43.7737715571309 ], [ -79.518930955497396, 43.773571944291803 ], [ -79.518894131552599, 43.773397507775101 ], [ -79.518827000286294, 43.773229098018398 ], [ -79.518701246766696, 43.773088160385598 ], [ -79.518361079500806, 43.772862835306199 ], [ -79.518146170186895, 43.772823804560801 ], [ -79.518191822131797, 43.772624781482101 ], [ -79.518080210653096, 43.772412461634602 ], [ -79.517825151093703, 43.772272812564097 ], [ -79.517584652812303, 43.7721820190256 ], [ -79.517356308435197, 43.772064840708502 ], [ -79.517172696882994, 43.771953379964202 ], [ -79.517027456531096, 43.771842498288599 ], [ -79.517017228380496, 43.771649046678803 ], [ -79.5170587797232, 43.771434722633202 ], [ -79.5169886728346, 43.7712599123507 ], [ -79.516828285826094, 43.771124396455598 ], [ -79.516729002197494, 43.770994704163499 ], [ -79.516847609208796, 43.770931678547299 ], [ -79.516703674229007, 43.770590636303901 ], [ -79.516500412104406, 43.770413063716198 ], [ -79.516324606766304, 43.770252256026303 ], [ -79.5162242974083, 43.770132563724502 ], [ -79.516190537169393, 43.770089245870899 ], [ -79.516016002612204, 43.769982624573998 ], [ -79.515876647915903, 43.770025921652397 ], [ -79.515742105840502, 43.769949259276302 ], [ -79.515599639591201, 43.769921195152101 ], [ -79.515537569951505, 43.770013915680799 ], [ -79.515363669257098, 43.770000446431801 ], [ -79.515218428926204, 43.769857824285502 ], [ -79.515141136612399, 43.769729180792197 ], [ -79.515167563525594, 43.769609731726398 ], [ -79.514955386769003, 43.769465389874 ], [ -79.514623930807801, 43.769675808175897 ], [ -79.514483627520903, 43.769855750479501 ], [ -79.514352000255798, 43.769960405711998 ], [ -79.5143090185597, 43.769994588552002 ], [ -79.5138825305891, 43.770133601244197 ], [ -79.513629146174097, 43.770119508900997 ], [ -79.513395614937707, 43.770067239700303 ], [ -79.513156012950802, 43.770027860399402 ], [ -79.512923371810601, 43.770010055618698 ], [ -79.512459926396602, 43.7699055134592 ], [ -79.512253215701904, 43.769798880914898 ], [ -79.512186233135694, 43.769639468307702 ], [ -79.512321562608406, 43.769341785008002 ], [ -79.512206898140306, 43.769193277951601 ], [ -79.511990515667705, 43.7691553789127 ], [ -79.511900722444693, 43.769210853528399 ], [ -79.511841197661695, 43.7690695412861 ], [ -79.511742808831897, 43.768933363677903 ], [ -79.511644045559294, 43.768849563851703 ], [ -79.511441082487494, 43.768828161554403 ], [ -79.511234152821203, 43.768783005188197 ], [ -79.511266170826801, 43.768633213496301 ], [ -79.511357434679297, 43.768474126707503 ], [ -79.511335791884207, 43.768313124843701 ], [ -79.511177034455002, 43.768213326450102 ], [ -79.510961412240903, 43.768166685240999 ], [ -79.510984860619502, 43.7680190007083 ], [ -79.510935152054799, 43.767880189347402 ], [ -79.510769685453496, 43.7677593912791 ], [ -79.510653152368505, 43.767611170836297 ], [ -79.510514641720306, 43.767500100148901 ], [ -79.510390435603895, 43.767505881261599 ], [ -79.510301392591799, 43.767584541598197 ], [ -79.510133575159998, 43.7675052832425 ], [ -79.510052949719494, 43.767341468954399 ], [ -79.510159383782806, 43.767275561930703 ], [ -79.5103342536909, 43.7672718557709 ], [ -79.510352491684301, 43.767153668671803 ], [ -79.510008328246897, 43.767154131383101 ], [ -79.509856162464999, 43.767075321301398 ], [ -79.509847572620004, 43.766955759408901 ], [ -79.509912871437194, 43.766752696208599 ], [ -79.509498661916993, 43.7668541746499 ], [ -79.509333716073201, 43.7667706483129 ], [ -79.509292455622202, 43.766614391234903 ], [ -79.509330191949502, 43.766472340576101 ], [ -79.509255642808398, 43.766302764445697 ], [ -79.5091152691964, 43.766155453444 ], [ -79.509069415845204, 43.766010160070202 ], [ -79.509020331407697, 43.7658514821766 ], [ -79.508890524300199, 43.765755368758697 ], [ -79.508699868392895, 43.765731053243201 ], [ -79.508585449504906, 43.765625586079302 ], [ -79.508388336446302, 43.765518675708002 ], [ -79.508173576877795, 43.765426492187601 ], [ -79.507969507840997, 43.765304369593999 ], [ -79.507785548175903, 43.765183676452899 ], [ -79.507610780561095, 43.765065799770902 ], [ -79.507461101558704, 43.764941125293099 ], [ -79.507383203393303, 43.764749054164199 ], [ -79.507211426755006, 43.7645951539441 ], [ -79.507213362779495, 43.764479200610403 ], [ -79.5072146329411, 43.764403419587602 ], [ -79.507171387493202, 43.764205855383103 ], [ -79.507255578073298, 43.764063343364697 ], [ -79.5073046207564, 43.763929222633799 ], [ -79.507312675844901, 43.763782322829996 ], [ -79.507309056436398, 43.763637557049201 ], [ -79.507362443916406, 43.763489610189303 ], [ -79.507379936486302, 43.763331278259002 ], [ -79.5074499726921, 43.763236644280603 ], [ -79.507629923969006, 43.763239521789203 ], [ -79.507831753449494, 43.763295018432302 ], [ -79.508031469840105, 43.763334906816198 ], [ -79.5082264410931, 43.763276736307603 ], [ -79.508402412329104, 43.763149077731697 ], [ -79.508454056482606, 43.762990986143897 ], [ -79.508454564818905, 43.762984775289802 ], [ -79.508466206911194, 43.7628423937091 ], [ -79.508382735861503, 43.762768320120799 ], [ -79.508194592587003, 43.762792177900103 ], [ -79.508152085212302, 43.762740388129203 ], [ -79.508130620381806, 43.7627142322183 ], [ -79.508278158468201, 43.762654723803102 ], [ -79.508499957338799, 43.762621412144703 ], [ -79.508687981936205, 43.762554411196497 ], [ -79.508761239732294, 43.762428560050203 ], [ -79.5086990956314, 43.762283978773802 ], [ -79.508697878095305, 43.762281134492198 ], [ -79.508631670730793, 43.762206528693397 ], [ -79.5084965312533, 43.762195008301802 ], [ -79.508467753283597, 43.762182786828902 ], [ -79.508407173747798, 43.762206563429203 ], [ -79.508360875170396, 43.7622191504813 ], [ -79.508327117773206, 43.762212861117703 ], [ -79.508303006461503, 43.762177911272303 ], [ -79.5082692292589, 43.762117785807902 ], [ -79.508237389868299, 43.762059766470401 ], [ -79.508220019055898, 43.761999648807802 ], [ -79.508221333395795, 43.761984058661099 ], [ -79.508222908124296, 43.761965390090303 ], [ -79.508237173004503, 43.761927476072302 ], [ -79.508245165424896, 43.761885421959697 ], [ -79.508256422216405, 43.7618291367369 ], [ -79.508231825201804, 43.761782980433701 ], [ -79.508175190091293, 43.761676653496998 ], [ -79.508012614326901, 43.761643540647597 ], [ -79.507779740459299, 43.761579936356803 ], [ -79.507600523275698, 43.761450331342203 ], [ -79.507443151656702, 43.761312722568803 ], [ -79.507424375784097, 43.761130521781503 ], [ -79.507447330626306, 43.7609609289361 ], [ -79.507395883456098, 43.760809892365501 ], [ -79.507203033882803, 43.7607911012025 ], [ -79.507001598825198, 43.760845750922797 ], [ -79.506845488751296, 43.760745307135103 ], [ -79.5067031541153, 43.760662054592501 ], [ -79.506533016879501, 43.760727611086899 ], [ -79.506344631486897, 43.760757226602898 ], [ -79.506214746706505, 43.760842754014199 ], [ -79.505998149244405, 43.7608000099493 ], [ -79.505903379226197, 43.760692567716298 ], [ -79.506056129681596, 43.760623412606499 ], [ -79.505917274995298, 43.760552031464798 ], [ -79.505717093762001, 43.7606050496439 ], [ -79.505536659325699, 43.760663161188802 ], [ -79.505350861224102, 43.760602403024599 ], [ -79.505160114622797, 43.760616273623299 ], [ -79.504974590315996, 43.760556054905798 ], [ -79.504937308421603, 43.760414386836402 ], [ -79.504951442057305, 43.760270268212501 ], [ -79.504932733491302, 43.760206648627303 ], [ -79.504903850821904, 43.7601084199081 ], [ -79.504882552597195, 43.759963978757 ], [ -79.5052879181885, 43.7598734897798 ], [ -79.507930520191806, 43.759283561087699 ], [ -79.508874767786295, 43.7590672380976 ], [ -79.509554197130299, 43.758911588759602 ], [ -79.513445541580793, 43.758059045541899 ], [ -79.515363107107305, 43.757612155761798 ], [ -79.5156060760157, 43.757555541353597 ], [ -79.515823774997898, 43.7575083001704 ], [ -79.516010267778697, 43.757469200025199 ], [ -79.516161941536097, 43.757441446006197 ], [ -79.516289934591697, 43.757420167020399 ], [ -79.516445779184394, 43.757386687271797 ], [ -79.516790320392204, 43.757338795841697 ], [ -79.516959987903803, 43.757310642065903 ], [ -79.517731818997902, 43.757234824904899 ], [ -79.5180781782434, 43.757209594311803 ], [ -79.518564338895601, 43.757162854201397 ], [ -79.5189671249572, 43.7571300507337 ], [ -79.519332341021496, 43.757048069690697 ], [ -79.519550483692299, 43.757005105897903 ], [ -79.520702420337301, 43.756732130905 ], [ -79.522508246955695, 43.756348338714503 ], [ -79.524287100586506, 43.755928554929604 ], [ -79.526906046497402, 43.755312475721098 ], [ -79.528528885192102, 43.7549564539407 ], [ -79.530419420323497, 43.754541695369802 ], [ -79.530563950069805, 43.754509990603502 ], [ -79.530790814634102, 43.755478125343998 ], [ -79.531135388019507, 43.756948575054999 ], [ -79.531253206231099, 43.757456606201899 ], [ -79.531322322357695, 43.7577546167403 ], [ -79.531385265547001, 43.758025994392199 ], [ -79.531699405083998, 43.759380496782299 ], [ -79.532271490659198, 43.7616964141354 ], [ -79.533964756635797, 43.7688567669218 ], [ -79.5341914827778, 43.769804495854302 ], [ -79.5348814539865, 43.772688136266801 ], [ -79.534408978486496, 43.7727739706013 ], [ -79.533314032434703, 43.772972887754598 ], [ -79.531775556244398, 43.773313587946902 ], [ -79.529780572989097, 43.773716324294497 ], [ -79.5297721268755, 43.773718027715297 ], [ -79.529759097504098, 43.773720659449097 ], [ -79.526833318868199, 43.774303273153897 ], [ -79.523447901686495, 43.774991211747 ], [ -79.523003147517699, 43.775088640713797 ], [ -79.522304290123103, 43.775276687529399 ], [ -79.521735455372095, 43.775470754195098 ], [ -79.521354148083802, 43.775043675841601 ], [ -79.521208786351394, 43.774983863167897 ], [ -79.521033591657897, 43.774867402473703 ], [ -79.520858395498095, 43.774744766709901 ], [ -79.520719967095602, 43.774614518031001 ], [ -79.520555837735401, 43.774520197456397 ], [ -79.520379783436994, 43.774425302696898 ], [ -79.520127227868599, 43.7743854632878 ], [ -79.519861629011103, 43.774344446434903 ], [ -79.519633531036206, 43.774259775877802 ], [ -79.519427155821603, 43.774123992555602 ], [ -79.519274454388594, 43.774056689689402 ], [ -79.519145865142406, 43.773991380840698 ] ] ] ] } },
{ "type": "Feature", "properties": { "_id": 32, "AREA_ID": 2502210.0, "DATE_EFFECTIVE": "2022-04-11T21:27:23", "DATE_EXPIRY": "3000/01/01 05:00:00", "AREA_ATTR_ID": 26022725.0, "AREA_TYPE_ID": 602.0, "PARENT_AREA_ID": null, "AREA_TYPE": "CNBH", "AREA_CLASS_ID": null, "AREA_CLASS": "None", "AREA_SHORT_CODE": "022", "AREA_LONG_CODE": "022", "AREA_NAME": "Humbermede", "AREA_DESC": "Humbermede (22)", "FEATURE_CODE": null, "FEATURE_CODE_DESC": "None", "TRANS_ID_CREATE": 344709.0, "TRANS_ID_EXPIRE": -1.0, "OBJECTID": 17827233 }, "geometry": { "type": "MultiPolygon", "coordinates": [ [ [ [ -79.528126603828895, 43.744251520269799 ], [ -79.527205577911303, 43.7403817964355 ], [ -79.526280116036801, 43.736401582528799 ], [ -79.526487165041601, 43.736353450190897 ], [ -79.5272614940815, 43.736164647451197 ], [ -79.528906774587099, 43.735797938311102 ], [ -79.529327912424506, 43.735696135174599 ], [ -79.532251130725996, 43.735047745472002 ], [ -79.533955236109307, 43.734670838600501 ], [ -79.535451347400098, 43.734330002916202 ], [ -79.538228849307202, 43.7337468092053 ], [ -79.543959158195506, 43.732481435341299 ], [ -79.544410450800598, 43.732381770276703 ], [ -79.544593155981005, 43.732403896179903 ], [ -79.544798903995499, 43.7323638592582 ], [ -79.544981907119407, 43.732269796525301 ], [ -79.545124767681699, 43.732146630367502 ], [ -79.545333942066506, 43.731845285357899 ], [ -79.545499794313699, 43.731530581370897 ], [ -79.545588860236407, 43.731482371283398 ], [ -79.545856813865697, 43.731450984812298 ], [ -79.546324278816101, 43.731443235278 ], [ -79.546769122668294, 43.731557927860401 ], [ -79.547182520493195, 43.7317613478425 ], [ -79.547555816657606, 43.731953027404302 ], [ -79.547700336109003, 43.732144594414102 ], [ -79.547806182209101, 43.732390535853597 ], [ -79.548216219039702, 43.732570784303398 ], [ -79.548560930001798, 43.732709977430702 ], [ -79.5488660132456, 43.732827421487301 ], [ -79.548947059409997, 43.732870862754503 ], [ -79.549037875347494, 43.732975382124003 ], [ -79.549188900899793, 43.733099174162398 ], [ -79.549609084694794, 43.7332295104057 ], [ -79.550014698676506, 43.733302576650999 ], [ -79.550360140769797, 43.733533963610597 ], [ -79.5504574058847, 43.733730768603799 ], [ -79.550490701451395, 43.733866060379299 ], [ -79.550499074477301, 43.733947247766899 ], [ -79.5504452952555, 43.7341066472733 ], [ -79.550445038154606, 43.734110922970501 ], [ -79.550437128808696, 43.734241957346697 ], [ -79.550478749915996, 43.734416346775298 ], [ -79.550557715047205, 43.734608758132502 ], [ -79.550557818530905, 43.734717006853501 ], [ -79.550479112988, 43.734804245534001 ], [ -79.550332055065297, 43.734890488138099 ], [ -79.550039737925303, 43.735047993945201 ], [ -79.549636820432099, 43.735277997959798 ], [ -79.549369089149295, 43.7354775090879 ], [ -79.549119270038901, 43.7357078320846 ], [ -79.549082408415401, 43.7357940706652 ], [ -79.549107382329495, 43.735896286862499 ], [ -79.549161290135004, 43.735933294732803 ], [ -79.549426734318502, 43.735938256947399 ], [ -79.549576027280196, 43.735938210294201 ], [ -79.549837258742798, 43.735893000549297 ], [ -79.550011387138099, 43.735856847579903 ], [ -79.550285107217306, 43.735871759535797 ], [ -79.550459389096403, 43.736004000750697 ], [ -79.550530071124399, 43.7362054259562 ], [ -79.550559262579796, 43.736403863062002 ], [ -79.550513783948901, 43.736560225447299 ], [ -79.550451400854101, 43.736691913914797 ], [ -79.550248856936406, 43.736909895778602 ], [ -79.550053193468798, 43.737192683074902 ], [ -79.550089711290099, 43.737498861703102 ], [ -79.549992385947704, 43.737802587580099 ], [ -79.549938474731604, 43.737913488209998 ], [ -79.549880474032406, 43.737973650705101 ], [ -79.549760211312304, 43.737985710755098 ], [ -79.549664807534498, 43.737958685572302 ], [ -79.549494759878002, 43.737922673431299 ], [ -79.549274320751493, 43.737915891739597 ], [ -79.548874671300297, 43.738024177013003 ], [ -79.548579871769903, 43.738236632524398 ], [ -79.548364545969704, 43.738491476425899 ], [ -79.5483578066127, 43.738771417270598 ], [ -79.548217181828093, 43.7389846796057 ], [ -79.547836218322402, 43.739059531810703 ], [ -79.547574507335895, 43.7391926250776 ], [ -79.547480291596003, 43.739240541746597 ], [ -79.5471248625078, 43.739441443060301 ], [ -79.546945456685407, 43.739523500001198 ], [ -79.546776118160295, 43.739604616412898 ], [ -79.546426631533606, 43.739789697967502 ], [ -79.546182744285005, 43.740054720665398 ], [ -79.546101276468704, 43.740361695126801 ], [ -79.546138208661006, 43.740519813636602 ], [ -79.546169137255106, 43.740652317087601 ], [ -79.546176922365802, 43.740685672458198 ], [ -79.546392952159295, 43.7409344776636 ], [ -79.546403725736994, 43.740946885969898 ], [ -79.546703858441802, 43.741163720080799 ], [ -79.547025843759101, 43.741379914321399 ], [ -79.547325576299698, 43.741555980435997 ], [ -79.547614249956595, 43.741733895615901 ], [ -79.547996327287706, 43.741803972308297 ], [ -79.548199474376304, 43.741780933720797 ], [ -79.548410342967003, 43.741757009382802 ], [ -79.548781526453297, 43.7416966154276 ], [ -79.549128476346695, 43.741760060424397 ], [ -79.549348496465697, 43.741949981324801 ], [ -79.549310178551593, 43.742202382962802 ], [ -79.549201960162407, 43.742332641187097 ], [ -79.549229539476698, 43.742459312421502 ], [ -79.549337879157093, 43.7425370182075 ], [ -79.549489438831998, 43.742525665161601 ], [ -79.549834842565105, 43.742364897396001 ], [ -79.549985164670403, 43.742284351886198 ], [ -79.550218402114893, 43.742284249649899 ], [ -79.550392499367106, 43.7423371811865 ], [ -79.550423856040595, 43.742405306560698 ], [ -79.550406687269898, 43.742540746422797 ], [ -79.550228154609002, 43.742722478543101 ], [ -79.549936410881301, 43.742943829235998 ], [ -79.549829488717705, 43.743274679535297 ], [ -79.549838773843803, 43.7435867745818 ], [ -79.550008315436102, 43.743860418433798 ], [ -79.5503706405526, 43.744075568355001 ], [ -79.550795730529501, 43.7442024143499 ], [ -79.551209582803907, 43.744238243533701 ], [ -79.551559955457293, 43.744190100554 ], [ -79.551938452960101, 43.7440597716501 ], [ -79.552252829761997, 43.743868118551298 ], [ -79.552523323906897, 43.743743732821599 ], [ -79.552558930510301, 43.743727361249 ], [ -79.552951197189998, 43.743588813541798 ], [ -79.553337543680101, 43.743496641502098 ], [ -79.553646314110196, 43.743430707125597 ], [ -79.553979000464594, 43.743313867757401 ], [ -79.554372160363798, 43.7432222920798 ], [ -79.554752603379697, 43.743210219866597 ], [ -79.555197605040405, 43.743208646649599 ], [ -79.555629961191997, 43.743227069552397 ], [ -79.556033480044306, 43.743209950163703 ], [ -79.556459633580999, 43.7431015458574 ], [ -79.556736662410998, 43.742862867489201 ], [ -79.556896055531993, 43.742575964537899 ], [ -79.556980542714001, 43.742261068930198 ], [ -79.556927337500099, 43.7419284014928 ], [ -79.556793674684698, 43.7414835828489 ], [ -79.556793607882199, 43.741412914326297 ], [ -79.556821424404006, 43.741380100065903 ], [ -79.556964076104407, 43.741314401185903 ], [ -79.557176316761101, 43.7411982065126 ], [ -79.557460809804795, 43.741013403866098 ], [ -79.557639062015497, 43.740955670317199 ], [ -79.557834088840096, 43.740964510012503 ], [ -79.558172603718305, 43.741171087198097 ], [ -79.558376260098996, 43.741461209617 ], [ -79.558392948998303, 43.741757791188199 ], [ -79.558336140202499, 43.741838651121 ], [ -79.558111181905701, 43.7419504798102 ], [ -79.557960315884699, 43.741982708757 ], [ -79.557866411570501, 43.742053424884901 ], [ -79.557849068029299, 43.742131663233302 ], [ -79.557890942112195, 43.742218449759399 ], [ -79.558070132431695, 43.7424986027114 ], [ -79.558388829884507, 43.742731553825998 ], [ -79.558758499084803, 43.7429168794269 ], [ -79.559148567623097, 43.742999408402099 ], [ -79.559280662251695, 43.742966305510798 ], [ -79.559391565772998, 43.742785044481401 ], [ -79.559426511803807, 43.742617945762298 ], [ -79.5595621659496, 43.742519446863099 ], [ -79.559764044848094, 43.7424966224172 ], [ -79.560024515177702, 43.742538602615099 ], [ -79.560355872341503, 43.742598961295997 ], [ -79.560377943616402, 43.742570676821899 ], [ -79.560376412971706, 43.742480683478803 ], [ -79.560241961426001, 43.742229368469403 ], [ -79.560075014158897, 43.741984812285601 ], [ -79.560052807696295, 43.741952302560499 ], [ -79.5597292948936, 43.741411300922003 ], [ -79.559586907277193, 43.7412647634129 ], [ -79.5593042522964, 43.741042256298797 ], [ -79.558701818617095, 43.7406772798509 ], [ -79.558637745144694, 43.740462246625597 ], [ -79.558672728648304, 43.740256469811598 ], [ -79.558898193942099, 43.740061459456001 ], [ -79.559272438713904, 43.739878640255903 ], [ -79.559891804012196, 43.739809710099003 ], [ -79.560251815625705, 43.7397868018124 ], [ -79.560608329053395, 43.739779286332599 ], [ -79.561047969622194, 43.739805020884504 ], [ -79.561401409651907, 43.739875788179702 ], [ -79.561737396215406, 43.739947733968201 ], [ -79.562180675349595, 43.7400687131002 ], [ -79.5625266888445, 43.7401702561205 ], [ -79.562938433097003, 43.740429832320203 ], [ -79.563177373040205, 43.740641085116202 ], [ -79.563347573552903, 43.740889424535702 ], [ -79.5633677829954, 43.7413108053371 ], [ -79.563295793087093, 43.741646842655101 ], [ -79.563036718643801, 43.741845129610198 ], [ -79.562714366946196, 43.742025367264603 ], [ -79.562064242895005, 43.742107786214497 ], [ -79.561909659500998, 43.742109247233898 ], [ -79.561744758939994, 43.742110794628999 ], [ -79.561662435287602, 43.742126078129303 ], [ -79.561473917460802, 43.742161095391999 ], [ -79.561374215298002, 43.742179601464102 ], [ -79.561146710016004, 43.742297549313797 ], [ -79.560998073826397, 43.742580941991697 ], [ -79.560979376181706, 43.7426300535978 ], [ -79.560998508864003, 43.742630340429002 ], [ -79.561459039594396, 43.742654658045801 ], [ -79.561897991147305, 43.742701839580199 ], [ -79.562292864870301, 43.742853736590298 ], [ -79.562459300139906, 43.743144150964099 ], [ -79.562448691241798, 43.743449009882397 ], [ -79.5623956467673, 43.743528411555303 ], [ -79.562335499286704, 43.7436187715535 ], [ -79.562259631722299, 43.7437316341151 ], [ -79.562239437604603, 43.743761763173403 ], [ -79.562166010907603, 43.744074064219497 ], [ -79.562352633508397, 43.744313025775298 ], [ -79.562722215256699, 43.744488689252201 ], [ -79.563045236677496, 43.7446501102987 ], [ -79.563404337182206, 43.744796352378899 ], [ -79.563678767008099, 43.745041023771797 ], [ -79.563981600727203, 43.745256352653499 ], [ -79.564390799500998, 43.745407865277201 ], [ -79.564796625274695, 43.745549846061998 ], [ -79.565220939382598, 43.745679186155797 ], [ -79.565679482574694, 43.745770546904197 ], [ -79.566118391774495, 43.745845796003501 ], [ -79.566446353076699, 43.745878496240003 ], [ -79.566514041471194, 43.745885243782602 ], [ -79.566872577274097, 43.745944982636701 ], [ -79.567268379110899, 43.7460083889355 ], [ -79.567637839542201, 43.7460653015792 ], [ -79.568621081915595, 43.746247701096003 ], [ -79.568280038314199, 43.746320077034198 ], [ -79.568154055304902, 43.746346813806397 ], [ -79.567711929128805, 43.7464302657568 ], [ -79.567339414028297, 43.746541335720998 ], [ -79.566901480614604, 43.7466346653909 ], [ -79.566545086358303, 43.7467409346824 ], [ -79.566125105020802, 43.746868644539198 ], [ -79.566033433226096, 43.746890156417997 ], [ -79.565783963945805, 43.746948682107998 ], [ -79.565546269731897, 43.7470115480846 ], [ -79.565076900346, 43.7471359249448 ], [ -79.564714790432404, 43.747232659495303 ], [ -79.564415673010799, 43.747310481880803 ], [ -79.562359693440001, 43.7477650669071 ], [ -79.558784914027399, 43.748557375291803 ], [ -79.557633161495403, 43.7487949095838 ], [ -79.552316501035094, 43.749944688294001 ], [ -79.549075771178394, 43.750648624592799 ], [ -79.547519609810095, 43.7509815615458 ], [ -79.545924831877699, 43.751322701911498 ], [ -79.545698623121197, 43.751369544818601 ], [ -79.545566374021206, 43.751396934266701 ], [ -79.545039911641595, 43.751542377318401 ], [ -79.544564577578896, 43.751648750808002 ], [ -79.544084492992994, 43.751747806174997 ], [ -79.543518451964403, 43.751862473362102 ], [ -79.543043767634202, 43.751947102374501 ], [ -79.542380575575095, 43.752089992227198 ], [ -79.541728357998096, 43.752162142790901 ], [ -79.540601375068903, 43.752357775706599 ], [ -79.539969533986294, 43.752492314309102 ], [ -79.538210608272706, 43.752868688937298 ], [ -79.537696708834503, 43.752977900107702 ], [ -79.537107926031396, 43.753103029418703 ], [ -79.537028761388896, 43.7531205894281 ], [ -79.5362634718214, 43.753290345367198 ], [ -79.535571005879802, 43.753413969399297 ], [ -79.534531320693503, 43.753642738642903 ], [ -79.532766086561594, 43.754029328687302 ], [ -79.530904923818795, 43.754436881209003 ], [ -79.530757985578205, 43.754469064118503 ], [ -79.530563950069805, 43.754509990603502 ], [ -79.530549477683294, 43.754450577573301 ], [ -79.530035195923901, 43.752261199352397 ], [ -79.529091204242604, 43.748423195442598 ], [ -79.529075316763198, 43.748358597827497 ], [ -79.5285929874007, 43.746270565262499 ], [ -79.528126603828895, 43.744251520269799 ] ] ] ] } },
{ "type": "Feature", "properties": { "_id": 33, "AREA_ID": 2502209.0, "DATE_EFFECTIVE": "2022-04-11T21:27:23", "DATE_EXPIRY": "3000/01/01 05:00:00", "AREA_ATTR_ID": 26022724.0, "AREA_TYPE_ID": 602.0, "PARENT_AREA_ID": null, "AREA_TYPE": "CNBH", "AREA_CLASS_ID": null, "AREA_CLASS": "None", "AREA_SHORT_CODE": "021", "AREA_LONG_CODE": "021", "AREA_NAME": "Humber Summit", "AREA_DESC": "Humber Summit (21)", "FEATURE_CODE": null, "FEATURE_CODE_DESC": "None", "TRANS_ID_CREATE": 344709.0, "TRANS_ID_EXPIRE": -1.0, "OBJECTID": 17827249 }, "geometry": { "type": "MultiPolygon", "coordinates": [ [ [ [ -79.533964756635797, 43.7688567669218 ], [ -79.532271490659198, 43.7616964141354 ], [ -79.531699405083998, 43.759380496782299 ], [ -79.531385265547001, 43.758025994392199 ], [ -79.531322322357695, 43.7577546167403 ], [ -79.531253206231099, 43.757456606201899 ], [ -79.531135388019507, 43.756948575054999 ], [ -79.530790814634102, 43.755478125343998 ], [ -79.530563950069805, 43.754509990603502 ], [ -79.530757985578205, 43.754469064118503 ], [ -79.530904923818795, 43.754436881209003 ], [ -79.532766086561594, 43.754029328687302 ], [ -79.534531320693503, 43.753642738642903 ], [ -79.535571005879802, 43.753413969399297 ], [ -79.5362634718214, 43.753290345367198 ], [ -79.537028761388896, 43.7531205894281 ], [ -79.537107926031396, 43.753103029418703 ], [ -79.537696708834503, 43.752977900107702 ], [ -79.538210608272706, 43.752868688937298 ], [ -79.539969533986294, 43.752492314309102 ], [ -79.540601375068903, 43.752357775706599 ], [ -79.541728357998096, 43.752162142790901 ], [ -79.542380575575095, 43.752089992227198 ], [ -79.543043767634202, 43.751947102374501 ], [ -79.543518451964403, 43.751862473362102 ], [ -79.544084492992994, 43.751747806174997 ], [ -79.544564577578896, 43.751648750808002 ], [ -79.545039911641595, 43.751542377318401 ], [ -79.545566374021206, 43.751396934266701 ], [ -79.545924831877699, 43.751322701911498 ], [ -79.549075771178394, 43.750648624592799 ], [ -79.552316501035094, 43.749944688294001 ], [ -79.557633161495403, 43.7487949095838 ], [ -79.558784914027399, 43.748557375291803 ], [ -79.562359693440001, 43.7477650669071 ], [ -79.564415673010799, 43.747310481880803 ], [ -79.564714790432404, 43.747232659495303 ], [ -79.565076900346, 43.7471359249448 ], [ -79.565546269731897, 43.7470115480846 ], [ -79.565783963945805, 43.746948682107998 ], [ -79.566033433226096, 43.746890156417997 ], [ -79.566125105020802, 43.746868644539198 ], [ -79.566545086358303, 43.7467409346824 ], [ -79.566901480614604, 43.7466346653909 ], [ -79.567339414028297, 43.746541335720998 ], [ -79.567711929128805, 43.7464302657568 ], [ -79.568154055304902, 43.746346813806397 ], [ -79.568280038314199, 43.746320077034198 ], [ -79.568621081915595, 43.746247701096003 ], [ -79.569127431088404, 43.7463658518963 ], [ -79.569395648064003, 43.746386644181001 ], [ -79.569743636465404, 43.746457631938199 ], [ -79.570158344767194, 43.746565563668597 ], [ -79.570575621305906, 43.746638855655 ], [ -79.570928714388003, 43.746729756323603 ], [ -79.571272098147304, 43.746799104060301 ], [ -79.571659490762599, 43.746809510272101 ], [ -79.572061882721201, 43.746799346954901 ], [ -79.572466434714599, 43.746840406729397 ], [ -79.572848238506396, 43.746961869364299 ], [ -79.573114658450507, 43.7471657926449 ], [ -79.573304652931398, 43.747417785780002 ], [ -79.573378970633101, 43.747685821051398 ], [ -79.573342468419497, 43.748003218033404 ], [ -79.5732199662082, 43.748339968696001 ], [ -79.573126964252495, 43.748645520161197 ], [ -79.573014803764295, 43.748921784851703 ], [ -79.572892085143707, 43.749185580482802 ], [ -79.572761660441202, 43.749454277531001 ], [ -79.572694794488598, 43.749710332326103 ], [ -79.572780278385693, 43.749970682750003 ], [ -79.572970659946094, 43.750197841749703 ], [ -79.573268981638805, 43.750360770707097 ], [ -79.573619972193299, 43.750336034896797 ], [ -79.574010984056102, 43.750241656796497 ], [ -79.574410194236805, 43.750160728818997 ], [ -79.574812935805198, 43.750104559445099 ], [ -79.575140650209605, 43.750046565749201 ], [ -79.575521698147398, 43.750030274466397 ], [ -79.575929142466094, 43.750071212034499 ], [ -79.576306686575506, 43.750121646382503 ], [ -79.576709909789301, 43.750162241939002 ], [ -79.577106551460702, 43.750192381114701 ], [ -79.577423338200902, 43.750260495102097 ], [ -79.577495551513806, 43.750276018244897 ], [ -79.577895629918402, 43.750360546620698 ], [ -79.578270291409197, 43.750483139086597 ], [ -79.578570156128905, 43.750655495403301 ], [ -79.578909326102902, 43.750792251048402 ], [ -79.579200486967196, 43.750962550435197 ], [ -79.579463287653397, 43.751179278990897 ], [ -79.579719248636593, 43.751396290741802 ], [ -79.580002968587493, 43.751569824686698 ], [ -79.580372075802202, 43.751699372052002 ], [ -79.580751187052698, 43.751805958093598 ], [ -79.580758044500598, 43.7518081945476 ], [ -79.580696363182298, 43.7518608411279 ], [ -79.580791250944898, 43.751819017527303 ], [ -79.581110458181499, 43.751922980346698 ], [ -79.581485372525705, 43.752046021120897 ], [ -79.581855078762104, 43.752164149737197 ], [ -79.582231734931199, 43.752278365634602 ], [ -79.582554259097805, 43.752397849096099 ], [ -79.582652624704295, 43.752447248599999 ], [ -79.582854973047006, 43.752548860656198 ], [ -79.583102609623893, 43.752749488628801 ], [ -79.583151134280598, 43.752989074252397 ], [ -79.583126906618105, 43.7532397572501 ], [ -79.583110757575298, 43.7534956730548 ], [ -79.583116216113595, 43.7535815675161 ], [ -79.5831251031601, 43.753722132756302 ], [ -79.583336115496294, 43.753906899697903 ], [ -79.583648618289203, 43.7540451908432 ], [ -79.583939532283296, 43.754195648603002 ], [ -79.584134546251306, 43.7544011825618 ], [ -79.584243901143594, 43.754623890621701 ], [ -79.584286635584704, 43.754812497178897 ], [ -79.584202235298406, 43.755011224775402 ], [ -79.584162699471605, 43.755235230636302 ], [ -79.584276656135202, 43.755461787754903 ], [ -79.584424934369594, 43.755641774228401 ], [ -79.584593697725097, 43.755817532785301 ], [ -79.584792815771095, 43.755942861886602 ], [ -79.584985030700196, 43.756103750486503 ], [ -79.585121293539899, 43.756293835307098 ], [ -79.585211726998807, 43.756497032868602 ], [ -79.585198916119097, 43.756728085038503 ], [ -79.585118028339096, 43.756951491895499 ], [ -79.584992941325297, 43.757104056175599 ], [ -79.584784516372693, 43.757153816542399 ], [ -79.5845078837161, 43.757191547380003 ], [ -79.584258347053193, 43.757228555483302 ], [ -79.584024346635303, 43.757292825232703 ], [ -79.583861514565498, 43.757435532698899 ], [ -79.583818917751003, 43.7576128064063 ], [ -79.583898936127895, 43.757820747223398 ], [ -79.583985883265996, 43.758009888399698 ], [ -79.584067133772507, 43.758201202980402 ], [ -79.584086772009798, 43.758390384552698 ], [ -79.584002081117305, 43.758562981636601 ], [ -79.583818976428105, 43.758695721588701 ], [ -79.583546573872397, 43.758744509449699 ], [ -79.583259763515201, 43.758702710184501 ], [ -79.582981726855195, 43.758628994612202 ], [ -79.582711707250297, 43.758523723390603 ], [ -79.5824111541056, 43.758511428837899 ], [ -79.582078989894796, 43.758540741697203 ], [ -79.581800121373703, 43.7585840663182 ], [ -79.5815056366812, 43.758650975511401 ], [ -79.581213894101893, 43.758725731034197 ], [ -79.580986251474798, 43.758814644287803 ], [ -79.580766588004806, 43.758927134564502 ], [ -79.580618631094495, 43.759076847785899 ], [ -79.580574633166407, 43.759236019831398 ], [ -79.580641455088099, 43.759417436668897 ], [ -79.580700539841601, 43.759580010436402 ], [ -79.580778811888095, 43.759788332649499 ], [ -79.580781721812798, 43.759994268767997 ], [ -79.580738665228694, 43.7601979240535 ], [ -79.580622768561597, 43.760363888741502 ], [ -79.580401882993797, 43.760486649503399 ], [ -79.5801923465974, 43.760562055631702 ], [ -79.579944748918507, 43.760603436514202 ], [ -79.579742871317293, 43.760648583471799 ], [ -79.579528990957499, 43.760727150828998 ], [ -79.579328681862606, 43.760841425073799 ], [ -79.579184804320406, 43.760983005486899 ], [ -79.579059113333201, 43.761166293633501 ], [ -79.578927293188698, 43.761316974573397 ], [ -79.578760311506599, 43.761457139204097 ], [ -79.578576906797693, 43.761585001257998 ], [ -79.578385053949305, 43.761692238092898 ], [ -79.578206841389999, 43.761793263454997 ], [ -79.578034544081206, 43.761868811146499 ], [ -79.577853299418294, 43.7619310519202 ], [ -79.577676169825494, 43.7620064223374 ], [ -79.577533983915401, 43.762126315641403 ], [ -79.577581987994094, 43.7622626690099 ], [ -79.5777904805649, 43.762409750664297 ], [ -79.577938552845495, 43.762423259580103 ], [ -79.578049213918604, 43.762415164012303 ], [ -79.578156491556499, 43.762403029119596 ], [ -79.578318360634, 43.762367777696497 ], [ -79.578439788944905, 43.7623308255776 ], [ -79.578569687948601, 43.762294371573198 ], [ -79.578656343578601, 43.762268865624499 ], [ -79.578721949703095, 43.7622636987833 ], [ -79.578904168028402, 43.762233482176804 ], [ -79.579070436668502, 43.762220063523003 ], [ -79.5792491647708, 43.762208661255599 ], [ -79.579382340665305, 43.762218317121103 ], [ -79.579479880338496, 43.762252813882299 ], [ -79.579527372176898, 43.762270954237998 ], [ -79.579582590243106, 43.762299359545601 ], [ -79.579625279104107, 43.762329393768603 ], [ -79.579780092591307, 43.7624155081525 ], [ -79.5798203945306, 43.762471665403197 ], [ -79.579913865538003, 43.762546732968403 ], [ -79.580002615106906, 43.762610840319503 ], [ -79.580100132559906, 43.762683789619899 ], [ -79.580179274938601, 43.762733249638302 ], [ -79.580267764649506, 43.762769786339497 ], [ -79.580351722628507, 43.762807343291598 ], [ -79.580424653698898, 43.7628461861094 ], [ -79.580478181397595, 43.762882189169197 ], [ -79.580643881803894, 43.7630179182296 ], [ -79.577537632986207, 43.763701610207697 ], [ -79.577326179404196, 43.763756084593098 ], [ -79.577145535025096, 43.763816874627899 ], [ -79.577000944514594, 43.763857585460499 ], [ -79.576755202156093, 43.763905312994702 ], [ -79.576566242849694, 43.763942758631401 ], [ -79.5762158320819, 43.764016289451298 ], [ -79.576072334272297, 43.764047871181297 ], [ -79.575886508320394, 43.764088788063802 ], [ -79.575869870134298, 43.764092444587803 ], [ -79.575479002753696, 43.764183444283702 ], [ -79.574871950076798, 43.764343488501403 ], [ -79.5711504544891, 43.765161669712001 ], [ -79.571116692680903, 43.7651690896936 ], [ -79.571001164924397, 43.765194499838401 ], [ -79.569016315138796, 43.765618437975299 ], [ -79.564784295897894, 43.7665453900781 ], [ -79.560622947668705, 43.767402208738702 ], [ -79.560559888500705, 43.767415194860398 ], [ -79.557804022034304, 43.767982525748003 ], [ -79.554988113582297, 43.768566903263903 ], [ -79.552195658505894, 43.769117140198297 ], [ -79.549600488358806, 43.7696687806149 ], [ -79.546526788065094, 43.770281252754401 ], [ -79.543448137659496, 43.770920080490598 ], [ -79.540660264491606, 43.771492311527901 ], [ -79.537959582268002, 43.772055678445099 ], [ -79.537795786509506, 43.772089055054401 ], [ -79.537725377128197, 43.772103399175599 ], [ -79.535405028298499, 43.7725761807732 ], [ -79.535077207346703, 43.772642971505299 ], [ -79.5348814539865, 43.772688136266801 ], [ -79.5341914827778, 43.769804495854302 ], [ -79.533964756635797, 43.7688567669218 ] ] ] ] } }
]
}
