"last_name, first_name","player_id","year","player_age","p_formatted_ip","pa","home_run","strikeout","k_percent","bb_percent","on_base_plus_slg","p_earned_run","p_run","p_shutout","p_era","p_opp_on_base_avg","p_called_strike","p_swinging_strike","p_inh_runner","p_inh_runner_scored","p_beq_runner","p_beq_runner_scored","xba","xslg","woba","xwoba","exit_velocity_avg","launch_angle_avg","sweet_spot_percent","barrel_batted_rate","poorlyweak_percent","hard_hit_percent","avg_best_speed","avg_hyper_speed","whiff_percent","swing_percent","arm_angle","n_ff_formatted","ff_avg_speed","ff_avg_spin","n_sl_formatted","sl_avg_speed","sl_avg_spin","sl_avg_break_z_induced","n_ch_formatted","ch_avg_speed","ch_avg_spin","ch_avg_break_z_induced","n_cu_formatted","cu_avg_speed","cu_avg_spin","cu_avg_break_z_induced","n_si_formatted","si_avg_speed","si_avg_spin","si_avg_break_z_induced","n_fc_formatted","fc_avg_speed","fc_avg_spin","fc_avg_break_z_induced","n_fs_formatted","fs_avg_speed","fs_avg_spin","fs_avg_break_z_induced","n_st_formatted","st_avg_speed","st_avg_spin","st_avg_break_z_induced"
"Teng, Kai-Wei",678906,2025,26,"29.2",139,2,39,28.1,12.2,"0.732","21","24","0","6.37",,"105","64","0","0","11","9",".215",".314",".335",".309","89.4","14.5",36.8,3.9,1.3,31.6,"80.115860263","93.391197067",27.5,43.8,23.6,"25","93.2","2549",,,,,"10.3","87.7","1762","2.6","13.6","82.9","2701","-8","12.4","92.9","2393","3.3",,,,,,,,,"38.7","84.4","2770","1.3"
"Lord, Brad",695418,2025,25,"130.2",546,17,108,19.8,7.9,"0.732","63","65","0","4.34",,"313","196","14","5","21","7",".273",".431",".319",".335","88.5","10.1",34.4,7.1,5.6,41.8,"76.261947744","94.578532262",21.3,50,19.5,"48.5","94.8","2330","20.2","85.5","2512","0.6","13.1","85.9","1957","5.6",,,,,"18.1","94.3","2223","4.8",,,,,,,,,,,,
"Alexander, Jason",669920,2025,32,"77.1",336,15,65,19.3,7.7,"0.793","41","45","0","4.77",,"226","122","3","1","12","2",".271",".432",".341",".336","89.8","10.8",35.1,8.3,4.5,45.9,"77.843607833","95.370083264",24.6,43.8,21.7,"10.1","91.9","2270","0.2","82.4","2533","11.2","32.7","80.3","1764","1.2",,,,,"40","90.9","2054","1.3","1","87.2","2208","6.6",,,,,"16","78.5","2626","-0.2"
"Hall, DL",669084,2025,26,"38.2",155,2,27,17.4,11,"0.540","15","15","0","3.49",,"96","47","8","4","10","5",".224",".344",".246",".292","88","15",36,6.3,2.7,28.8,"78.260723036","92.985195586",19.6,44.2,43.2,"29.8","94.2","2226","18.7","85.9","2482","-0.5","17.7","84.7","2093","8.6","9.4","80","2664","-11.2","7.1","94.7","2162","11.8","17.3","92.3","2358","10",,,,,,,,
"Young, Brandon",687064,2025,26,"57.2",256,12,47,18.4,8.6,"0.872","40","42","0","6.24",,"158","88","0","0","8","3",".244",".432",".372",".321","89.4","13.3",32.1,10.2,6.4,42.2,"78.202437717","94.69738663",21.6,48.2,49,"43.8","93.8","2211","8.9","83.3","2063","1.7","4.6","87.1","1773","10.3","15.8","76.1","2722","-15.1",,,,,"9.2","86.8","2067","5.5","17.8","87.3","1537","4.9",,,,
"Webb, Jacob",657097,2025,31,"66.0",267,10,58,21.7,7.1,"0.622","22","24","0","3.00",,"149","119","31","9","14","6",".216",".347",".270",".274","86.6","23",30.9,5.9,4.8,34.6,"75.052885217","93.147000383",27.6,51.1,34.2,"44.5","93.4","2469",,,,,"34.7","84.9","2261","10.9",,,,,,,,,,,,,,,,,"20.9","82","2600","-5.5"
"Kelly, Zack",677161,2025,30,"35.1",152,3,35,23,7.9,"0.729","18","21","0","4.58",,"96","51","9","5","16","6",".236",".346",".318",".290","86.2","13.5",37.3,4.9,7.8,31.4,"74.3228046","93.0280845",23.3,49.3,36.6,"19.8","96.1","2148",,,,,"11.9","83.1","2086","1.5","1","82.3","2526","-7.2","15.3","96.1","2152","11.4","31.3","91.8","2406","8.8",,,,,"20.7","81.8","2668","2.7"
"Zastryzny, Rob",642239,2025,33,"22.0",93,3,20,21.5,10.8,"0.635","6","7","0","2.45",,"48","50","16","4","11","3",".212",".357",".268",".283","86","17.6",32.3,4.8,4.8,24.2,"75.706331613","92.269715574",32.2,49.3,41.5,"44.4","91.9","2516",,,,,"2.9","81.6","1994","7",,,,,,,,,"33.1","86.3","2537","3.9","5.2","83.5","1439","2","14.4","80.6","2424","5"
"Rangel, Alan",660604,2025,27,"11.0",46,1,8,17.4,13,"0.748","3","3","0","2.45",,"30","13","0","0","0","0",".265",".476",".331",".364","89.9","21.9",43.8,15.6,3.1,40.6,"80.3280225","94.126775161",17.3,43.1,71.6,"43.7","92.8","2265","19","85","2292","5.7","31","82.2","2095","12.5","6.3","73.6","1967","-15.5",,,,,,,,,,,,,,,,
"Montgomery, Mason",682254,2025,25,"46.0",209,6,63,30.1,12.9,"0.807","29","32","0","5.67",,"120","130","31","10","17","5",".247",".397",".354",".331","89.3","12.1",33.9,9.3,5.9,39,"78.008832456","94.636496106",35.8,51.1,52.3,"66.2","98.7","2313","33.8","89.7","2571","1.8",,,,,,,,,,,,,,,,,,,,,,,,
"Alvarado, José",621237,2025,30,"26.0",114,4,32,28.1,6.1,"0.711","11","12","0","3.81",,"74","47","5","1","7","2",".223",".388",".310",".293","92.7","8.8",37.8,12.2,5.4,47.3,"82.364834167","96.277786667",24.3,47.7,59.1,"1.3","99.6","2055",,,,,,,,,"4.8","84.8","2439","-7.7","63.5","99.1","2082","13","30.4","93.2","2132","6.5",,,,,,,,
"Giolito, Lucas",608337,2025,30,"145.0",613,17,121,19.7,9.1,"0.686","55","62","0","3.41",,"388","230","0","0","18","5",".268",".458",".301",".345","90.3","16.7",38.3,9,3.7,41.1,"79.599269676","94.777289536",22.9,47.3,52.1,"48.4","93.3","2231","25.6","86","1966","4.7","22.6","81.7","1673","12.6","3.5","78.6","2471","-15.4",,,,,,,,,,,,,,,,
"Gilbert, Logan",669302,2025,28,"131.0",535,20,173,32.3,5.8,"0.643","50","53","0","3.44",,"328","303","0","0","11","3",".207",".359",".280",".273","90.8","15",32.1,8.6,2.8,41.7,"81.144057391","94.674260997",32.9,51.1,40.7,"36.1","95.4","2115","35.3","87.5","1820","0.8",,,,,"7.5","82.1","2183","-3.1","1.5","95.5","2162","14",,,,,"19.6","81.7","727","-1",,,,
"Aldegheri, Sam",691951,2025,23,"13.2",73,3,12,16.4,13.7,"1.035","12","14","0","7.90",,"46","23","0","0","3","1",".298",".499",".444",".406","89","14.6",38.3,10.6,4.3,34,"79.03760375","94.022544681",21.1,42.2,39.3,"47.2","91.6","2353","17.5","82.4","2318","-2.7","23.8","82.2","1808","9.6","11.6","75.3","2145","-9.4",,,,,,,,,,,,,,,,
"Soriano, José",667755,2025,26,"169.0",724,12,152,21,10.8,"0.688","80","89","0","4.26",,"460","284","0","0","18","9",".246",".364",".309",".313","91.4","-2.8",26.8,7.2,4.9,48.2,"79.974239247","95.946385146",27,44.8,36.4,"8.6","97.9","2225","6.1","89.1","2428","-0.2","0.4","86.9","1221","-0.6","26.6","85.2","2489","-9.9","49.1","97.2","1922","3.1",,,,,"9.2","92.3","1479","-0.5",,,,
"Pagán, Emilio",641941,2025,34,"68.2",270,10,81,30,8.1,"0.577","22","26","0","2.88",,"131","149","6","1","0","0",".183",".344",".254",".267","88.9","23.7",30.3,9.1,3.6,37,"78.859637439","93.705661043",29.2,53.2,42.5,"61.2","95.8","2614",,,,,,,,,,,,,,,,,"18.6","86.9","2412","4.7","20.1","83.9","970","2.6",,,,
"Payamps, Joel",606303,2025,31,"26.1",117,4,24,20.5,7.7,"0.942","20","20","0","6.84",,"90","40","13","4","2","2",".292",".565",".389",".399","90","17.8",41.5,17.1,2.4,40.2,"78.256230976","95.012884756",25,42.8,30.2,"37","94.7","2478","47","83.6","2797","-1.6","0.9","89.3","2206","2.8",,,,,"14.7","94.9","2303","8.7","0.4","89.7","2490","7",,,,,,,,
"García, Luis",472610,2025,38,"55.1",233,2,48,20.6,11.2,"0.745","21","23","0","3.42",,"136","81","18","5","4","0",".266",".413",".320",".326","90.8","4.9",35.8,7.5,2.5,48.4,"79.68230641","95.325510256",24.1,48.7,44,"1.3","96.7","2223","0.9","83.7","2449","7.4",,,,,,,,,"42.6","96.9","2190","10.5",,,,,"22.3","88.6","1286","4.7","32.8","82.8","2474","3.1"
"Graveman, Kendall",608665,2025,34,"17.2",82,2,9,11,14.6,"1.019","14","14","0","7.13",,"41","32","2","2","2","0",".302",".483",".435",".393","90.3","8.7",45,10,5,50,"78.410620333","95.825314407",28.1,42.9,42,"16","94.2","2283","21.9","85.2","2494","1.6","20.4","87.9","1694","3.3","2.2","81.1","2464","-9","39.5","94.6","2216","9.5",,,,,,,,,,,,
"Misiewicz, Anthony",664948,2025,30,"4.2",23,2,5,21.7,17.4,"0.970","5","5","0","9.64",,"14","15","0","0","4","1",".333",".672",".413",".470","94.8","21.4",42.9,21.4,0,64.3,"87.355745714","96.873",31.4,44.3,49.6,"7","92.3","2177",,,,,"20","86.6","1875","7.4","17.4","78.2","2890","-14.3",,,,,"55.7","87.6","2420","4.4",,,,,,,,
"Early, Connelly",813349,2025,23,"19.1",79,0,29,36.7,5.1,"0.521","5","6","0","2.33",,"43","51","0","0","1","1",".201",".275",".239",".237","87.9","16.8",26.7,4.4,6.7,40,"76.172668696","94.156917111",33.9,51.1,30.7,"29.4","94","2306","11.8","86.4","2320","6.5","19.5","84","1366","-1.4","21.1","80.7","2443","-9.6","12.7","93","2159","8.3",,,,,,,,,"5.6","82.9","2461","0.2"
"López, Jorge",605347,2025,32,"24.2",105,1,17,16.2,5.7,"0.686","18","18","0","6.57",,"70","27","14","5","9","5",".303",".461",".302",".353","91.9","8.9",40.5,6.3,2.5,50.6,"81.9893025","95.491026582",17.1,49.9,40.1,"25.6","94.7","1966","20.7","85.8","2303","2","9.6","87","1720","4.5","16.8","81.3","2471","-13.6","27.2","94.7","1922","8.6",,,,,,,,,,,,
"Alexander, Scott",518397,2025,35,"17.2",81,5,8,9.9,11.1,"1.069","12","12","0","6.11",,"45","23","22","11","11","3",".326",".637",".449",".443","90.8","8.5",33.3,14.3,3.2,54,"78.669257813","96.172156508",18.6,44.7,35.3,,,,"20.8","83.2","2409","-2.3","14.1","83.5","1485","3.1",,,,,"65.2","91.3","2192","3.2",,,,,,,,,,,,
"Alcantara, Sandy",645261,2025,29,"174.2",745,22,142,19.1,7.7,"0.714","104","107","0","5.36",,"475","265","0","0","10","1",".265",".427",".311",".331","90.7","9.4",33,8.6,2.1,45,"80.162512584","95.038047336",20.9,49.5,31.8,"17.5","97.7","2287","15.8","89.4","2353","4.8","23.2","90.4","2088","4.8","18","85.3","2442","-1.5","25.5","97.2","2322","8.5",,,,,,,,,,,,
"Garcia, Robert",676395,2025,29,"64.0",269,8,68,25.3,8.2,"0.677","21","26","0","2.95",,"171","130","18","7","22","5",".236",".390",".295",".301","88.6","11.9",38.2,7.9,5.1,34.3,"77.653895909","93.978746286",28.6,51,26.2,"44.9","94.4","2251","26.9","86.9","2403","3.1","28.3","88.9","1687","1.7",,,,,,,,,,,,,,,,,,,,
"Barnes, Jacob",606930,2025,35,"8.0",36,1,5,13.9,8.3,"0.813","8","9","0","9.00",,"18","15","4","1","3","2",".299",".503",".345",".376","88.5","15.8",35.7,10.7,3.6,35.7,"76.031944286","94.849605714",26.5,46.6,42.2,"37","94.1","2392","5.5","84","2217","0.7",,,,,,,,,,,,,"50.7","87.8","2330","5","6.8","86.3","1148","6.3",,,,
"Hoffman, Jeff",656546,2025,32,"68.0",287,15,84,29.3,9.4,"0.745","33","34","0","4.37",,"174","155","11","9","5","0",".203",".407",".320",".304","89.3","15.7",31.4,12.8,5.8,39.5,"77.817843765","94.667665118",31.6,50.7,37,"39","96.4","2553","29.9","87","2738","0",,,,,,,,,"7.3","96.3","2494","14.3",,,,,"23.8","89.9","1645","4.4",,,,
"Feyereisen, J.P.",656420,2025,32,"4.0",23,2,4,17.4,4.3,"1.431","5","7","0","11.25",,"7","10","0","0","0","0",".363",".623",".597",".422","87.7","17.2",44.4,16.7,0,33.3,"77.511907778","92.903662222",20,61.7,44.3,"34.6","91.2","2271","19.8","83.3","2645","-0.5","44.4","87","1650","1.8",,,,,,,,,,,,,,,,,"1.2","83.4","2573","-5.1"
"Zulueta, Yosver",691172,2025,27,"7.1",32,1,5,15.6,12.5,"0.598","5","5","0","6.14",,"24","16","4","3","0","0",".266",".492",".269",".360","89.8","12.6",30.4,13,8.7,43.5,"77.724378182","95.287375909",24.2,47.1,26.3,"17.9","98.1","2038","34.3","86.7","2630","-3.6","7.9","89","2172","5.2",,,,,"40","95.5","1992","5.1",,,,,,,,,,,,
"Criswell, Cooper",681867,2025,28,"17.2",80,3,9,11.3,6.3,"0.809","7","10","0","3.57",,"44","17","6","3","2","0",".269",".396",".349",".310","86.7","7.4",31.8,6.1,6.1,37.9,"74.366379091","93.680105692",14.9,48.6,9.3,,,,,,,,"31.2","84.4","1488","-5.6",,,,,"27.9","89.4","2077","-1.5","29.7","86.9","2241","8.2",,,,,"11.2","76.5","2551","4.7"
"Pfaadt, Brandon",694297,2025,26,"176.2",767,26,147,19.2,4.8,"0.792","103","107","0","5.25",,"464","265","0","0","16","5",".290",".489",".339",".353","90.8","12.5",39.1,10.9,3.3,45.8,"79.642424366","95.370126614",22.1,49.2,26.9,"23.4","93.6","2568",,,,,"15.7","87.3","2115","4.2","9.9","82.1","2673","-8.2","23.4","93.1","2426","6.9","8.9","89.8","2756","6.8",,,,,"18.6","84.8","2844","5.2"
"Hendricks, Kyle",543294,2025,35,"164.2",695,25,114,16.4,6.2,"0.758","87","92","0","4.76",,"480","204","0","0","19","11",".249",".404",".324",".309","86.1","16.3",32.6,8.3,6,34.3,"73.673250302","93.310892792",18.3,48,42.6,"15.2","86.5","2049",,,,,"38.4","79.5","2077","8.5","8.2","72.2","2823","-10.1","38.2","86.2","1982","7.2",,,,,,,,,,,,
"Thompson, Zach",605507,2025,31,"3.2",12,0,3,25,8.3,"0.083","0","0","0","0.00",,"8","4","0","0","0","0",".129",".153",".058",".174","79.4","18.1",0,0,12.5,12.5,"66.66586","90.29403125",17.9,46.7,47.8,"40","91.2","2426",,,,,"13.3","84.9","1768","3.7","15","74.1","2293","-13.1","5","90.1","2412","7.7","26.7","85.3","2671","3.7",,,,,,,,
"Santana, Dennis",642701,2025,29,"70.1",270,5,60,22.2,6.3,"0.534","17","18","0","2.18",,"183","127","18","4","9","1",".220",".395",".236",".292","88.9","15.9",33.2,10.5,3.2,37.4,"78.453035158","93.826098995",27.3,51.6,31.9,"28.9","94.7","2439","46.4","87","2484","2.8","6.4","88.6","2224","7",,,,,"7.9","94.7","2391","8.1","10.4","90.6","2549","10.3",,,,,,,,
"Strowd, Kade",669704,2025,27,"26.1",105,1,24,22.9,12.4,"0.508","5","6","0","1.71",,"64","44","6","0","10","3",".191",".252",".241",".260","86","4.7",19.4,1.5,6,31.3,"73.841790294","93.227207761",26.8,47.8,45.9,"18.5","95.8","2340",,,,,,,,,"12.8","83","2959","-13.2","15","96.3","2251","11.3","41.1","91.7","2591","4.3",,,,,"12.6","84.6","2813","-2.2"
"Spiers, Carson",686730,2025,27,"13.1",60,3,11,18.3,11.7,"0.836","9","9","0","6.08",,"36","23","0","0","2","2",".296",".537",".360",".396","93.9","22.3",29.3,12.2,7.3,48.8,"84.59626","96.4511865",22.6,43.3,27.8,"14.3","92.2","2282",,,,,"22.4","87","1643","4",,,,,"21.6","92","2138","8.2","18.8","87.9","2444","7.8",,,,,"22.9","81.4","2709","3.3"
"Sproat, Brandon",687075,2025,24,"20.2",84,0,17,20.2,8.3,"0.672","11","11","0","4.79",,"53","20","0","0","1","1",".264",".350",".298",".311","87.9","6.5",34.5,3.4,5.2,37.9,"75.812124828","94.106941724",15.1,47.9,33.3,"13.8","96.7","2054","3.4","89.5","2025","5.5","14.8","90.2","1656","3.9","14.8","79.9","2412","-10.7","34.1","95.7","1936","7",,,,,,,,,"19","84.5","2422","4.7"
"Sandlin, Nick",680704,2025,28,"16.1",69,2,16,23.2,11.6,"0.626","4","7","0","2.20",,"43","43","6","2","7","1",".229",".378",".286",".323","88.2","22.4",32.6,4.7,4.7,41.9,"76.615110909","94.260592093",35.7,44.5,11.9,"20.8","91.4","2378","48.8","78.4","2602","7.6",,,,,,,,,"10.7","91.7","2219","3.4",,,,,"19.7","84.3","1723","-1.7",,,,
"Flaherty, Jack",656427,2025,29,"161.0",681,23,188,27.6,8.7,"0.717","83","85","0","4.64",,"509","292","0","0","20","6",".236",".401",".313",".311","89.7","16.2",37.8,10.3,4.4,43.8,"78.732208967","94.724612024",27.3,45.6,27,"46.9","92.9","2263","23.6","84.9","2428","2.8","2.5","85.8","1766","6.8","25.4","77.8","2389","-8.7","1.6","90.7","2072","8.2",,,,,,,,,,,,
"Lively, Ben",594902,2025,33,"44.2",178,6,29,16.3,8.4,"0.691","16","16","0","3.22",,"121","42","0","0","3","0",".247",".444",".302",".327","92.1","20.4",35.1,10.4,0.7,44.8,"82.966507313","95.267296791",16.2,47.1,36.9,"28.8","89.7","2029","1.5","83","1894","13.7","7.8","84.8","1639","8.8","6.8","77.6","2013","-4.8","28.8","90.5","2018","13.2","8.6","84.2","1922","12.3",,,,,"17.7","79.9","2023","2.5"
"Stock, Robert",476594,2025,35,"2.2",15,1,1,6.7,26.7,"1.169","3","3","0","10.13",,"13","3","0","0","2","0",".383",".721",".497",".527","94.3","20.8",20,10,0,50,"81.819934","97.776179",21.1,32.2,5.4,"10.2","95","2166",,,,,"5.1","79.4","1402","0.5",,,,,"32.2","93.7","2091","-1","44.1","88.9","2392","6.5",,,,,"8.5","81.8","2546","3.7"
"Petty, Chase",695534,2025,22,"6.0",40,3,7,17.5,20,"1.414","13","14","0","19.50",,"23","23","0","0","5","3",".343",".612",".580",".471","91.2","22.6",54.2,12.5,0,41.7,"79.7223775","95.95635375",34.7,42.6,31.3,"21.9","96.5","2356","30.2","91.2","2452","1.6","11.8","88.3","2127","7.5",,,,,"24.3","95.4","2139","10.5",,,,,,,,,"11.8","86.3","2612","0.5"
"Van Belle, Brian",687003,2025,28,"8.1",36,2,6,16.7,0,"0.917","5","5","0","5.40",,"20","21","2","0","0","0",".273",".419",".393",".297","93.1","18.6",36.7,3.3,0,53.3,"82.107302","96.5757",30.4,53.5,30.1,"8.5","90.8","2027","8.5","86.7","2038","5.3","43.4","84.3","1589","-1.4",,,,,"24.8","90.9","2026","4.8",,,,,,,,,"14.7","80.8","2238","-4.5"
"Waldrep, Hurston",694462,2025,23,"56.1",229,3,55,24,9.6,"0.611","18","18","0","2.88",,"142","94","2","0","5","2",".253",".352",".276",".308","89.1","6.3",32.2,4,4.7,40.3,"78.601525211","94.194874789",28.5,44.7,55.6,"2.6","95.6","2203","11.5","87.2","2246","-1.2",,,,,"13.2","82.7","2310","-13","18.3","95.9","2180","10.9","22","93.1","2287","9.2","32.4","86.8","762","2",,,,
"Minter, A.J.",621345,2025,31,"11.0",43,0,14,32.6,9.3,"0.412","2","2","0","1.64",,"37","23","2","1","1","1",".195",".351",".196",".276","89.7","6.7",36,12,0,44,"78.792067692","94.7833268",34.2,39.5,41.4,"42.7","94.5","2508",,,,,"9.7","86.2","1711","6.1",,,,,,,,,"47.6","89.4","2616","5.5",,,,,,,,
"Estrada, Lazaro",681751,2025,26,"7.1",35,2,10,28.6,2.9,"0.963","7","7","0","8.59",,"16","18","1","0","0","0",".274",".463",".412",".349","89.2","18.7",40.9,13.6,9.1,31.8,"79.793591818","93.722206667",37.5,53.8,48.6,"48.7","93.7","2235","34.5","85.6","2447","5.3",,,,,"10.9","75.2","2580","-12.3",,,,,,,,,"5.9","84","687","4.2",,,,
"Woo, Bryan",693433,2025,25,"186.2",731,26,198,27.1,4.9,"0.596","61","64","0","2.94",,"392","334","0","0","8","2",".217",".365",".259",".273","89.1","13.8",32.5,9.1,5.7,41.8,"77.567134979","94.556632572",26.2,53.2,24.8,"47.3","95.7","2296","10.1","88.5","2226","5","7.1","89.6","1827","4.6",,,,,"25.6","95.4","2303","6",,,,,,,,,"9.9","85.1","2485","4"
"Vasil, Mike",678024,2025,25,"101.0",423,8,82,19.4,12.3,"0.630","28","32","0","2.50",,"285","149","22","9","13","3",".229",".361",".284",".312","89.3","8.4",30.4,7.1,3.6,38.2,"78.393725324","94.283436871",24,42.5,30.2,"14","94.6","2290",,,,,"12.2","86.6","1497","0.4","12.3","81.7","2455","-13.9","39.9","94.4","2185","4.6","5.5","86.1","2408","2.3",,,,,"16.1","81.7","2557","-3.5"
"Anderson, Nick",623433,2025,34,"14.2",62,3,10,16.1,4.8,"0.831","10","10","0","6.14",,"36","22","8","5","0","0",".276",".439",".355",".326","87","15.8",34.7,8.2,4.1,30.6,"77.4189825","92.380709362",19,52.3,46.3,"48.1","95.2","2298",,,,,"21.2","88.5","1672","5.4","29.5","83.5","1980","-0.1","1.2","95.2","2320","15.5",,,,,,,,,,,,
"Strider, Spencer",675911,2025,26,"125.1",539,20,131,24.3,9.5,"0.793","62","63","0","4.45",,"285","268","0","0","10","3",".256",".445",".344",".339","91.3","14.8",39.5,10.6,3.2,42.7,"81.059995116","95.310076308",30.6,47.6,42.5,"51.2","95.5","2300","35.3","84.1","2285","2.6","4.6","85.9","1957","6.6","8.9","78.4","2662","-6.7",,,,,,,,,,,,,,,,
"Gaddis, Hunter",683769,2025,27,"66.2",274,8,73,26.6,7.7,"0.677","23","24","0","3.11",,"156","155","35","15","8","3",".229",".376",".293",".296","90.1","17.4",34.1,9.5,5.6,39.1,"79.689629318","94.667482443",32.2,50.9,36.8,"33.1","94.7","2303","53.7","88.8","2297","5","13.3","78.8","2068","7.6",,,,,,,,,,,,,,,,,,,,
"Mize, Casey",663554,2025,28,"149.0",627,21,139,22.2,5.7,"0.744","64","68","0","3.87",,"383","247","0","0","19","2",".237",".400",".319",".295","90","14",36.1,9.1,4,42.5,"79.394689775","94.590713063",24.1,49.6,44.9,"34","94.6","2251","15.3","88.5","2190","4.9",,,,,,,,,"12.2","94.7","2215","13.5",,,,,"24.2","88.6","1445","4.4","0","83.5","2112","5.2"
"Bazardo, Eduard",660825,2025,29,"78.2",313,9,82,26.2,8.6,"0.573","22","23","0","2.52",,"280","92","20","5","16","2",".210",".355",".252",".286","88.5","15.1",32.7,9.4,3,37.1,"77.733708515","93.734075347",19.4,42.9,43.7,"14.1","94.8","2149","42.8","82.5","2565","-4.1",,,,,,,,,"40.7","95.5","2230","11.1","0.2","88.2","2405","8.7","2.1","90.3","1782","8.4",,,,
"Bowlan, Jonathan",680742,2025,28,"44.1",180,6,46,25.6,9.4,"0.700","19","21","0","3.86",,"108","105","14","1","6","4",".223",".387",".305",".300","87.3","10.3",32.5,9.4,6.8,36.8,"74.997569483","94.011314696",33.7,48.1,41.1,"33.4","95.5","2345","31.2","85.8","2489","-1","8.4","88.4","1519","4.6","9.6","81","2404","-7.2","17.3","96.1","2224","12.5",,,,,,,,,,,,
"Manaea, Sean",640455,2025,33,"60.2",263,13,75,28.5,4.6,"0.783","38","38","0","5.64",,"175","135","0","0","12","5",".242",".410",".337",".308","89.8","17.3",39.6,8.9,5.3,42.6,"78.665863012","94.746596121",26.8,52.4,15.8,"60.1","91.7","2050",,,,,"5.6","84.7","1572","2.6",,,,,"0.5","91.7","1969","6.3",,,,,,,,,"33.9","77.7","2286","3.9"
"Díaz, Yilber",700270,2025,24,"3.0",15,0,1,6.7,20,"0.967","3","3","0","9.00",,"7","2","0","0","0","0",".383",".647",".423",".491","98.1","16.2",36.4,9.1,0,63.6,"91.310493333","98.328471818",8.7,38.3,45.6,"56.7","94.6","2175","35","81","2770","-7.4",,,,,"8.3","75.4","2265","-16.5",,,,,,,,,,,,,,,,
"Rodriguez, Eduardo",593958,2025,32,"154.1",694,25,143,20.6,8.6,"0.822","86","94","0","5.02",,"404","243","0","0","25","6",".262",".423",".353",".327","88.2","16.3",35.8,8.2,5.9,35.2,"76.814734292","93.896727662",23,47.1,40.3,"45.5","92","2304","5","84.1","2177","2","20.4","85.9","1933","6.1","3.6","78.6","2357","-7.3","9.7","91.5","2286","12.3","15.7","89.3","2266","9.6",,,,,,,,
"Iglesias, Raisel",628452,2025,35,"67.1",267,8,73,27.3,6.4,"0.614","24","25","0","3.21",,"170","139","10","5","2","0",".214",".372",".266",".277","89","20.4",38.9,8.6,4,34.9,"79.082887209","93.587533547",30.9,51.8,30.7,"39.5","94.8","2341","9.9","83.7","2634","4.4","28.1","88.8","1999","4.5",,,,,"22.5","94.8","2337","9.2",,,,,,,,,,,,
"Cease, Dylan",656302,2025,29,"168.0",722,21,215,29.8,9.8,"0.717","85","91","0","4.55",,"426","445","0","0","12","5",".216",".353",".313",".289","88.9","16.6",36.6,8.6,3.7,37.5,"78.184355258","93.931109718",33.4,49.2,51.3,"41.1","97.1","2550","41","89.1","2764","3.3","1.1","77.3","1681","17.9","8.3","82.3","2747","-15.6","5","96.1","2494","15",,,,,,,,,"3.5","84.3","2912","-7.9"
"Civale, Aaron",650644,2025,30,"102.0",435,16,88,20.2,7.6,"0.747","55","59","0","4.85",,"306","147","0","0","6","5",".236",".416",".323",".314","88.5","19.2",34.9,9.8,3.9,39.1,"77.580307632","93.781385182",21.8,45.4,42.6,"15.5","92.1","2436","7.7","83.3","2876","-5.1",,,,,"18.9","77.7","3135","-15","16.8","92.3","2261","11.7","35","89.2","2627","11.1","5.8","85.7","1797","6","0.3","80.7","2693","6.1"
"Ribalta, Orlando",687377,2025,27,"24.1",120,6,25,20.8,14.2,"0.888","19","19","0","7.03",,"71","60","11","3","7","3",".252",".464",".383",".360","85.9","18.5",36.4,11.7,7.8,32.5,"73.443785641","93.357914805",25.8,48.7,39.6,"37.1","96.4","2646","23.4","87.4","2251","3.2","21","85.5","1934","13.2",,,,,"18.6","95.7","2447","11.4",,,,,,,,,,,,
"McGreevy, Michael",700241,2025,24,"95.2",400,12,58,14.5,5,"0.735","47","50","0","4.42",,"238","112","3","0","5","0",".277",".444",".318",".330","90.5","9",33.2,8.8,2.5,40.1,"79.891822152","94.840920349",19.2,45.9,33.4,"25.7","93","2236","0.8","84.6","2434","0.7","10.3","88.1","1753","2.7","12.1","79.6","2535","-12.1","21.7","91.8","2201","4.3","9.8","88.6","2305","6.5",,,,,"19.6","83.7","2468","0.1"
"deGrom, Jacob",594798,2025,37,"172.2",669,26,185,27.7,5.5,"0.596","57","57","0","2.97",,"382","360","0","0","9","4",".225",".383",".259",".286","90.1","16",33.1,9.2,2.7,41.9,"79.671198045","94.499823864",30.2,51.7,31.3,"46","97.5","2519","37.6","90.4","2698","2.4","11.3","89.8","1666","2.1","5.1","80.9","2781","-5.3",,,,,,,,,,,,,,,,
"Gomber, Austin",596295,2025,31,"57.2",272,16,34,12.5,6.3,"0.972","48","51","0","7.49",,"170","68","0","0","7","1",".283",".542",".411",".371","88.1","18.2",38.6,14.5,5.9,39.5,"76.183386514","94.163679539",15.9,49,53.2,"34.3","89.5","2101","15.9","82.5","2354","3.4","16.4","81","1661","10.8","24.8","76","2530","-10.4",,,,,"4","86.1","2385","9","4.5","81","910","2",,,,
"Sugano, Tomoyuki",608372,2025,35,"157.0",675,33,106,15.7,5.3,"0.799","81","85","0","4.64",,"415","191","0","0","22","3",".294",".520",".342",".368","90","14.5",38.5,11.8,3,39.8,"79.557564154","94.37679225",18.5,47,40.9,"19.1","92.7","2391",,,,,,,,,"9.7","78.2","2674","-12.1","15.9","92.9","2281","12","12","88.2","2471","5.8","23.5","87.3","1590","5.6","19.8","83.6","2599","2.5"
"Suárez, Ranger",624133,2025,29,"157.1",651,14,151,23.2,5.8,"0.679","56","57","0","3.20",,"430","217","0","0","17","3",".228",".346",".298",".277","86.5","12.9",29.2,5.5,6.1,31.1,"74.916710313","93.042499196",22.2,47.9,37,"14.6","91.3","1951","4.2","79.7","2163","5.4","19.1","79.5","1287","3.3","16.2","73.9","2109","-8.6","28.6","90.1","1980","4.9","17.4","86.4","2111","6.2",,,,,,,,
"De Los Santos, Enyel",660853,2025,29,"66.0",280,7,62,22.1,8.6,"0.709","32","35","0","4.36",,"160","155","42","14","17","7",".246",".403",".308",".313","87.6","16.8",38,8.9,6.3,40.1,"74.797166146","94.296939162",30,51.6,23.3,"48.9","96.2","2288","35.9","88.3","2213","6.3","15.2","87.6","1914","7.6",,,,,,,,,,,,,,,,,,,,
"Estrada, Jeremiah",669093,2025,26,"73.0",304,12,108,35.5,8.9,"0.681","28","31","0","3.45",,"179","205","22","8","17","3",".185",".322",".295",".261","90.1","21.4",33.1,9,1.8,39.2,"80.16923","94.230622317",34.9,51.9,66.4,"56.8","97.9","2196","20","88.5","2204","3.1",,,,,,,,,,,,,,,,,"23.2","83.7","1426","10.1",,,,
"Hahn, Jesse",534910,2025,35,"5.0",25,1,3,12,20,"1.000","3","4","0","5.40",,"13","7","0","0","0","0",".327",".433",".407",".383","94.5","-4.9",37.5,6.3,12.5,56.3,"86.273265","97.882641333",25.8,39.2,25.2,,,,,,,,,,,,"13.9","79.2","3126","-13","64.6","95","2337","4.6",,,,,,,,,"21.5","81.9","3085","-4.2"
"Senzatela, Antonio",622608,2025,30,"130.0",618,22,73,11.8,7.6,"0.949","96","103","0","6.65",,"338","169","3","2","19","8",".324",".538",".406",".396","90.9","10.4",36.4,9.2,4.1,46,"79.952632708","95.433018917",18.1,46.7,42.9,"53.3","94.9","2227","19.5","86.8","2291","3.3","7.7","87.6","2200","6.8","14.4","80.3","2462","-5.6","5.1","95.7","2233","13.6",,,,,,,,,,,,
"Herrin, Tim",682120,2025,28,"42.2",194,5,45,23.2,15.5,"0.763","23","23","0","4.85",,"137","78","23","9","25","12",".224",".341",".339",".322","88.3","14.5",29.2,5.3,2.7,42.5,"77.250682679","94.038742768",29.4,41.7,31.3,"26","94.7","2411","17.9","87.4","2240","2.2",,,,,"39.3","81.3","2402","-3","16.8","93.5","2260","3.5",,,,,,,,,,,,
"Green, Chad",643338,2025,34,"43.2",190,14,35,18.4,6.8,"0.913","27","28","0","5.56",,"94","69","18","6","7","3",".276",".553",".385",".373","92.3","18.3",35,16.4,2.9,52.9,"82.219181449","96.106873333",22.7,51,46.1,"50.2","95.2","2482","47.5","88.1","2241","3.4",,,,,,,,,"2.3","94.4","2258","11.7",,,,,,,,,,,,
"Bachar, Lake",669199,2025,30,"71.0",296,10,75,25.3,10.1,"0.686","31","34","0","3.93",,"202","149","28","12","9","1",".230",".434",".296",".325","90.3","17.7",38.3,10.6,5.3,41.5,"80.383076196","94.506561793",30.2,46.3,36.2,"37.2","94.8","2717","23.3","89.2","2657","1.6",,,,,,,,,,,,,,,,,"12.2","84","1299","7.1","27.4","86.5","2871","0.1"
"Rea, Colin",607067,2025,34,"159.1",662,20,127,19.2,6.6,"0.725","70","73","0","3.95",,"440","228","1","1","18","6",".265",".429",".314",".328","89.8","13.6",38.8,10.3,4.9,41,"79.312181125","94.443682505",22,47.6,30.5,"42.1","93.8","2194","10.2","85.2","2219","-1.8",,,,,"9.2","80.3","2210","-7.6","10","93.1","2153","8.2","7.3","88.2","2209","7.8","12.1","87.4","1418","-0.2","9.2","82.8","2449","2.1"
"Brown, Hunter",686613,2025,26,"185.1",729,17,206,28.3,7.8,"0.589","50","55","0","2.43",,"504","303","0","0","10","1",".220",".334",".262",".277","86.1","10.1",31.4,5.9,6.3,32.2,"73.816626184","93.243178596",27.8,44.8,56.1,"38","96.6","2273","4.4","90.5","2198","5.3","12","88.2","1501","7.9","17.9","83.5","2574","-15.9","22.1","95.7","2181","13.2","5.5","92.6","2260","7.3",,,,,,,,
"Romano, Jordan",605447,2025,32,"42.2",187,10,47,25.1,9.1,"0.863","39","40","0","8.23",,"125","75","9","2","3","2",".223",".409",".365",".311","88.9","18.3",29.2,10,5,39.2,"77.842098","94.377039244",28.7,46.8,49.9,"36.8","95.5","2268","63.2","85.8","1983","-0.3",,,,,,,,,,,,,,,,,,,,,,,,
"Sterner, Justin",686993,2025,28,"65.0",266,10,70,26.3,7.9,"0.633","23","24","0","3.18",,"147","152","27","8","10","3",".205",".361",".278",".285","89.8","22",33.5,9.6,1.2,38.9,"79.729549881","94.196491916",30.8,50,35.2,"52.2","93.5","2375",,,,,,,,,,,,,,,,,"32.4","87.3","2701","4.7",,,,,"15.4","81.5","2738","2.8"
"Povich, Cade",700249,2025,25,"112.1",488,17,118,24.2,8.8,"0.812","65","70","0","5.21",,"350","180","1","1","19","6",".272",".491",".349",".358","91.2","13",36.5,11.3,3.4,46.9,"80.827575802","95.396274334",24.2,44.9,41.4,"36.2","92.2","2353",,,,,"15.6","83.7","1134","4","21.8","78.9","2570","-14.5","12.3","91.9","2193","12.2","2.7","91.7","2463","15.9",,,,,"11.5","82.8","2445","0.1"
"Peterson, David",656849,2025,29,"168.2",723,11,150,20.7,9,"0.701","79","84","1","4.22",,"472","257","0","0","24","7",".273",".400",".311",".331","90.6","4.3",34.4,6.4,4.4,46,"79.61366252","95.237705996",24,46.8,40.4,"22.6","92.2","2132","19.1","84.6","2314","0","15.3","84.6","1567","4.6","13.7","78.7","2361","-8.1","29.2","91.3","2123","7.8",,,,,,,,,,,,
"McLean, Nolan",690997,2025,23,"48.0",188,4,57,30.3,8.5,"0.571","11","13","0","2.06",,"157","78","0","0","2","0",".229",".357",".259",".294","89.5","2.8",31,8,4.4,43.4,"77.761978772","94.963544071",28.4,42.4,27.4,"13.3","95.8","2311",,,,,"8.7","86.8","1531","-2.1","15.9","80","3248","-13.6","27.9","94.8","2171","2.3","8.5","90.9","2577","5.3",,,,,"25.7","85.3","2929","0.2"
"Davis, Noah",663562,2025,28,"11.0",65,7,15,23.1,9.2,"1.384","22","24","0","18.00",,"53","24","2","0","0","0",".340",".696",".570",".490","89.2","13.4",51.4,21.6,5.4,51.4,"75.277702632","96.190412703",26.6,37.5,26.8,"7.2","94.8","2226",,,,,,,,,"0.4","76","2637","-8.3","37.5","94.4","2226","7.4","19.1","87.9","2203","5.8",,,,,"33.1","80","2728","-0.2"
"Funderburk, Kody",681892,2025,28,"41.0",183,2,40,21.9,9.8,"0.724","16","17","0","3.51",,"148","61","12","5","6","2",".244",".337",".321",".298","90.4","6.9",29.5,4.9,2.5,42.6,"80.192307333","94.409817833",21.4,41.9,32.1,,,,"11","86.2","2424","1.9","12","89","1860","-0.4",,,,,"32.7","93.3","2324","7.4","25","92","2274","12.4",,,,,"19.3","82","2421","-2.8"
"Thornton, Trent",663423,2025,31,"42.1",180,6,32,17.8,7.8,"0.733","22","23","0","4.68",,"113","64","10","1","2","0",".268",".426",".317",".334","89.4","13.6",30.8,6.9,0.8,42.3,"78.310009538","94.477236589",20.6,49.5,41.3,"33.1","94.4","2456","1.1","84.8","2967","-3.6","1.4","87.1","2169","3.9","18.6","81","3095","-13.4","2.4","93.5","2297","8.1","22.4","90.1","2734","5","2.3","84.8","1265","6.5","18.8","80.2","2865","0.2"
"Harvey, Hunter",640451,2025,30,"10.2",39,0,11,28.2,2.6,"0.337","0","0","0","0.00",,"24","23","3","0","0","0",".187",".224",".153",".193","92.4","9.9",29.6,0,0,40.7,"85.994227857","94.047038889",30.6,50.9,43.7,"53.3","96.1","2061","18","86.6","2230","1.4",,,,,"9.6","81.6","2062","-10.1",,,,,,,,,"19.2","87.9","1049","2.9",,,,
"Winn, Keaton",676775,2025,27,"10.0",42,1,9,21.4,4.8,"0.808","5","5","0","4.50",,"23","24","0","0","0","0",".224",".391",".348",".282","87.4","4.5",32.3,9.7,9.7,38.7,"76.49299875","93.679485484",30.8,55.2,40.8,"26.7","95.8","2334","4.8","87.5","2257","1.5",,,,,,,,,"24.8","95","2306","7.3",,,,,"43.6","89.1","1531","2.1",,,,
"Whitley, Forrest",666215,2025,27,"12.0",66,3,12,18.2,12.1,"1.085","18","20","0","13.50",,"40","19","6","5","6","2",".315",".547",".451",".412","93","20.4",51.1,13.3,0,55.6,"82.65883087","96.615656",19.5,46.1,40.1,"31.3","96.2","2411",,,,,"1.2","87.8","2132","8.8","13.3","81.6","2899","-15.6","19.9","96.3","2446","13","26.6","89.4","2648","4.7",,,,,,,,
"Bednar, David",670280,2025,30,"62.2",251,4,86,34.3,7.6,"0.567","16","18","0","2.30",,"199","134","6","1","3","0",".207",".331",".249",".264","89.2","11.2",35.9,9,3.4,42.1,"78.178668056","94.382782917",31.1,47.8,38.8,"44","97.1","2442",,,,,,,,,"36.2","77.6","2455","-7.6",,,,,,,,,"19.7","92.3","1702","5.2",,,,
"Otañez, Michel",671305,2025,27,"5.1",28,2,6,21.4,17.9,"1.191","8","8","0","13.50",,"20","11","2","0","4","2",".264",".548",".491",".420","93.8","20.4",31.3,18.8,0,50,"84.77028","96.553160625",35.6,37.2,28.8,"42.1","97.4","2376","35.5","85.2","1929","2.8",,,,,,,,,"22.3","96.6","2238","12.2",,,,,,,,,,,,
"Freeman, Caleb",673965,2025,27,"3.1",16,1,3,18.8,6.3,"1.043","2","2","0","5.40",,"14","2","2","0","2","0",".256",".450",".442",".329","91","19.5",33.3,16.7,8.3,41.7,"81.781485","94.737483636",8.3,51.4,45.9,"48.6","95.8","2279","21.4","88.6","2793","1.1",,,,,"30","82.3","2901","-15.9",,,,,,,,,,,,,,,,
"Woods Richardson, Simeon",680573,2025,24,"111.1",471,17,107,22.7,9.8,"0.703","50","53","0","4.04",,"283","187","0","0","12","3",".218",".398",".308",".305","90.2","20",34,11.4,2.9,41.6,"80.370681656","94.323096369",24.1,48,46,"45.6","93.2","2253","27.2","85.5","2300","5.8","4.3","83.2","2314","11.1","13","77.9","2578","-13.7",,,,,,,,,"10","86.1","1073","7.8",,,,
"Fitts, Richard",690916,2025,25,"45.0",195,11,40,20.5,8.2,"0.779","25","27","0","5.00",,"95","88","0","0","3","2",".269",".480",".337",".360","90.7","11.8",39.6,12.7,3,48.5,"79.695850909","95.34205947",25.3,53.2,52.7,"38.9","95.9","2450","28.2","87.8","2411","0.4","2.6","89.3","1600","6.3","10.6","83","2505","-9.6","8.8","94.8","2209","14.2",,,,,,,,,"10.9","85","2448","1.1"
"Bradley, Taj",671737,2025,24,"142.2",605,19,127,21,9.3,"0.719","80","88","0","5.05",,"336","215","0","0","19","12",".240",".397",".314",".314","89.2","12",31.8,7.2,3.8,39.9,"78.130635","94.199846238",23.6,48.3,54,"46.5","96.2","2301",,,,,,,,,"14.7","81.8","2557","-14.7","0.5","96.3","2151","14.4","22.8","89.7","2175","5.6","15.5","91.3","1699","8.9",,,,
"Bello, Brayan",678394,2025,26,"166.2",700,16,124,17.7,8.4,"0.669","62","71","0","3.35",,"439","223","0","0","19","5",".260",".403",".297",".327","88.8","9",30.8,7.1,3.4,39.3,"77.392833825","94.176171155",20.1,45.8,32.8,"14.8","95.1","2161",,,,,"15","88.7","1844","4.6",,,,,"35.4","95.3","2121","5.7","16","88.2","2479","2.6",,,,,"18.8","85.7","2475","-3.2"
"Kelly, Michael",547184,2025,32,"39.2",166,5,29,17.5,11.4,"0.695","14","17","0","3.18",,"128","51","15","1","11","4",".254",".436",".301",".337","87.3","14.4",35.9,10.3,5.1,35.9,"76.037959474","93.379355088",22.2,43.2,34.8,"29.2","95.8","2406","11.7","89.9","2778","5.3","1.5","89.2","1622","5.4",,,,,"4.6","95.1","2352","9.6","2.6","91.9","2818","7.1",,,,,"50.5","82.9","2812","-2.3"
"Lao, Sauryn",666659,2025,25,"11.0",49,2,9,18.4,4.1,"0.869","6","7","0","4.91",,"26","26","1","0","2","0",".274",".462",".372",".338","92.9","11.9",35.1,10.8,5.4,51.4,"83.535993333","96.071765833",29.9,52.4,34.1,"29.7","92.8","2233","48.1","86.9","2246","6.9","7.6","87","1885","6.8",,,,,"14.6","93.1","2199","6.4",,,,,,,,,,,,
"Stewart, Brock",592779,2025,33,"37.2",159,3,44,27.7,8.2,"0.643","11","11","0","2.63",,"87","86","14","6","8","0",".193",".295",".284",".258","86.5","21.3",29.6,4.1,6.1,32.7,"74.767168163","93.229603711",31.1,51.1,25.3,"52.8","96.2","2620",,,,,"10.8","90.6","1640","2.1",,,,,"11.1","96.2","2365","5","11","93.5","2476","8.2",,,,,"14.3","84.7","2562","2.7"
"Henderson, Logan",701656,2025,23,"25.1",99,3,33,33.3,8.1,"0.550","5","5","0","1.78",,"52","50","0","0","1","0",".238",".389",".246",".302","89.5","28.2",41.4,8.6,5.2,32.8,"79.875693448","93.81992614",27.6,54.9,32.7,"48.8","92.9","2338","3.4","83.3","2388","-1.8","40","81.9","2504","5.3",,,,,,,,,"7.8","87.6","2343","11.6",,,,,,,,
"Winn, Cole",668390,2025,25,"41.2",162,3,35,21.6,10.5,"0.572","7","8","0","1.51",,"99","59","20","4","6","0",".217",".395",".255",".314","91.4","10.4",29.2,10.4,4.7,48.1,"80.866703654","95.652362427",22.9,45.9,37.9,"27.8","96.2","2411","19.2","86.1","2688","-5.6",,,,,"1","83.7","2951","-9.3","20.8","95.4","2365","8.5","19.1","91.3","2440","7.4","12.1","87.8","1660","3.6",,,,
"Mikolas, Miles",571945,2025,36,"156.1",669,29,100,14.9,5.5,"0.805","84","87","0","4.84",,"449","168","0","0","16","6",".276",".504",".342",".351","89.3","13.8",34,12.7,3.4,41.8,"77.808310802","94.601714237",16.5,48,42.8,"28.2","92.9","2217","23.4","87.8","2276","7.1","11.5","85.9","1659","6.8","17.6","76","2579","-15","16.5","92.4","2131","9.1",,,,,,,,,"2.9","80.7","2453","-1.7"
"Murray, Jayden",681151,2025,28,"11.2",47,0,8,17,6.4,"0.504","2","2","0","1.54",,"31","15","6","2","3","1",".261",".373",".232",".300","89.7","18.2",36.1,11.1,2.8,47.2,"79.628657778","94.023051667",21.5,52.8,27.8,"42.6","96.2","2457",,,,,"3.4","90.2","1916","3.7","2.8","81.3","2641","-9.2","26.7","95.6","2366","7.8","5.7","92.9","2374","6.4",,,,,"18.8","82.2","2446","0"
"Bruihl, Justin",677865,2025,28,"13.2",65,2,18,27.7,10.8,"0.889","8","10","0","5.27",,"55","20","5","3","4","2",".248",".366",".376",".301","87.2","7.3",33.3,7.7,5.1,30.8,"76.787412","92.989539487",22.5,40.6,29.6,,,,,,,,,,,,,,,,"51.1","90.2","2172","2.9","7.3","87.5","2462","6.4",,,,,"41.6","78.4","2597","-1.8"
"Harris, Hogan",663687,2025,28,"64.2",277,5,65,23.5,11.9,"0.658","23","26","0","3.20",,"206","97","30","9","15","4",".241",".348",".289",".305","88","14.9",34.8,5.6,4.5,32.6,"77.910871023","93.049922557",23,45.6,54.5,"56.7","93.5","2301","1.6","84.4","2151","12.1","13.2","82","2112","14.2","22.8","73.5","2630","-17.4",,,,,"2.7","89.1","2216","13.2",,,,,"3.1","78.2","2436","-5.9"
"Peraza, Oswald",672724,2025,25,"2.1",16,1,0,0,0,"1.492","8","8","0","30.86",,"6","2","0","0","0","0",".341",".468",".637",".373","90.5","11.8",33.3,6.7,0,35.7,"83.245307143","93.043094286",9.5,51.2,38.9,,,,"20","39.8","969","24.6",,,,,"80","38.8","933","16.9",,,,,,,,,,,,,,,,
"Phillips, Evan",623465,2025,30,"5.2",22,0,6,27.3,9.1,"0.473","0","0","0","0.00",,"14","11","3","0","1","0",".195",".230",".223",".231","84.6","10.1",21.4,0,7.1,28.6,"75.107624286","91.117835714",30.2,46.7,26.7,"31.5","95.4","2393",,,,,,,,,,,,,"7.6","95.4","2182","9.1","7.6","92.5","2440","8.6",,,,,"53.3","85.1","2723","-0.7"
"Verlander, Justin",434378,2025,42,"152.0",662,16,137,20.7,7.9,"0.736","65","74","0","3.85",,"436","269","0","0","16","3",".255",".412",".320",".319","88.6","18.2",37.3,8.1,6,37,"77.701988918","93.938797983",24.8,48.8,55.3,"45.3","93.9","2433","23.3","87.1","2500","5.5","8.5","84.7","1729","9.4","14.6","78.5","2748","-12.3","0.4","93.3","2474","16.3",,,,,,,,,"7.9","80.7","2672","-1.5"
"Pomeranz, Drew",519141,2025,36,"49.2",203,5,57,28.1,7.4,"0.591","12","14","0","2.17",,"135","84","23","7","13","3",".218",".357",".265",".291","90.1","16.9",34.9,8.7,3.2,42.9,"79.760165397","94.62131056",24.5,50,39.2,"76.8","92.7","2642",,,,,,,,,"23.3","83.7","2301","-10.9",,,,,,,,,,,,,,,,
"Kopech, Michael",656629,2025,29,"11.0",53,0,12,22.6,24.5,"0.508","3","3","0","2.45",,"39","24","2","1","10","2",".222",".264",".270",".330","88.7","16.7",39.3,0,3.6,39.3,"79.963961429","92.792026429",28.7,40.7,46.4,"82.7","97.5","2625",,,,,"0.9","92.5","1821","4.9",,,,,,,,,"16.5","91.1","2589","5.4",,,,,,,,
"Effross, Scott",664123,2025,31,"10.2",51,1,6,11.8,5.9,"0.956","10","10","0","8.44",,"24","13","1","1","1","1",".300",".463",".398",".342","86.4","6",28.6,4.8,4.8,45.2,"72.807266667","93.974998571",15.9,52.6,-5.2,"4.5","89.3","2253",,,,,"12.2","82","1959","-7.5",,,,,"50","89.2","2211","-3.7",,,,,,,,,"33.3","78.8","2518","2.5"
"Adcock, Ty",686654,2025,28,"3.0",14,1,5,35.7,14.3,"0.763","1","1","0","3.00",,"8","8","1","0","0","0",".094",".228",".331",".220","93.1","38.8",16.7,16.7,0,33.3,"86.164383333","94.920916667",18.2,53.7,47.1,"41.5","97.1","2172","30.5","86.9","2199","-1.5",,,,,,,,,"1.2","94.9","2233","10.5","20.7","93.1","2206","9.7","6.1","87.6","877","5.3",,,,
"Hicks, Jordan",663855,2025,28,"67.1",314,6,58,18.5,10.2,"0.829","52","56","0","6.95",,"222","101","4","0","21","13",".267",".377",".364",".330","90","5.8",31.6,4.7,6,45.6,"79.016019245","94.960133585",23.1,43.6,35.1,"9.3","97.3","2098","8.1","84.3","2294","-3.5",,,,,,,,,"54.5","97.5","1926","7.5",,,,,"6","89.2","919","2.3","22.2","82.5","2309","2.1"
"Contreras, Roansy",672710,2025,25,"12.2",51,3,6,11.8,3.9,"0.752","8","8","0","5.68",,"32","17","3","0","4","2",".219",".388",".324",".283","89.6","24.2",28.6,11.9,2.4,40.5,"80.728997143","93.401118333",20,48.2,46.2,"42.1","95.2","2359","18.3","84.3","2480","-0.4","11.2","88.2","2078","12.1","17.3","79.1","2621","-5.8","11.2","95.4","2227","14.5",,,,,,,,,,,,
"Morgan, David",688158,2025,25,"47.1",193,4,50,25.9,11.9,"0.638","14","14","0","2.66",,"106","86","25","7","16","3",".227",".347",".287",".302","91.1","10.9",33.9,7.6,0,45.8,"81.12097569","94.875696379",25.5,49.6,32.3,"36.7","97.9","2441","18.3","88","2285","0.5","0.1","91.9","2091","-3.4","23.4","83.1","2569","-9.9","21.5","96.9","2136","5.4",,,,,,,,,,,,
"Rodríguez, Yariel",684320,2025,28,"73.0",298,8,66,22.1,11.4,"0.629","25","26","0","3.08",,"157","127","36","4","16","6",".228",".375",".281",".315","86.4","15.8",39.6,9.4,7.3,35.9,"74.039525263","93.477406085",27.5,45.6,36.6,"40.8","95.7","2444","41.3","85.6","2765","0.4",,,,,,,,,"6","95.5","2393","10.7",,,,,"11.9","89.3","1602","4.9",,,,
"Burnes, Corbin",669203,2025,30,"64.1",265,7,63,23.8,9.8,"0.653","19","23","0","2.66",,"175","103","0","0","4","2",".229",".373",".288",".303","89.5","6.6",33.5,8.1,4,41.6,"77.976536977","94.85857848",25.7,46.3,41.2,,,,"9","87.9","2849","1.4","7.2","88.3","2176","7.7","19.2","80","2811","-11.5","9.6","95.6","2496","10.9","54.9","94.1","2662","12.2",,,,,,,,
"Martinez, Justin",679885,2025,23,"15.1",67,1,22,32.8,17.9,"0.559","7","8","0","4.11",,"51","33","8","1","3","2",".166",".228",".270",".283","80.7","7.8",30,3.3,6.7,23.3,"67.737819333","91.359276552",37.3,37.9,37.9,"18.7","100","2258","9.7","91.2","2355","7.8",,,,,,,,,"40.7","99.3","2122","8.4",,,,,"31","87.9","661","1.2",,,,
"Smith, Shane",681343,2025,25,"146.1",616,17,145,23.5,9.4,"0.668","62","70","0","3.81",,"363","269","0","0","10","3",".233",".379",".296",".311","90.3","13.3",35.4,6.7,3.7,45.4,"79.548236111","94.983409519",27.7,48.3,33.7,"45.8","95.6","2278","11.1","89.5","2207","3.7","16.8","90","1588","1.4","14.6","82.1","2216","-11.6","11.6","95.7","2126","9.6",,,,,,,,,"0.1","88.1","2150","8.8"
"Seabold, Connor",657756,2025,29,"10.1",48,1,10,20.8,12.5,"0.765","5","5","0","4.35",,"27","18","6","5","2","1",".227",".408",".339",".320","90","18.6",31.3,15.6,0,43.8,"79.412729375","94.56654875",21.9,51.9,21.7,"50.8","92.4","2175","18.9","86.4","2380","8.8","26.5","81.7","2299","-2.6",,,,,,,,,,,,,,,,,"3.8","81.9","2576","1.9"
"Rock, Joe",697812,2025,24,"7.2",35,1,11,31.4,5.7,"0.637","2","2","0","2.35",,"30","11","0","0","1","0",".204",".331",".290",".285","91.2","4.6",30,5,0,50,"80.287877","95.3203115",24.6,42.1,24.1,"20","94.2","2257","26.2","86.2","2542","-0.4","6.9","87.7","1991","0.8",,,,,"46.9","93.6","2276","6.8",,,,,,,,,,,,
"Herget, Jimmy",623474,2025,31,"83.1",347,6,81,23.3,7.5,"0.649","23","24","0","2.48",,"233","147","36","14","11","0",".220",".341",".287",".282","88.7","18.5",35.2,7.3,2.6,39.1,"77.89855931","93.881776234",26.9,46.6,4.8,"7.4","93","2427","28.1","85.5","2689","3.9","5.5","86.6","1635","-1.6","31.1","77.8","3017","1.9","27.9","91.9","2423","0.1",,,,,,,,,,,,
"Messick, Parker",800048,2025,24,"39.2",165,4,38,23,3.6,"0.724","12","12","0","2.72",,"125","69","0","0","4","1",".239",".368",".315",".276","88.1","9.8",33.1,5.8,4.1,29.8,"77.579424262","93.461058264",26,46.1,44.6,"36","92.8","2123","14.6","86.3","2402","5.1","23.4","84.6","1855","2.7","12.6","77.1","2255","-5.9","13.4","91.4","2026","10.5",,,,,,,,,,,,
"Hill, Rich",448179,2025,45,"9.0",43,2,4,9.3,18.6,"0.852","5","7","0","5.00",,"33","13","0","0","0","0",".280",".467",".376",".388","88.5","10.5",22.6,6.5,6.5,38.7,"77.0552925","94.195602903",19.4,39.2,35.7,"36.8","88.5","2245",,,,,"0.6","80.5","1432","3.8","34.5","72.4","2570","-9.1","6.4","87.2","2184","8","15.8","83.7","2289","8.4",,,,,"5.8","70.9","2492","2.4"
"Kelly, Merrill",518876,2025,36,"184.0",748,23,167,22.3,6.4,"0.661","72","79","0","3.52",,"465","288","0","0","21","3",".253",".423",".288",".316","90.2","13.8",32.4,9.2,3.8,43.5,"79.116163359","94.908594218",24.1,49.3,23.8,"22.9","91.8","2368","7","85.8","2367","3.4","26.5","88.3","2157","0","9.7","81.7","2616","-10","13.4","92.2","2227","5.9","20.5","90.6","2367","12",,,,,,,,
"Sasaki, Roki",808963,2025,23,"36.1",161,6,28,17.4,13.7,"0.746","18","18","0","4.46",,"101","42","0","0","6","1",".247",".469",".331",".364","90.6","13.1",32.4,11.1,2.8,45.4,"80.793682037","94.617473458",22.1,43,44.5,"49.9","96.1","2085","16.3","82","1869","-2.3",,,,,,,,,"0.3","98.7","2071","9.3",,,,,"33.5","84.9","492","-3.9",,,,
"Williams, Devin",642207,2025,30,"62.0",259,5,90,34.7,9.7,"0.607","33","37","0","4.79",,"158","183","6","0","10","7",".195",".314",".271",".275","89.5","11.3",32.1,9.3,4.3,35.7,"79.328970286","94.280628201",37.7,50,20.7,"47.4","94.1","2368",,,,,"52.4","83.7","2742","-4.8",,,,,,,,,"0.2","92.1","2448","13",,,,,,,,
"Burgos, Juan",686228,2025,25,"13.1",65,2,14,21.5,12.3,"0.900","9","10","0","6.08",,"33","24","8","4","5","1",".258",".481",".386",".363","88.1","12.8",31,14.3,4.8,35.7,"76.702085238","93.772423571",26.9,47.3,33.1,,,,,,,,"2.3","92.5","2177","1.9",,,,,"32.7","95.8","2409","3.9","33.2","91.9","2443","5.5",,,,,"31.8","85.2","2822","0.5"
"Carrillo, Alex",692024,2025,28,"4.2",22,4,4,18.2,9.1,"1.409","7","7","0","13.50",,"13","11","2","0","1","0",".337",".884",".563",".534","93.2","30.5",40,26.7,0,40,"84.79829625","95.438087333",34.3,41.7,18.3,"41.7","97.8","2464","32.1","86.9","2615","-0.1",,,,,,,,,,,,,,,,,"26.2","90.4","1649","0.6",,,,
"Dreyer, Jack",676263,2025,26,"76.1",307,4,74,24.1,7.8,"0.575","25","26","0","2.95",,"170","139","20","3","27","2",".202",".321",".247",".256","90.3","17",30.6,5.3,4.8,39.7,"81.020730198","94.032878366",26.7,51.4,56.2,"45.1","92.7","2395","46.2","88.1","2356","3.9",,,,,"8.7","78.9","2537","-16.4",,,,,,,,,,,,,,,,
"Detmers, Reid",672282,2025,25,"63.2",266,6,80,30.1,9.4,"0.677","28","29","0","3.96",,"185","147","15","6","9","4",".233",".355",".295",".295","90.1","9.9",32.7,8.2,3.8,42.8,"79.347347848","94.748538662",32.7,49.7,46.6,"44.1","95.8","2163","31.2","88.3","2332","-2.7","0.1","85.3","1623","10.9","21.1","73.6","2488","-16.2","3.4","95.6","2141","15.6",,,,,,,,,,,,
"Leclerc, José",600917,2025,31,"9.0",46,3,8,17.4,10.9,"1.025","6","6","0","6.00",,"23","34","7","3","4","0",".293",".540",".431",".391","88.8","14.9",45.5,12.1,6.1,45.5,"77.330501176","94.621630606",30.9,48,38.8,"34.1","94.2","2514","21","80.7","2447","2.7","18.8","86.5","1979","12.4","3.5","78.6","2583","-4.4","8.3","93.7","2295","9.7","14.4","88.8","2528","6.3",,,,,,,,
"Hernandez, Nick",663321,2025,30,"10.2",52,3,11,21.2,15.4,"0.976","6","6","0","5.06",,"28","28","1","1","2","1",".213",".479",".412",".351","91","22.8",48.5,15.2,0,45.5,"82.822541176","94.280847273",31,45.2,47.6,"43","91.3","2511","45.7","82","2495","1.6",,,,,,,,,,,,,,,,,"11.3","81.5","1542","1.8",,,,
"Lara, Andry",691251,2025,22,"14.1",78,2,10,12.8,10.3,"1.035","14","15","0","8.79",,"37","12","2","1","2","1",".322",".481",".445",".393","91.8","5.7",37.3,8.5,6.8,44.1,"83.148553929","95.040074464",13.3,47.1,38.9,"38.4","94.2","2119","32.5","86","2193","3","0.8","89.4","1969","8.5",,,,,"22.4","94.5","2094","10.2",,,,,"5.9","88.2","1120","5.3",,,,
"Martinez, Nick",607259,2025,34,"165.2",683,22,116,17,6.1,"0.739","82","86","0","4.45",,"455","210","3","0","19","9",".258",".399",".317",".309","88.3","16.2",37,6.9,3.3,34.5,"78.23181311","93.267375748",19.9,47.1,57.8,"20.8","92.6","2316","10.2","84.9","2433","1.8","19.8","78.5","2010","5","11","79.8","2586","-16.5","17.1","92.5","2293","14.2","21.2","89.1","2365","11.4",,,,,,,,
"Duran, Jhoan",661395,2025,27,"70.0",287,3,80,27.9,6.6,"0.564","16","19","0","2.06",,"138","159","5","2","5","1",".212",".298",".248",".251","89.4","-2.4",22.2,4.3,4.3,41.6,"77.695448478","94.76861306",30.8,53.2,32.9,"35","100.6","2108",,,,,,,,,"19.2","87.6","2646","-10.4",,,,,,,,,"40","97.8","1825","1.7","5.8","87.3","2609","-2.2"
"Whisenhunt, Carson",687931,2025,24,"23.1",102,6,16,15.7,11.8,"0.864","13","14","0","5.01",,"63","41","0","0","1","0",".279",".508",".372",".383","92.4","13.3",34.7,12.5,4.2,48.6,"82.3382825","95.746650704",23.8,45.3,48.2,,,,"13.7","83.3","2522","-1.6","37.3","81.1","2073","6.8","1.2","79.3","2746","-7.7","47.8","92.6","2266","16.4",,,,,,,,,,,,
"Burke, Brock",656271,2025,28,"61.2",257,8,52,20.2,7,"0.728","23","24","0","3.36",,"136","112","35","17","14","3",".252",".386",".308",".303","89","8.4",31,7.1,9.2,40.8,"77.039255402","94.832949483",23.4,52.4,40.9,"42.5","96.1","2259","27.5","87.9","2220","5.1","22","88.8","2115","5.1",,,,,"8","93.5","2059","10.5",,,,,,,,,,,,
"Lawrence, Justin",664875,2025,30,"17.2",69,0,23,33.3,11.6,"0.495","1","1","0","0.51",,"49","29","3","1","2","0",".176",".301",".224",".263","86.2","13",30.6,13.9,2.8,25,"75.474978333","92.512891111",29.5,41.5,-0.7,"9.3","94.9","2478",,,,,,,,,,,,,"40.7","95","2362","-0.9",,,,,,,,,"50","83","2983","3.6"
"Hamilton, Ian",641656,2025,30,"40.0",166,5,42,25.3,13.3,"0.666","19","20","0","4.28",,"93","75","12","2","17","7",".222",".376",".296",".313","89.9","16.9",37,10,3,36,"80.179450816","94.043123299",27.8,49.5,36.3,"14","95.4","2243","38.1","87.9","1523","5.1",,,,,,,,,"47.9","94.8","2191","8.4",,,,,,,,,,,,
"Montero, Keider",672456,2025,24,"90.2",389,16,72,18.5,8,"0.775","44","46","0","4.37",,"279","122","7","1","13","4",".262",".441",".337",".333","89.1","14.5",37.7,8.1,4.2,39.4,"78.2070475","94.272348602",19.8,47.7,41,"30.8","93.9","2225","21.9","84.1","2729","2.1","12.8","86.8","1957","7.1","14.5","79","2936","-9.8","19.9","93.7","2213","10.3",,,,,,,,,"0.1","83.7","2841","-2.8"
"Cosgrove, Tom",676680,2025,29,"4.0",16,0,3,18.8,6.3,"0.450","1","1","0","2.25",,"7","6","0","0","0","0",".166",".190",".209",".192","81.7","2.6",16.7,0,8.3,8.3,"71.965208333","90.309905",19.4,56.3,21,"25","88.5","2381",,,,,,,,,,,,,"32.8","87.3","2338","6.7",,,,,,,,,"42.2","76.2","2640","1.9"
"Bivens, Spencer",702352,2025,31,"81.0",343,6,61,17.8,7.3,"0.739","36","42","0","4.00",,"231","98","31","9","12","1",".249",".387",".322",".314","87.5","7.2",28.6,7.1,5.6,37.3,"75.871326855","93.556352177",17,49.1,36.8,"6.3","95.2","2008",,,,,"15.3","88.5","1602","2.3",,,,,"37.6","94.8","1883","6.6","27.2","91","2127","10.2",,,,,"8.3","83.1","2243","3.7"
"Senga, Kodai",673540,2025,32,"113.1",482,12,109,22.6,11.4,"0.712","38","44","0","3.02",,"282","188","0","0","16","3",".228",".365",".313",".309","88.9","12.5",29.7,8,4.8,40.6,"77.128245355","94.410346065",27.4,45.5,45.7,"31.5","94.7","2380","5.8","83.2","2488","1.5",,,,,"1.7","68.5","2439","-11.6","6","88.6","2210","6.6","20.3","89.6","2470","8.6",,,,,"6.1","79.6","2553","-2.7"
"Henriquez, Edgardo",683618,2025,23,"19.0",78,2,18,23.1,6.4,"0.643","5","5","0","2.37",,"34","39","14","9","4","2",".219",".370",".280",".286","88.2","10.8",32.7,9.1,9.1,38.2,"76.778875385","93.846856731",29,52,41.1,"26.9","100.8","2510","12.9","90.5","2664","2.6",,,,,"10.4","83.6","2660","-7.3","30.1","100.9","2414","13.3","19.7","96","2670","9.7",,,,,,,,
"Edwards Jr., Carl",605218,2025,33,"6.0",24,1,6,25,12.5,"0.642","3","3","0","4.50",,"16","12","4","3","0","0",".180",".344",".282",".278","85.5","19.1",26.7,6.7,0,26.7,"74.33442125","92.882504667",31.7,45.6,56.6,"51.1","93.1","2520",,,,,"14.4","88.6","1794","10","34.4","78.9","2212","-12",,,,,,,,,,,,,,,,
"Phillips, Tyler",663969,2025,27,"77.2",313,8,52,16.6,7.7,"0.643","24","26","0","2.78",,"183","123","9","0","5","0",".242",".362",".284",".297","89.2","5.5",26,5.1,4.7,43.4,"77.404647949","94.783240429",27.3,47.9,29.9,"8.9","94.6","2236",,,,,,,,,"23.4","84.1","2559","-10","31.6","95.5","2056","5.7",,,,,"13.6","86.9","1257","2.5","22.4","84.5","2461","0.7"
"Little, Jack",669193,2025,27,"3.0",14,0,2,14.3,7.1,"0.929","2","2","0","6.00",,"6","8","0","0","0","0",".200",".257",".403",".269","91.1","22.4",40,0,0,30,"84.584474","93.194224",32,56.8,24.9,"56.8","94","2228","27.3","86.8","2390","3.6",,,,,,,,,,,,,,,,,"15.9","86.8","1197","1.3",,,,
"Holderman, Colin",670059,2025,29,"25.2",125,4,18,14.4,12.8,"0.929","20","21","0","7.01",,"88","53","19","7","8","5",".286",".426",".399",".363","89.6","8.7",29.2,5.6,4.5,43.8,"78.69584","94.458353678",25.8,46.5,30,"6.7","97.1","2291","0.8","85.6","2412","6.7",,,,,,,,,"37.4","97.4","2258","8","24.2","90.5","2321","6","3.9","90.1","1838","1.8","27","82.9","2513","4.8"
"Chafin, Andrew",605177,2025,35,"33.2",143,2,36,25.2,13.3,"0.633","9","11","0","2.41",,"99","53","29","9","11","4",".215",".315",".292",".290","87.3","12.8",27.3,3.4,4.5,37.5,"76.52036","93.195206322",27.7,45.9,51.8,"21.2","89.5","2088","38.6","80.5","2449","-2.1","0.7","84.4","1760","13.8",,,,,"39.6","89.7","2056","12.4",,,,,,,,,,,,
"Murphy, Chris",669684,2025,27,"34.2",148,4,30,20.3,13.5,"0.598","12","12","0","3.12",,"89","60","9","3","7","2",".215",".337",".276",".312","89.1","9.8",23.7,7.5,6.5,46.2,"78.07668413","94.38600087",26.5,44.5,41.4,"32","94.3","2339","20","87.6","2274","4.5","5.1","83.8","1738","4.6","31.1","76.8","2530","-12.9","4.4","92.3","2245","9.4",,,,,"1.1","81.6","1084","1.5","6.3","78.9","2425","0.6"
"Fuentes, Didier",800311,2025,20,"13.0",69,6,12,17.4,8.7,"1.166","20","20","0","13.85",,"45","30","0","0","7","5",".297",".551",".486",".403","93.5","21",44.9,14.3,0,57.1,"85.3176512","96.111621429",23.9,45.7,29.5,"57.7","96","2199",,,,,,,,,"11.3","79.3","2642","-10.2",,,,,,,,,"3.1","88.1","1802","7","28","83.4","2489","-1.1"
"Robert, Daniel",642016,2025,30,"13.0",59,2,15,25.4,16.9,"0.764","6","7","0","4.15",,"40","30","2","0","8","1",".214",".336",".339",".314","88.9","16.6",44.1,5.9,2.9,41.2,"79.134121765","93.465399412",30.8,45.9,34.6,"23.1","96.3","2451",,,,,"0.4","91.6","2155","16.2",,,,,"9","95.3","2371","8.2","25.9","91","2514","7.3",,,,,"41.6","84.1","2762","2.1"
"McCaughan, Darren",670766,2025,29,"5.1",23,0,6,26.1,4.3,"0.534","1","1","0","1.69",,"18","10","1","0","2","0",".224",".316",".238",".254","87.1","27.2",37.5,6.3,6.3,43.8,"74.02145375","94.079369375",27.3,51.2,29.7,"23.3","88.9","2343",,,,,"11.6","80.8","1295","5.2",,,,,"23.3","90.1","2207","7.2",,,,,,,,,"41.9","82.2","2668","4.4"
"Kittredge, Andrew",552640,2025,35,"53.0",208,7,64,30.8,5.3,"0.622","20","22","0","3.40",,"130","102","10","4","9","0",".211",".339",".266",".258","90.7","7.8",33.8,6.8,2.3,44.4,"79.979613939","95.016293969",29.8,53.3,40.9,"10.5","94.7","2488","52.9","89.2","2654","1.3",,,,,,,,,"35.7","95.2","2279","9.4",,,,,"0.9","88.5","1392","6.1",,,,
"Palencia, Daniel",694037,2025,25,"52.2",215,5,61,28.4,7.4,"0.650","17","19","0","2.91",,"125","106","7","0","1","1",".227",".352",".284",".283","90.1","14.4",38.2,4.4,5.1,48.5,"80.17049","94.70085791",27.5,51,33.9,"70.7","99.6","2344","23.1","88.5","2284","1.1",,,,,"0.4","82.2","2038","1.7","1.2","99.8","2355","14.9",,,,,"4.6","88.3","1159","3.9",,,,
"Yoho, Craig",684974,2025,25,"8.2",41,1,7,17.1,22,"0.864","7","7","0","7.27",,"28","16","2","2","5","1",".198",".262",".388",".318","88.7","12.1",20.8,4.2,8.3,29.2,"78.614828333","93.932678261",24.3,39.8,18.6,"38.1","92.7","2315",,,,,"46","77.1","2310","-3",,,,,,,,,"6.8","89","2436","10.2",,,,,"9.1","75.9","2856","-9.7"
"Tolle, Payton",801139,2025,22,"16.1",74,5,19,25.7,10.8,"0.889","11","12","0","6.06",,"31","45","2","2","2","2",".254",".408",".377",".329","88.5","15.2",36.2,6.4,6.4,38.3,"77.615639167","93.978078298",30.1,53.6,32.9,"64.1","96.6","2339","3.3","87.5","2339","4.1","6.6","89.8","1083","0.8","5.9","83","2460","-5.6","0.3","97.8","2477","15.9","19.7","89.4","2363","7.6",,,,,,,,
"Taillon, Jameson",592791,2025,33,"129.2",519,24,98,18.9,5.2,"0.692","53","54","0","3.68",,"375","174","0","0","6","4",".243",".418",".297",".305","88.3","19.7",33,8.1,3.3,38.3,"77.113366359","93.815742513",20.8,48.5,46.3,"38.5","92.3","2321",,,,,"11.2","84","1753","7.8","13.7","79.6","2580","-9.4","6.9","92.3","2212","14.3","14.6","85.8","2533","8.1",,,,,"15.1","80.2","2719","-0.7"
"Bowden, Ben",641386,2025,30,"10.2",47,2,7,14.9,10.6,"0.848","5","6","0","4.22",,"28","19","2","2","0","0",".282",".616",".346",".397","90.4","19",40,17.1,2.9,48.6,"80.809664444","94.742741714",22.1,50.8,33.4,"58.8","93.4","2419","28.3","84","2285","4.7","11.8","86.3","1779","8.7","1.1","82","2464","-1.4",,,,,,,,,,,,,,,,
"Topa, Justin",623437,2025,34,"60.0",268,2,49,18.3,6.7,"0.714","26","32","0","3.90",,"185","76","24","13","6","3",".285",".393",".311",".324","89.3","7.7",35,5.6,5.1,44.7,"77.581281959","94.832875722",18.1,47.2,10.4,,,,,,,,"15","87.1","1843","-5.4",,,,,"35.6","94.2","2182","0.2","20","91.2","2330","6.4",,,,,"29.3","82.9","2632","3.9"
"López, Pablo",641154,2025,29,"75.2",312,6,73,23.4,6.4,"0.622","23","28","0","2.74",,"202","141","0","0","4","1",".250",".398",".274",".310","88.7","14.4",39.5,6,4.7,35.3,"77.770456355","93.87682108",25.9,48.5,35.4,"41.2","94.5","2167",,,,,"21.2","87.4","1796","2.7","9.9","82.7","2603","-11.7","6.5","93.7","2043","7.3",,,,,,,,,"21.2","84.9","2411","0"
"Matthews, Zebby",805673,2025,25,"79.1",354,12,88,24.9,6.8,"0.784","49","50","0","5.56",,"203","161","0","0","8","5",".266",".437",".338",".331","89.2","16.5",44.2,9.9,5.8,38.8,"78.10472475","94.382515292",27.5,51.1,39.5,"39.3","96.3","2331","25.1","88.2","2419","1.4","10.6","87.5","1499","6.8","5.8","82.9","2435","-7.5","6.1","95.8","2319","13.5","13.2","91.8","2495","10.6",,,,,,,,
"Garza, Justin",621057,2025,31,"6.2",28,1,3,10.7,3.6,"0.802","4","4","0","5.40",,"13","6","4","2","0","0",".326",".540",".344",".384","90.2","17.5",29.2,8.3,0,45.8,"78.6320725","94.927435",16.7,48.8,45.5,"37.2","96.1","2319","9.3","81.8","2523","-10.7",,,,,,,,,,,,,"50","89.6","2364","4.9","3.5","83.9","864","-2.5",,,,
"Crochet, Garrett",676979,2025,26,"205.1",814,24,255,31.3,5.7,"0.617","59","62","1","2.59",,"483","407","0","0","5","3",".212",".344",".270",".267","87.7","10.5",32.2,7.3,7.1,37.3,"75.538655219","93.9771349",29.4,51.8,35,"36.2","96.4","2460",,,,,"4.3","87.7","1711","6.4",,,,,"15.8","96","2399","8.1","27.8","90.9","2596","6.2",,,,,"15.9","82.7","2378","-3"
"Irvin, Jake",663623,2025,28,"180.0",787,38,124,15.8,7.9,"0.826","114","120","0","5.70",,"524","223","0","0","16","7",".277",".497",".355",".360","90.4","12.8",34.8,11.9,3.9,47.1,"79.313724864","95.158318554",18.2,46.8,27.1,"32.2","92.4","2332","4.4","83.8","2491","0.6","7.7","85.6","2199","4.8","29.6","77.8","2486","-4.2","21.9","91.9","2290","6.5","4.1","87.4","2465","6.8",,,,,,,,
"Walker, Josh",677020,2025,30,"5.0",25,0,8,32,8,"0.940","4","4","0","7.20",,"15","13","1","0","1","0",".237",".379",".411",".316","90.7","18.7",42.9,21.4,0,57.1,"74.977998571","97.932096429",35.7,45.7,39.8,"40.2","93.2","2278",,,,,,,,,"53.3","83.9","2164","3.5","6.5","91.9","2116","6.9",,,,,,,,,,,,
"Raley, Brooks",548384,2025,37,"25.2",99,0,25,25.3,6.1,"0.431","7","7","0","2.45",,"80","31","17","3","6","3",".181",".270",".200",".234","88.1","20.5",34.8,0,3,37.9,"78.699292424","92.830069242",20.8,44.6,30.7,,,,,,,,"13.7","84","1951","-0.5",,,,,"24.2","90.7","2347","4","20.1","87.1","2560","6.8",,,,,"42","81.3","2920","5"
"Swanson, Erik",657024,2025,31,"5.1",30,2,3,10,16.7,"1.240","9","9","0","15.19",,"19","11","2","2","0","0",".307",".448",".489",".380","86.1","27.9",47.6,9.5,4.8,33.3,"74.097132727","93.369191429",18.6,46.1,53.2,"46.1","92.9","2295","10.2","86.4","2351","1.1",,,,,,,,,,,,,,,,,"43.8","83.3","1215","2.7",,,,
"Kerkering, Orion",689147,2025,24,"60.0",266,6,65,24.4,10.2,"0.687","22","28","0","3.30",,"228","103","32","14","6","1",".228",".342",".300",".295","85.9","15",36.5,6.5,7.6,33.5,"73.900155357","93.028676407",23.7,42.9,31.1,"34","97.5","2410",,,,,,,,,,,,,"18","96.4","2295","10.2",,,,,,,,,"48","86.8","2897","1.8"
"Freeland, Kyle",607536,2025,32,"162.2",709,22,124,17.5,5.4,"0.796","90","105","0","4.98",,"415","197","0","0","17","7",".285",".461",".341",".340","91.1","12.7",36.8,9.4,3.3,47.3,"81.013744552","95.077603477",21,51.3,28.3,"33.5","91.6","2401",,,,,"5.9","86.4","1487","6.7","26.1","82.6","2395","-6.5","6","91.3","2273","8","15.6","87.3","2372","6.1",,,,,"12.8","83.6","2336","-3.2"
"Sewald, Paul",623149,2025,35,"19.2",81,4,20,24.7,7.4,"0.748","10","11","0","4.58",,"60","31","14","6","5","1",".214",".441",".318",".302","88.6","30.7",41.8,14.5,7.3,36.4,"78.01175","94.006232727",27.5,48.3,15.9,"58.7","90.4","2514",,,,,,,,,,,,,,,,,,,,,,,,,"41.3","82.3","2538","7.3"
"Cox, Austin",680735,2025,28,"21.1",102,9,22,21.6,6.9,"1.044","21","21","0","8.86",,"63","31","5","4","6","1",".273",".559",".434",".373","90.3","9.1",30.1,16.4,6.8,47.9,"78.813003243","95.464179315",18.4,47.1,52.8,"35.6","92.7","2127","32.6","86.6","2351","4.3",,,,,"17.6","80.4","2489","-8.4","0.5","92.6","2118","16.7","3.5","91.1","2318","12.1","10.3","82.2","645","5.8",,,,
"Trevino, Jose",624431,2025,32,"2.1",12,0,1,8.3,8.3,"1.017","1","1","0","3.86",,"7","1","3","1","0","0",".368",".685",".413",".438","94","27",50,20,0,50,"84.244008","95.971959",10,41.7,59.2,,,,,,,,,,,,,,,,,,,,,,,,,,,,,,,
"Armstrong, Shawn",542888,2025,34,"74.0",284,5,74,26.1,7,"0.496","19","21","0","2.31",,"209","116","38","10","10","1",".204",".330",".224",".271","88","19.1",32.6,7.1,4.3,34.2,"77.669163587","93.240193661",24.4,47.6,41,"28.9","93.5","2344",,,,,,,,,,,,,"23.5","94.1","2136","10.9","24.1","90.8","2468","9.6",,,,,"23.4","85.1","2615","9.9"
"Ohtani, Shohei",660271,2025,30,"47.0",187,3,62,33.2,4.3,"0.570","15","15","0","2.87",,"120","98","0","0","4","1",".214",".314",".249",".247","86.4","13.6",33.3,3.4,4.3,30.8,"74.636212069","93.202968261",32.5,49.8,35.3,"38.8","98.4","2467","11.3","88.1","2547","-0.5",,,,,"8.8","78.6","2653","-13.6","7","96.2","2138","6.7","6.6","93.9","2532","7.5","4.6","90.3","1508","2.6","22.8","85","2594","3.4"
"Severino, Luis",622663,2025,31,"162.2",705,16,124,17.6,7.1,"0.713","82","93","0","4.54",,"437","197","0","0","14","3",".269",".408",".313",".329","88.3","14",35.3,6,5,41.9,"75.840911693","94.478741811",18.3,47.3,39.5,"27.6","96.1","2282","4","87","2483","3.1","5.3","86.2","1597","7.2",,,,,"20.8","95.7","2129","12.2","17.5","93.2","2287","9.3",,,,,"24.8","84.5","2580","2.4"
"Schwellenbach, Spencer",680885,2025,25,"110.2",434,13,108,24.9,4.1,"0.618","38","44","0","3.09",,"266","202","0","0","2","1",".254",".392",".266",".295","88.8","8.3",34.3,7.5,5.6,41.5,"76.928233856","94.493622852",28.3,51.8,35.8,"35.3","97.1","2318","18.1","87","2350","-2.2",,,,,"11.4","81","2301","-7.2","10","95.6","2179","7.4","11.3","94.1","2302","11","13.9","84.7","1368","0.2",,,,
"Chapman, Aroldis",547973,2025,37,"61.1",228,3,85,37.3,6.6,"0.387","8","9","0","1.17",,"118","166","10","0","2","0",".177",".273",".177",".226","88.8","18.9",34.4,5.5,2.3,36.7,"78.389957656","93.713131024",35.8,57.3,52.3,"40.6","98.4","2448","15.2","86.7","2317","4.7",,,,,,,,,"33","99.4","2435","17",,,,,"11.2","91.2","1285","4.1",,,,
"Eflin, Zach",621107,2025,31,"71.1",309,18,50,16.2,4.2,"0.893","47","48","0","5.93",,"176","97","0","0","7","1",".267",".458",".378",".325","89.6","11.4",34,9.4,7,40.6,"78.828693833","94.433231088",20.5,50.1,23.8,"12.8","92","2179",,,,,"16.4","86.6","1646","1.1","16.1","78.1","2484","-7.1","18.8","91.7","2073","2.4","21.7","88.5","2227","8.4",,,,,"14.1","79.2","2398","2.3"
"Weems, Jordan",607179,2025,32,"4.1",23,0,0,0,13,"1.072","7","7","0","14.54",,"9","9","0","0","3","2",".433",".574",".468",".470","91.5","21.5",50,5,0,45,"83.205057","94.2991695",23.9,46.9,49.3,"58.2","95.7","2152","28.6","88.5","2266","3.1",,,,,"2","79.5","2454","-9.5",,,,,,,,,"11.2","87.5","1325","8.9",,,,
"Hjelle, Sean",663546,2025,28,"15.0",73,2,11,15.1,12.3,"0.949","13","13","0","7.80",,"53","21","3","0","2","0",".298",".452",".399",".355","90.6","9.9",34,7.5,7.5,49.1,"79.632526923","95.429863922",23.4,42.1,26.9,,,,,,,,,,,,"35.8","85.8","2043","-2","50","93.6","2299","4.9","14.2","89.6","2238","5.6",,,,,,,,
"Poteet, Cody",547001,2025,30,"2.2",16,0,1,6.3,12.5,"1.214","5","5","0","16.88",,"9","6","1","1","0","0",".258",".481",".507",".360","89.6","16.6",38.5,7.7,7.7,30.8,"81.123797143","93.698304615",20.7,42.6,36.8,"7.4","92.2","2424","35.3","84.3","2728","-2.7","20.6","86.8","2163","4.1",,,,,"27.9","92.3","2327","9",,,,,,,,,"8.8","81.1","2819","-1.7"
"Halvorsen, Seth",678020,2025,25,"39.2",172,7,36,20.9,11.6,"0.850","22","26","0","4.99",,"92","83","13","3","5","2",".243",".414",".364",".326","89","6.1",29.3,9.5,4.3,39.7,"77.340176667","94.422480442",29.4,48.1,44.3,"54.4","100","2270","19.8","89.4","2505","0.9",,,,,,,,,,,,,,,,,"25.8","90.8","1677","3",,,,
"Fulmer, Carson",608334,2025,31,"29.1",123,5,26,21.1,8.9,"0.713","19","19","0","5.83",,"72","51","8","3","2","1",".223",".423",".308",".310","88.9","15",24.4,11.6,4.7,39.5,"77.823553023","94.203881647",24.9,47.1,35,"26.5","92.7","2337","17.6","86.6","2516","4.2","28.5","87","1425","2.4","6.3","81.3","2647","-7.8","21.1","92.4","2207","9.2",,,,,,,,,,,,
"Lee, Dylan",669276,2025,30,"68.1",266,13,76,28.6,5.3,"0.652","25","27","0","3.29",,"175","176","32","7","12","4",".203",".362",".279",".265","87.6","16.9",32.4,10.2,5.1,33.5,"76.725843529","93.327081775",33.6,51.5,46.6,"31.2","94.1","2356","55.5","86","2134","6.7","13.2","86.7","1726","12.8",,,,,,,,,,,,,,,,,,,,
"Bibee, Tanner",676440,2025,26,"182.1",762,27,162,21.3,7.1,"0.720","86","93","1","4.24",,"528","281","0","0","13","3",".230",".382",".313",".298","88.5","13.8",29.5,8,3.5,36.6,"77.497463523","93.884607443",23.8,46.3,54.2,"27.3","94.4","2243",,,,,"15.2","81.8","1965","11.4","5.1","79.7","2666","-8.5","15.7","94.1","2226","9.6","20.9","86.2","2705","3.2",,,,,"15.8","83","2675","-2"
"Fisher, Braydon",680755,2025,24,"50.0",202,4,62,30.7,9.4,"0.551","15","15","0","2.70",,"183","94","30","8","11","2",".208",".345",".248",".284","88.1","16.5",29.7,7.6,5.1,36.4,"77.140296441","93.774442137",29.9,43.6,49.1,"22.1","95.5","2289","38.3","87.8","2313","2.4",,,,,"36.6","82.9","2491","-14.8",,,,,"3","92.8","2189","11.3",,,,,,,,
"Avila, Luinder",679883,2025,23,"14.0",56,0,16,28.6,10.7,"0.436","2","2","0","1.29",,"30","21","2","0","0","0",".164",".215",".204",".223","86.9","11.3",35.3,2.9,2.9,29.4,"78.689327059","91.625586471",29.1,47.5,51.5,"29.5","95.8","2482",,,,,"2.8","86.9","2098","6.5","44.2","83.3","2875","-5.8","23.5","95.8","2369","10.6",,,,,,,,,,,,
"Castillo, Luis",622491,2025,32,"180.2",745,23,162,21.7,6.2,"0.699","71","76","0","3.54",,"407","337","0","0","6","2",".248",".411",".304",".313","90.3","14.5",32.1,10.4,4.3,46.4,"79.249648523","95.089940152",24.6,51.6,15.1,"46.4","95","2211","20.4","84.5","2249","-0.4","11.4","87.2","1970","-0.5",,,,,"21.9","94.8","2035","3.6",,,,,,,,,,,,
"Buehler, Walker",621111,2025,30,"126.0",564,22,92,16.3,10.6,"0.794","69","73","0","4.93",,"372","164","0","0","15","4",".272",".446",".348",".356","87.9","11.8",35.8,9.5,5.8,37.8,"75.994121608","94.03109665",19.2,44.6,42.6,"25.3","94","2249","14.9","87.5","2525","3.7","6.9","89.7","1560","5.2","12.9","77.4","2435","-14.7","16.4","93.8","2123","10.9","16.9","90.6","2414","10.9",,,,,"6.7","80.8","2715","1.4"
"Kikuchi, Yusei",579328,2025,34,"178.1",772,24,174,22.5,9.6,"0.752","79","87","0","3.99",,"480","305","0","0","19","6",".253",".419",".327",".326","91","14.5",34.2,9.4,4,42.2,"80.679269806","95.007564466",23.6,48.3,36.5,"34.9","94.8","2185","36.2","87","2295","3.8","12.1","85.6","1541","6.7","15.4","79.9","2526","-5.8","1.2","92.7","2157","9.1",,,,,,,,,"0.2","80.8","2389","2.7"
"Altavilla, Dan",656186,2025,32,"29.0",120,4,21,17.5,12.5,"0.679","8","9","0","2.48",,"67","43","5","2","11","1",".242",".374",".307",".334","86.3","9.6",28.7,8.8,7.5,31.3,"74.764982821","92.889371026",22.5,45.8,24.7,"26.1","96","2336","25","90.7","2530","5.2","23","91.7","1779","1.1",,,,,"25.9","96.5","2280","8.6",,,,,,,,,,,,
"Cannon, Jonathan",686563,2025,24,"103.2",466,19,86,18.5,8.2,"0.838","67","69","0","5.82",,"255","162","3","0","15","7",".275",".474",".358",".353","90.3","17.4",37.3,10.7,3,45.4,"79.404566446","94.921395663",21.4,48.4,26.4,"18.1","93.8","2272",,,,,"21.4","85.6","1837","1.2",,,,,"22","93","2165","5.1","23.5","89.3","2315","9.5",,,,,"15.1","81.6","2624","2.6"
"Suarez, Robert",663158,2025,34,"69.2",269,6,75,27.9,5.9,"0.536","23","24","0","2.97",,"148","124","14","4","7","5",".240",".395",".235",".297","90.5","15.5",37.5,9.1,2.3,42.6,"80.061594023","95.062653121",24,54.3,44.5,"60.4","98.6","2401",,,,,"23.9","90.5","1859","7.8",,,,,"15.5","98.5","2390","16.1","0.2","91.5","2254","6",,,,,,,,
"Megill, Tylor",656731,2025,29,"68.1",305,6,89,29.2,10.8,"0.674","30","37","0","3.95",,"216","134","0","0","21","2",".221",".346",".303",".307","90.3","14.8",30.1,6.3,6.8,43.8,"79.63753","95.034338421",30.7,44.9,35.4,"42.2","95.4","2295","24.1","83.8","2549","-5.7","7.2","88.2","1496","2.3","6.9","80.4","2502","-15.2","19.6","94.2","2197","7.9",,,,,,,,,,,,
"Mey, Luis",682825,2025,24,"21.0",96,3,21,21.9,17.7,"0.729","8","8","0","3.43",,"72","40","8","4","6","0",".240",".360",".330",".350","89","10.3",33.3,8.8,3.5,36.8,"77.835640714","94.170478393",25.6,40,35.3,"1.9","98.7","2241","25.1","86.6","2236","6.8",,,,,,,,,"72.9","98.9","2287","7.3",,,,,,,,,,,,
"Garrett, Reed",657585,2025,32,"55.1",238,5,64,26.9,10.9,"0.662","24","27","0","3.90",,"163","121","34","16","8","4",".229",".337",".292",".291","88","12.7",36.1,4.8,6.1,40.8,"75.675475753","94.289357534",30.5,45.3,33.8,"4.3","97.8","2376",,,,,,,,,,,,,"24","97","2285","7.2","28.2","92.5","2501","7.3","22.4","89.1","1531","0.7","21.1","86.4","2815","2.2"
"Rodríguez, Manuel",655889,2025,28,"30.1",121,2,25,20.7,5,"0.588","7","9","0","2.08",,"65","45","14","6","1","0",".249",".329",".260",".276","87.4","1.3",28.1,3.4,6.7,41.6,"74.583747273","94.352912299",25.9,50.1,47.4,"16.5","96.9","2350","49.7","89.4","2358","0",,,,,,,,,"33.9","97.2","2181","9.6",,,,,,,,,,,,
"Barlow, Scott",605130,2025,32,"68.1",303,8,75,24.8,14.9,"0.669","32","35","0","4.21",,"242","141","39","9","27","12",".229",".362",".301",".323","86.2","17",32.2,7.3,4.5,30.5,"74.790501818","92.875805543",30.8,41.3,22.6,"20.7","92.2","2436","19.5","84.2","2646","1.3",,,,,"16.4","78.4","2623","-8.2","15.3","92.5","2321","9.4",,,,,,,,,"28","81.5","2516","6.7"
"Abreu, Bryan",650556,2025,28,"71.0",296,4,105,35.5,10.5,"0.568","18","18","0","2.28",,"190","198","22","6","5","0",".214",".329",".261",".287","90.6","16.9",35.9,8.3,2.6,45.5,"80.43213961","94.823645752",41.2,46.2,40.8,"50","97.3","2314","48.4","86.5","2923","-6.1","0.4","91.2","1729","5.2",,,,,"1.2","96","2171","11.5",,,,,,,,,,,,
"Kershaw, Clayton",477132,2025,37,"112.2",463,8,84,18.1,7.6,"0.664","42","46","0","3.36",,"313","162","0","0","8","1",".251",".372",".292",".302","89.7","11.6",31.3,4.1,4.1,42.1,"78.924767294","94.516163835",24.3,45.3,55.7,"34.6","89","2311","41.3","85.7","2484","7.9",,,,,"17.9","72.3","2242","-14.4","0.6","89.3","2337","16.3",,,,,"5.5","83.1","1552","12.7",,,,
"Zeferjahn, Ryan",666171,2025,27,"57.0",256,12,73,28.5,13.3,"0.772","30","31","0","4.74",,"168","128","20","7","15","2",".219",".398",".335",".321","88.3","15.1",38.6,10.3,5.5,37.2,"77.010090845","93.863811135",30.3,45.3,37.5,"31.5","97.4","2213","16.8","88.2","2497","-0.8",,,,,,,,,"0.6","96.6","1878","8.6","21.9","91","2394","5",,,,,"26.8","83.9","2688","3.1"
"Beeter, Clayton",690925,2025,26,"25.1",104,3,33,31.7,17.3,"0.575","12","12","0","4.26",,"65","56","7","3","3","2",".199",".324",".269",".303","88.3","19.6",39.6,9.4,3.8,32.1,"77.908468462","93.490375385",32.9,45.2,51.5,"54","96.5","2446","46","87.4","2831","-5.3",,,,,,,,,,,,,,,,,,,,,,,,
"Nance, Tommy",667297,2025,34,"31.2",126,0,32,25.4,5.6,"0.493","7","11","0","1.99",,"95","44","12","4","11","5",".270",".383",".225",".308","89.1","3.3",32.6,8.1,5.8,45.3,"76.64744619","95.076024286",24.7,46.6,42.4,,,,"43","88.6","2744","-0.3",,,,,"29.3","85","2971","-14.8","27.8","94.5","2362","8.4",,,,,,,,,,,,
"Heaney, Andrew",571760,2025,34,"122.1",536,25,86,16,7.5,"0.836","75","77","0","5.52",,"340","165","1","0","17","3",".286",".486",".357",".362","90.2","15.1",37.7,10.2,4.7,43.6,"79.264750152","94.947389467",19.9,47.5,24.7,"43.6","90.1","2375","16.4","80.5","2474","-0.4","17.3","82","2107","4.9","11.4","75.3","2558","-5.2","11.3","89.2","2364","3.1",,,,,,,,,,,,
"Wilson, Justin",458677,2025,37,"48.1",207,3,57,27.5,9.7,"0.706","18","22","0","3.35",,"109","117","48","17","23","5",".239",".361",".309",".297","89.2","12.9",35.2,7,3.1,35.9,"78.971586667","93.777462698",31.9,50.7,51.5,"46.8","94.5","2252","33.3","88","2290","2.9",,,,,,,,,,,,,"14.8","91.4","2371","13.2","5","85.1","1130","3.2",,,,
"Varland, Louis",686973,2025,27,"72.2",296,6,75,25.3,7.4,"0.687","24","27","0","2.97",,"157","124","28","11","12","4",".253",".383",".299",".309","90.2","5.3",33.5,9.1,4.6,43.7,"79.243662188","94.858925288",27.1,52.5,41.2,"44.4","98.1","2167","7","91.6","2422","5.4","4.7","91.9","1739","4.7","37.5","88","2399","-6.1","6.4","97","2107","12.8",,,,,,,,,,,,
"Blewett, Scott",656240,2025,29,"44.1",194,9,35,18,9.3,"0.795","27","29","0","5.48",,"100","80","10","1","4","2",".250",".437",".343",".331","92.2","9.7",29.3,11.4,3.6,50,"82.82895029","95.764812117",27.6,48.4,45,"36","93.4","2259","44.2","84","2141","-0.6",,,,,,,,,"0.8","93.2","2020","11.6",,,,,"19","85","1007","2.3",,,,
"King, Bryan",687911,2025,28,"68.0",275,10,69,25.1,4,"0.649","21","21","0","2.78",,"202","112","23","1","11","1",".224",".354",".282",".274","88.4","14.4",33,5.8,5.8,36.1,"78.054802766","93.54020385",24.4,49.7,33.5,"62.6","92","2123",,,,,"1.4","87.2","1599","5","0.3","77.5","2311","-7.6","5.4","91","2002","6.6",,,,,,,,,"30.2","80.1","2308","2.9"
"Greene, Hunter",668881,2025,25,"107.2",420,15,132,31.4,6.2,"0.614","33","35","1","2.76",,"265","263","0","0","9","3",".205",".367",".267",".273","90.4","20.2",35.8,9.6,4.2,45,"79.966168837","94.82207358",31.4,53.4,35,"54.2","99.5","2439","35","89.7","2424","3.6",,,,,"0.1","84","2448","-0.5",,,,,,,,,"10.8","88.4","1308","4.9",,,,
"Rodríguez, Randy",678495,2025,25,"50.2",198,4,67,33.8,5.6,"0.533","10","12","0","1.78",,"134","108","27","10","0","0",".189",".300",".239",".248","87","17.7",27.6,7.8,6,36.2,"74.880712931","93.639142783",31.1,49.8,39.6,"55.4","97.4","2664","44.6","86.3","2785","2.3",,,,,,,,,,,,,,,,,,,,,,,,
"Martinez, Seth",661527,2025,30,"6.2",27,2,4,14.8,11.1,"0.759","4","4","0","5.40",,"19","11","6","3","0","0",".230",".531",".307",".385","92.4","25.5",50,30,0,45,"83.031088","95.4442905",23.2,46.7,9.9,"26.7","90.1","2150",,,,,"10.8","82.6","1526","2.2",,,,,"9.2","88.8","2108","0.8","16.7","84.8","2379","7.1",,,,,"36.7","77.5","2418","9.1"
"Johnson, Seth",686751,2025,26,"12.2",54,3,17,31.5,7.4,"0.738","6","8","0","4.26",,"32","28","2","2","0","0",".179",".273",".316",".229","93.1","10.6",27.3,9.1,3,57.6,"84.292827647","96.210402424",27.8,53.7,48.5,"51.4","97.2","2343","34.1","87.9","2579","3.3",,,,,"7","77.7","2838","-17.6",,,,,,,,,"7.5","88.4","1616","6.3",,,,
"Little, Brendon",663893,2025,28,"68.1",295,2,91,30.8,15.3,"0.596","23","28","0","3.03",,"202","173","45","11","42","11",".195",".284",".273",".286","89.7","1.4",30.6,6.4,5.1,47.1,"78.031955513","95.180069677",43.5,40.6,33.5,"0.6","94.4","2033",,,,,,,,,"46","87","1797","-7.6","45.6","93.4","2028","-2","7.8","93.3","2201","6.2",,,,,,,,
"Treinen, Blake",595014,2025,37,"26.2",129,4,36,27.9,14.7,"0.834","16","18","0","5.40",,"92","50","13","4","12","3",".217",".349",".358",".302","86.6","17.9",37.5,6.9,6.9,37.5,"74.369825833","93.385739861",25.6,46.6,32.6,"11.9","95.2","2464",,,,,,,,,,,,,"29.7","95.9","2354","5.4","11.2","91.6","2572","8.5",,,,,"47.2","84.4","2612","-1.2"
"Javier, Cristian",664299,2025,28,"37.0",157,3,34,21.7,9.6,"0.666","19","22","0","4.62",,"103","53","0","0","4","2",".213",".350",".294",".286","88.9","23.9",28,6.5,1.9,38.3,"78.551114074","93.723277477",24,45.2,35,"39.7","92.9","2354",,,,,"18.8","84.2","2276","6.9","12","76.4","3016","-11.6","9.6","92.6","2232","12.9",,,,,,,,,"19.9","78.8","2702","-0.4"
"Perdomo, Angel",622780,2025,31,"3.1",16,0,2,12.5,18.8,"0.542","2","2","0","5.40",,"8","6","1","0","3","1",".282",".450",".285",".413","83","7.9",20,10,10,30,"68.750508","92.58259",18.8,44.4,40.3,"66.7","92.6","2390","29.2","83.4","2501","1.3","4.2","90.3","2094","10",,,,,,,,,,,,,,,,,,,,
"Whitlock, Garrett",676477,2025,29,"72.0",293,2,91,31.1,8.2,"0.543","18","21","0","2.25",,"182","182","15","2","7","2",".203",".307",".247",".263","88.5","11.2",35.3,8.7,2.9,36.4,"77.149183678","94.074555491",32.8,53,39.4,,,,"30.9","84.6","2118","-5.9","20.8","84.3","2282","0.2",,,,,"47.1","95.8","2191","15.1",,,,,,,,,"1.1","81.8","2213","-3.1"
"Burke, Sean",680732,2025,25,"134.1",596,23,133,22.3,10.6,"0.781","63","76","0","4.22",,"366","242","2","0","18","6",".251",".452",".340",".343","89.6","17.5",39.4,10.4,5.9,42.7,"78.283710052","94.73809907",25.1,46.9,42.3,"42.8","94.4","2559","21.9","86.6","2507","4.9","6.5","85.7","1822","8.9","23.7","79.7","2547","-14.9","5.1","94","2405","15.2",,,,,,,,,,,,
"Strahm, Matt",621381,2025,33,"62.1",256,5,70,27.3,7.8,"0.614","19","22","0","2.74",,"157","113","8","2","9","1",".198",".323",".267",".259","89.4","29.4",33.5,4.3,7.3,38.4,"79.689007051","93.789260192",23.8,52.4,30.9,"37.6","92.3","2531","31.9","82.6","2690","4.3","0.6","83.1","1531","-1",,,,,"15.3","92.4","2438","11.6","14.6","87.7","2552","10.2",,,,,,,,
"Johnson, Ryan",696270,2025,22,"14.2",72,4,16,22.2,6.9,"0.964","12","15","0","7.36",,"46","32","12","2","7","3",".245",".387",".408",".292","86.7","13.2",33.3,7.8,3.9,35.3,"74.974366923","93.447405686",27.7,47.4,24.8,"1.1","94","2231","6.2","86.6","2531","2.4",,,,,,,,,"21.5","94.3","2169","4.7","43.1","91","2528","6.4","5.8","87.6","1154","2.2","22.3","82.7","2435","6.1"
"Harrington, Thomas",802419,2025,23,"8.2",50,3,7,14,14,"1.262","15","15","0","15.58",,"27","18","0","0","1","0",".323",".574",".521",".418","90.9","12.9",30.6,11.1,2.8,44.4,"79.960163333","95.29267",20.6,48.5,32.9,"47","92","2084",,,,,,,,,,,,,,,,,"10","85.6","2394","8.8","23.5","83.3","988","2.2","19.5","81.2","2561","4.8"
"Sulser, Cole",642121,2025,35,"22.2",90,1,22,24.4,7.8,"0.601","5","5","0","1.99",,"46","50","5","0","4","0",".223",".301",".266",".257","90","14.1",31.1,1.6,3.3,47.5,"80.24387129","94.596431311",28.8,53.7,41.7,"39.5","92.9","2354",,,,,"39","84","1653","2.7",,,,,,,,,"20.9","87.6","2347","8.1",,,,,"0.5","78.9","2564","-0.4"
"Muñoz, Andrés",662253,2025,26,"62.1",254,2,83,32.7,11,"0.493","12","18","0","1.73",,"179","156","4","0","0","0",".197",".292",".228",".264","86.9","8.8",31.9,6.5,8,39.9,"74.409228529","93.885968074",36.5,47.1,29.8,"35.8","98.4","2276","50.4","86.1","2356","-1.5","2.1","91.6","1496","-3.4",,,,,"11.6","97.8","2043","5.8",,,,,,,,,,,,
"Silseth, Chase",681217,2025,25,"11.0",49,1,13,26.5,12.2,"0.713","2","2","0","1.64",,"26","36","5","4","1","0",".236",".373",".310",".313","89.4","12.4",31,6.9,6.9,44.8,"75.796892143","95.855915357",34.9,51.4,32.7,"35.8","95.4","2383",,,,,,,,,,,,,"13.2","94.9","2319","9.4",,,,,"18.4","86.8","1052","2.7","32.5","85.3","2798","0.4"
"Patrick, Chad",694477,2025,26,"119.2",503,13,127,25.2,8,"0.700","47","49","0","3.53",,"290","207","0","0","12","4",".242",".393",".307",".308","89.4","18.5",40.1,8.1,4.8,42.2,"78.480281585","94.369077591",23.5,50.1,33.6,"21.9","94.2","2331","5.5","84.2","2442","5.5","6.1","88.7","2031","3.6",,,,,"23.6","94.1","2196","11.1","41.2","87.9","2411","12.3","0.3","87.7","1357","5.4",,,,
"Simpson, Josh",681006,2025,27,"30.2",151,5,36,23.8,14.6,"0.841","25","28","0","7.34",,"104","60","14","3","14","5",".241",".373",".367",".331","90.1","4.9",29.2,6.7,6.7,44.9,"79.500046444","95.10063382",26.1,45.7,25.1,"11.7","94.3","2372","5.7","88","2430","2.9","10.9","89.2","1985","-0.9","23.7","80.6","2555","-10.1","22.2","94","2232","5.5",,,,,,,,,"25.8","82.4","2492","1"
"Hader, Josh",623352,2025,31,"52.2",206,8,76,36.9,7.8,"0.574","12","16","0","2.05",,"109","157","3","0","0","0",".151",".264",".249",".220","88","29.2",34.2,8.1,7.2,34.2,"77.681164074","93.2392575",40.5,55.1,28.6,,,,"41.4","83.3","2562","0.2","4.4","88.7","1683","6.3",,,,,"54.2","95.5","2321","18.5",,,,,,,,,,,,
"Soto, Gregory",642397,2025,30,"60.1",279,4,70,25.1,8.6,"0.693","28","33","0","4.18",,"183","124","38","13","17","5",".240",".340",".312",".305","88.9","10.5",33.9,4,6.3,37.9,"77.394929176","94.241314176",29.9,47,36.1,"7.1","97.1","2270","34.7","86.1","2453","3.8",,,,,,,,,"52.5","96.8","2311","8.7",,,,,"0.4","89.1","1793","8.4","5.3","83.9","2577","1.6"
"Megill, Trevor",656730,2025,31,"47.0",192,3,60,31.3,8.9,"0.602","13","16","0","2.49",,"138","93","12","5","0","0",".223",".357",".259",".280","91","12.5",36.5,7.8,4.3,39.1,"81.389763393","94.67628625",31.4,49,53.8,"60.6","99.2","2461",,,,,,,,,"39.4","87.6","2840","-6.4",,,,,,,,,,,,,,,,
"Schultz, Paxton",687606,2025,27,"24.2",110,4,28,25.5,7.3,"0.817","12","16","0","4.38",,"79","47","8","2","1","0",".222",".380",".346",".302","91.1","18.4",34.2,11,1.4,35.6,"82.052447838","94.378962329",27.4,44.9,35.7,"36.6","93.8","2255","14.7","85.4","2237","4.5","19.4","86.3","1808","3.7",,,,,"0.4","94.3","2250","12.8","28.8","88.9","2213","11",,,,,,,,
"Koenig, Jared",657649,2025,31,"66.0",268,6,68,25.4,7.5,"0.670","21","21","0","2.86",,"217","90","23","10","24","3",".199",".313",".294",".260","88.7","12.9",29.5,5.1,4,34.7,"78.564919655","93.512511561",22.9,43.9,31.1,"1.1","96.9","2437",,,,,"9.1","86.6","1743","4.6","15.5","81.7","2551","-8.3","56.6","95.8","2354","11.2","17.7","90.9","2435","9.8",,,,,,,,
"Dana, Caden",702674,2025,21,"32.1",141,9,33,23.4,12.8,"0.863","23","24","0","6.40",,"95","56","0","0","1","0",".245",".412",".365",".337","89.1","12.8",31.5,11.2,3.4,39.3,"78.462148182","94.224457701",28.2,42.3,40.5,"45","94.9","2197","27.6","85.6","2176","-0.5","19.4","87","1541","6","8","79","2517","-14.7",,,,,,,,,,,,,,,,
"Smith, Dylan",681916,2025,25,"13.0",48,0,4,8.3,10.4,"0.467","2","2","0","1.38",,"22","18","5","0","0","0",".222",".308",".235",".310","86.5","12.9",30.6,8.3,2.8,33.3,"75.326847778","92.979759714",24.1,47.9,48.6,"50.9","94.6","2509",,,,,,,,,,,,,"6.1","94.1","2219","14.2",,,,,"9.1","86.1","1087","7","33.9","85.7","2569","5.4"
"Kirby, George",669923,2025,27,"126.0",524,15,137,26.1,5.5,"0.692","59","60","0","4.21",,"337","233","0","0","3","0",".252",".391",".300",".305","90.6","11.7",35.3,8.5,2.6,43.9,"80.563014713","94.704687126",26.7,49,29.4,"29","96.2","2283","27.4","87.2","2369","-3.1","2.2","87.8","1423","5.9","12.1","84.4","2377","-12.7","26.7","96.2","2256","9",,,,,"2.7","86","918","1.6",,,,
"Wentz, Joey",666214,2025,27,"98.0",442,11,92,20.8,9.7,"0.770","61","66","0","5.60",,"259","179","22","18","24","8",".261",".411",".334",".328","90.5","15.9",36.3,9.5,4.2,42.8,"80.603843974","94.649886954",23.5,49.2,49,"44.1","93.4","2317","26.4","84.9","2519","2.2","3.5","86","1925","9.2","17.7","79.2","2537","-7.3",,,,,"8.3","86.9","2455","6.3",,,,,,,,
"Bender, Anthony",669622,2025,30,"50.0",204,3,42,20.6,10.3,"0.546","12","13","0","2.16",,"186","62","14","4","4","1",".219",".355",".245",".293","89.6","8.4",23.7,7.2,4.3,44.6,"78.707356957","94.508008759",20.6,41.5,16.5,"1.7","95.9","2372","22.3","87.4","2664","-1.1","3.4","89.3","1805","-1",,,,,"26.6","96.6","2317","3.2",,,,,,,,,"46","83.9","2779","2.3"
"Suter, Brent",608718,2025,35,"67.2",291,11,53,18.2,6.2,"0.731","34","38","0","4.52",,"186","100","24","8","6","1",".251",".417",".316",".312","85.8","13.5",33.9,7.8,7.8,32.9,"73.570382885","93.10736599",21.4,48,51,"42.2","87.3","2250","12.2","78.6","2315","-3.8","22.5","76.7","1688","11.4",,,,,"23.1","89.1","2186","12.6",,,,,,,,,,,,
"Saucedo, Tayler",642048,2025,32,"13.1",66,2,12,18.2,9.1,"0.869","11","12","0","7.43",,"40","21","4","2","2","1",".283",".477",".380",".364","91.2","5.6",31.9,8.5,2.1,51.1,"80.986644583","95.690685532",23.3,44.4,25.4,"5.2","91.2","2408","13.4","82.9","2359","1.7","19","85.2","2241","4.3",,,,,"49.1","90.9","2264","3.9",,,,,,,,,"13.4","80.1","2307","3.5"
"Liberatore, Matthew",669461,2025,25,"151.2",648,19,122,18.8,6.2,"0.736","71","79","0","4.21",,"403","194","0","0","20","9",".275",".458",".318",".339","90.6","15.3",36.3,10.6,4.6,41.1,"80.506174473","94.74102241",20.2,48.2,47,"29.6","93.9","2113","21.1","86.4","2689","1.1","12.4","88.5","1803","10","15.8","77.4","2964","-17.9","10.7","94","2101","14","10.5","90.2","2502","10.6",,,,,,,,
"Garcia, Brandyn",805299,2025,25,"14.1",66,0,14,21.2,12.1,"0.777","9","12","0","5.65",,"48","23","1","0","10","6",".256",".336",".352",".316","90.9","2",32.6,2.3,7,51.2,"78.770419048","96.062062619",22.1,44,14.9,,,,"15.2","89.6","2433","1.5","2.2","90.5","1831","3.3",,,,,"52.3","96.9","2246","2.4",,,,,,,,,"30.3","85.2","2769","-1.7"
"Dunning, Dane",641540,2025,30,"20.2",95,4,21,22.1,7.4,"0.846","16","17","0","6.97",,"56","40","2","2","4","4",".274",".493",".361",".359","88.3","13.9",42.2,10.9,6.3,46.9,"75.58626875","94.807270938",25.1,47,39.3,"0.5","89.7","2258","9.1","80.4","2394","-3.6","18","85.5","1883","6.9","3","75.7","2255","-16","29.8","90.2","2120","8.5","39.5","88.7","2244","12.1",,,,,,,,
"Oviedo, Johan",670912,2025,27,"40.1",170,6,42,24.7,13.5,"0.642","16","17","0","3.57",,"121","78","0","0","3","0",".213",".375",".291",".317","87.6","22.6",29.4,6.9,4.9,35.3,"75.469035294","93.934282157",29.9,42.3,26.1,"37","95.5","2340","32","86.7","2385","1.8","5.9","88.6","1880","7","15.9","77.8","2281","-2.3","9.2","95.2","2284","8.3",,,,,,,,,,,,
"Kowar, Jackson",663804,2025,28,"17.0",71,4,15,21.1,9.9,"0.754","8","8","0","4.24",,"34","28","0","0","3","0",".239",".487",".328",".351","91.8","24.7",22.9,10.4,0,50,"81.239070833","95.626922917",25.2,48,40.1,"57.7","97.3","2167","35.6","86.2","2507","-2.3","5.3","87","2421","3.3",,,,,"1.4","96.4","2159","14.9",,,,,,,,,,,,
"Rutledge, Jackson",671131,2025,26,"73.1",331,16,65,19.6,7.6,"0.876","47","49","0","5.77",,"197","147","34","15","14","4",".259",".442",".374",".336","91","16.7",30.8,9.8,3.4,49.1,"80.477914655","95.404287792",25.3,47.3,32.2,"19.7","95.6","2374","25.8","85.2","2051","0",,,,,,,,,"31.6","95.2","2268","9.1","13.4","88.9","2171","6.6","9.4","85.2","1370","2",,,,
"Miley, Wade",489119,2025,38,"12.0",55,3,7,12.7,10.9,"0.960","9","9","0","6.75",,"39","9","0","0","0","0",".317",".564",".413",".416","92.5","15.3",40,12.5,0,45,"83.4647195","95.22836675",11.9,41,49.6,"22.9","91.9","2301","0.5","83.6","2385","2","23.9","84.5","1906","8.9","0.5","79.7","2508","-10.2","15.1","91.5","2244","11.4","33.7","88.3","2313","9.4",,,,,"3.4","81.4","2458","1.8"
"Brzykcy, Zach",694350,2025,25,"23.0",110,6,24,21.8,10.9,"0.913","23","23","0","9.00",,"49","57","13","2","7","4",".276",".477",".393",".368","90.9","21.5",41.7,8.3,1.4,44.4,"81.281502222","95.008565278",27,50.8,51.4,"53.4","94.7","2278",,,,,"22.2","88.3","2081","9.3","24.4","83.1","2660","-10.9",,,,,,,,,,,,,,,,
"Baz, Shane",669358,2025,26,"166.1",711,26,176,24.8,9,"0.758","90","91","0","4.87",,"435","294","0","0","21","10",".233",".377",".330",".305","89","10.7",32.3,9.5,4.5,39.4,"77.845062957","94.260697",25.8,49.2,36.7,"43.9","97","2456","3","86.7","2331","0.6","11.4","89.3","2114","8.9","26.9","85","2699","-12.5",,,,,"14.7","90.2","2344","7.7",,,,,,,,
"Curtiss, John",595928,2025,32,"36.2",141,5,24,17,3.5,"0.628","16","18","0","3.93",,"70","48","9","2","4","2",".267",".457",".270",".322","90","16.6",44.6,8.9,3.6,42.9,"79.690204727","94.392163455",20.4,52.3,41.7,"53.8","94.3","2341","9","85.4","2529","1","6.8","87.7","1703","5.9",,,,,,,,,"30.5","90.5","2540","8",,,,,,,,
"Springs, Jeffrey",605488,2025,32,"171.0",713,28,138,19.4,7.6,"0.717","78","90","0","4.11",,"475","307","0","0","11","1",".251",".418",".309",".318","88.3","19.2",38.2,8.1,5.2,37.3,"76.965319805","93.911262183",26,46.3,43.2,"42.7","90.7","2171","20.7","83.5","2226","2.6","25.3","79.1","1395","6.8",,,,,,,,,"5.4","86.9","2204","8.5",,,,,"5.9","76.1","2322","-0.5"
"Brogdon, Connor",641401,2025,30,"47.0",199,11,49,24.6,9,"0.818","29","31","0","5.55",,"123","111","26","8","7","2",".227",".429",".341",".307","89.1","20.9",34.1,12.9,3,40.2,"78.264849242","94.213360763",29.3,49.2,30.6,"41.9","95.5","2289",,,,,"41.9","84","2021","7.1",,,,,,,,,"16.2","86.8","2338","6.3",,,,,,,,
"Wynne, Randy",691094,2025,32,"3.0",13,1,3,23.1,7.7,"0.891","1","1","0","3.00",,"5","3","0","0","0","0",".214",".558",".374",".352","93.9","20.8",11.1,22.2,0,44.4,"85.16381","97.109861111",10.7,59.6,32.7,,,,"6.4","80.8","2588","1.9","12.8","80.6","1552","9.7","10.6","75.5","2413","-11","51.1","90.5","2262","15","19.1","86.5","2267","10.3",,,,,,,,
"Houck, Tanner",656557,2025,29,"43.2",203,10,32,15.8,8.4,"0.920","39","41","0","8.04",,"136","64","0","0","9","5",".295",".484",".395",".375","91","6.8",35.6,8.1,4,46.3,"79.817193867","95.438010268",21.6,44.5,20.3,"5.9","95","2316",,,,,,,,,,,,,"39.8","94.5","2230","0.5",,,,,"19","89.4","1869","-3.1","35.4","83.5","2625","-2.2"
"Eisert, Brandon",685126,2025,27,"69.2",306,12,74,24.2,8.2,"0.840","34","36","0","4.39",,"173","165","36","13","28","6",".241",".414",".353",".315","87.8","13.2",38.6,9.4,5,37.1,"76.389994545","93.646268426",32,46.8,31.9,"31.6","89.7","2047","35.9","85.1","2126","5.1","29.3","83.6","1329","1.9",,,,,"3.3","88","1951","8.8",,,,,,,,,,,,
"Guerrero, Luis",692285,2025,24,"17.1",72,0,10,13.9,19.4,"0.530","8","8","0","4.15",,"37","34","3","1","6","2",".277",".400",".260",".381","88.4","12.3",39.6,6.3,2.1,33.3,"77.53012875","93.622957708",29.5,44.6,36.1,"37.2","96.5","2188","43.8","84.6","2347","-1.5","4.9","87.7","1856","4.2",,,,,,,,,,,,,,,,,"14.2","81.9","2426","2.5"
"Weaver, Luke",596133,2025,31,"64.2",262,10,72,27.5,7.6,"0.622","26","28","0","3.62",,"136","141","38","12","11","3",".196",".362",".269",".272","90","22",35.7,8.3,3,39.9,"79.999123333","94.278156886",31,52.6,47.2,"59.2","95.1","2435","1.6","87","2357","12.1","29.8","88.1","1971","7.4",,,,,,,,,"9.3","91.6","2491","13.5",,,,,,,,
"Bubic, Kris",663460,2025,27,"116.1",476,6,116,24.4,8.2,"0.626","33","38","0","2.55",,"301","225","0","0","6","0",".223",".325",".277",".277","87.6","11.6",32.1,6.6,6.3,39.3,"75.386163962","93.984739716",28.8,49.2,37.7,"38.1","92.1","2417","13.4","85.4","2487","0.4","21.1","85.5","1605","0.2",,,,,"6.5","91.6","2251","9.4",,,,,,,,,"20.9","82.9","2686","-4.7"
"Piña, Robinson",673820,2025,26,"2.1",14,1,1,7.1,7.1,"1.121","2","4","0","7.71",,"11","4","0","0","2","0",".390",".711",".473",".486","88","13.2",50,8.3,8.3,50,"72.801415","95.848751667",19.2,42.6,29.8,"18","93.4","2507","16.4","83.9","2245","-1.1",,,,,,,,,"42.6","93.9","2471","10.4",,,,,"23","85.4","1539","6",,,,
"Hernández, Enrique",571771,2025,33,"5.1",37,1,1,2.7,21.6,"1.085","9","11","0","15.19",,"20","5","1","0","5","2",".320",".516",".463",".444","85.5","7.9",39.3,10.7,7.1,32.1,"72.925198571","92.992328571",11.9,33.6,60.7,,,,,,,,,,,,"100","51.5","1164","16.8",,,,,,,,,,,,,,,,
"Clevinger, Mike",605182,2025,34,"5.2",31,0,3,9.7,25.8,"0.692","5","5","0","7.94",,"10","9","2","0","3","0",".200",".258",".333",".343","91","8.1",25,10,0,45,"80.896157","94.9773115",24,43.9,41,"40.4","93.2","2296",,,,,"14.9","87.5","1558","9.2","0.9","79","2232","-9.6","2.6","90.4","1970","12.2","21.9","89.4","2470","6.6",,,,,"19.3","78.8","2320","-4.4"
"Ramírez, Yohan",670990,2025,30,"33.1",155,4,45,29,10.3,"0.738","20","25","0","5.40",,"99","71","13","2","11","8",".238",".408",".324",".330","89.7","13.5",40,13.3,5.6,45.6,"78.336311333","94.628384556",25.8,49.5,30.2,"44.9","96.4","2341","2.3","86.5","2576","-0.1",,,,,"19.4","83.8","2467","-7.7","6.5","96.6","2238","7.5","2.6","88.9","2556","5.9",,,,,"24.3","83.3","2610","0.5"
"Festa, David",701581,2025,25,"53.1",229,10,53,23.1,8.3,"0.738","32","35","0","5.40",,"115","111","0","0","13","3",".247",".468",".322",".342","90.4","19.8",34,11.8,3.9,40.5,"79.851768158","95.067738344",27.4,51.2,49.7,"31.7","94.1","2416","26.8","87.6","2595","2.9","29","87.8","1758","7.3",,,,,"12.5","93.9","2297","14.6",,,,,,,,,,,,
"Junis, Jakob",596001,2025,32,"66.2",274,5,55,20.1,6.6,"0.693","22","24","0","2.97",,"212","93","18","7","11","4",".259",".401",".301",".313","87.6","12.4",30.5,6.1,8.1,38.6,"75.668181771","93.920402813",22.7,44.5,27.5,"8.6","91.2","2144","44.5","83","2480","2.7","20","86.4","1313","2.1",,,,,"26.9","91.1","2122","5.8",,,,,,,,,,,,
"Legumina, Casey",668984,2025,28,"49.2",219,7,55,25.1,11.4,"0.744","31","36","0","5.62",,"145","84","8","2","8","5",".220",".370",".325",".302","90.6","17.1",29.2,8.8,3.6,43.8,"79.801734412","95.008117941",24.6,49.6,17,"56.3","94.3","2413",,,,,"10.7","87.7","1583","0.9",,,,,"15.7","93.8","2293","7.8",,,,,,,,,"17.3","81.1","2688","6"
"Horton, Cade",690990,2025,23,"118.0",476,10,97,20.4,6.9,"0.615","35","40","0","2.67",,"308","184","0","0","15","3",".240",".399",".273",".306","89.7","14.3",33.3,10,3.2,41.3,"79.154849053","94.451553027",25.8,48.6,48.6,"50.2","95.7","2486","0.2","83.4","2547","3.1","12.8","88","1917","8.5","10.3","83.8","2573","-6.6","5.6","95.2","2332","11.5",,,,,,,,,"20.9","83.4","2566","-1"
"Shugart, Chase",663767,2025,28,"45.0",181,6,31,17.1,9.4,"0.670","17","18","0","3.40",,"118","64","24","4","5","0",".245",".431",".286",".332","88","18.9",37.9,9.1,3,38.6,"76.554529697","93.932006107",24.6,43.5,35.3,"18.8","95.4","2108",,,,,"7.1","88.2","1773","6.4",,,,,"19.9","94.3","2089","8.6","25.4","89.9","2460","6.4",,,,,"28.8","80.9","2660","0"
"Luzardo, Jesús",666200,2025,27,"183.2",758,16,216,28.5,7.5,"0.655","80","85","0","3.92",,"515","383","0","0","23","10",".230",".349",".290",".284","88.5","13.1",34.2,6.6,4.1,37.1,"77.489938987","93.779297426",30.8,47.8,32.5,"34.1","96.5","2238","7.7","86.5","2384","0.7","17.3","87.9","1929","7.2",,,,,"10","95.8","2233","8.1",,,,,,,,,"31","86.1","2282","-0.2"
"Black, Mason",696131,2025,25,"4.0",19,2,5,26.3,0,"1.000","3","5","0","6.75",,"10","6","0","0","0","0",".217",".585",".410",".330","88.6","18.9",35.7,14.3,7.1,50,"76.568212857","94.672660714",18.6,58.1,29.1,"43.2","92.7","2131",,,,,"2.7","86.9","1484","3",,,,,"16.2","92.5","2087","8.4","6.8","90.7","2240","8.2",,,,,"31.1","81.8","2606","-4.7"
"Joyce, Ben",690829,2025,24,"4.1",21,1,1,4.8,9.5,"0.912","3","4","0","6.23",,"5","9","3","0","1","0",".283",".563",".382",".391","90.8","9.5",38.9,11.1,0,33.3,"81.820947778","94.173991111",22.5,57.1,31.2,"50","101.1","2381","2.9","83.5","2717","-4.5","1.4","91.3","1783","-2.3",,,,,"45.7","94.8","1869","5.2",,,,,,,,,,,,
"Trivino, Lou",642152,2025,33,"47.2",207,6,37,17.9,8.7,"0.739","21","23","0","3.97",,"129","89","24","6","9","3",".255",".437",".323",".346","87.1","20.1",34.2,9.6,4.8,30.8,"75.917096901","93.161742766",25.1,46.4,34.8,"15.7","94.8","2052",,,,,"16.6","87.3","1732","3.1","1.2","78.7","2281","-8.3","22.1","95.2","2047","9.6","24.1","91.8","2361","9.8",,,,,"20.2","80.5","2599","-0.5"
"Nola, Aaron",605400,2025,32,"94.1",404,18,97,24,6.9,"0.805","63","65","0","6.01",,"286","160","0","0","10","7",".250",".414",".346",".316","89.4","12.7",35.3,9.1,3.3,43.3,"78.681702336","94.399605751",25.2,46.9,19.8,"30.3","91.9","2317",,,,,"15.3","84.8","1598","3","29.1","78.2","2612","-10.3","17.9","90.7","2224","9","7.3","86.2","2277","8.6",,,,,,,,
"Enright, Nic",663671,2025,28,"31.0",127,3,30,23.6,9.4,"0.618","7","8","0","2.03",,"66","58","14","5","5","0",".231",".357",".279",".301","87.8","19.9",32.5,6,2.4,36.1,"77.36517439","93.154156098",26.4,51.3,54,"66.4","93.2","2515","25.9","85","2464","4","0.2","85.6","1685","10.6","7.5","82.6","2434","-6.1",,,,,,,,,,,,,,,,
"Gervase, Paul",801434,2025,25,"8.1",39,3,8,20.5,15.4,"0.904","4","4","0","4.32",,"22","19","3","1","4","0",".180",".390",".386",".309","91.6","30.5",24,8,8,44,"82.602703333","95.01941375",32.8,44.9,30.6,"58.8","93.8","2187","29.4","84.2","2400","-2.4",,,,,,,,,,,,,"11.8","89.8","2319","9.9",,,,,,,,
"Kremer, Dean",665152,2025,29,"171.2",708,22,142,20.1,6.4,"0.704","80","83","0","4.19",,"444","280","0","0","15","2",".241",".401",".305",".302","88.1","15.2",32.8,8.5,5.2,35.8,"76.650646047","93.877241465",22.9,49.4,43.4,"26.9","93.3","2277","0.1","83.9","2471","1",,,,,"12.8","78.3","2772","-11.5","19","92.9","2158","12.3","20.2","86.9","2401","5.9","21","81.9","1130","9.7",,,,
"McDonald, Trevor",686790,2025,24,"15.0",60,1,14,23.3,3.3,"0.552","3","6","0","1.80",,"45","29","0","0","2","0",".248",".368",".244",".281","89.3","7.8",31.8,4.5,4.5,38.6,"79.855785909","93.73037814",29.6,50.9,33.3,,,,"4.2","89.9","2483","5.1","5.7","84.4","1791","4.9","51.4","86","2720","-4.1","38.7","93","2261","1.5",,,,,,,,,,,,
"Hatch, Thomas",641672,2025,30,"34.0",152,7,22,14.5,11.2,"0.879","22","23","0","5.82",,"64","50","3","0","6","3",".252",".428",".376",".330","87.6","13.4",34.5,8,2.7,38.1,"75.422428772","94.029478142",19.2,48.8,42.1,"11.8","93.3","2522","18.1","85.5","2500","2.7","17.6","88.6","1984","7.4",,,,,"17.4","93.3","2397","9.5","27.5","90.1","2545","11.1",,,,,"7.5","82.2","2449","6.2"
"Soroka, Michael",647336,2025,27,"89.2",379,12,95,25.1,7.7,"0.680","45","49","0","4.52",,"273","127","0","0","13","10",".210",".336",".302",".289","89.2","14.3",27.5,6.7,5,40.4,"78.414330168","94.280573361",23.7,45.5,32.9,"45.2","93.6","2534",,,,,"10.1","84.3","2209","8.4",,,,,"10","93.4","2380","8.9",,,,,,,,,,,,
"Kochanowicz, Jack",686799,2025,24,"111.0",512,21,72,14.1,11.3,"0.882","84","89","0","6.81",,"261","159","0","0","24","7",".289",".460",".379",".367","92.1","6.9",28,9.3,1.9,49.6,"81.746029301","95.756225538",20.8,47.6,30,"18.7","95.5","2249","14.8","87.3","2731","-0.7","14","89.9","2109","2.5",,,,,"47","95.5","2136","3",,,,,,,,,"5.4","82.3","2842","-3.2"
"Gilbert, Tyler",656457,2025,31,"51.0",215,5,49,22.8,11.2,"0.665","22","24","0","3.88",,"130","92","23","7","15","5",".224",".396",".291",".313","90","20.4",35,10,3.6,40.7,"80.02792087","94.180523139",26.2,46.8,10.8,"11.7","90.6","2258",,,,,,,,,,,,,"31.6","89.8","2149","3.4","18.6","87.8","2311","11","7.9","83","1402","5.2","30.3","81.1","2457","0.7"
"Kahnle, Tommy",592454,2025,35,"63.0",267,8,50,18.7,11.6,"0.681","31","32","0","4.43",,"180","93","32","5","20","6",".246",".408",".302",".329","88.3","11.5",32.4,9.2,2.7,37.3,"77.436664348","93.764634946",25.4,43.7,32.6,"14","93.5","2190","0.4","86.4","2251","4.9","85.6","86.7","1282","1.1",,,,,,,,,,,,,,,,,,,,
"Feltner, Ryan",663372,2025,28,"30.1",135,4,25,18.5,8.9,"0.776","16","17","0","4.75",,"71","61","0","0","5","0",".226",".343",".336",".283","90","11.1",27.6,4.1,3.1,35.7,"79.828118958","94.387792083",26.5,48.5,41,"33.3","93.6","2412","17","88","2514","5.6","18.6","84.7","1632","5.4","6.3","78.7","2675","-11.6","12.5","93.4","2357","7.3",,,,,,,,,"12.3","81.5","2581","-1.4"
"Uceta, Edwin",670955,2025,27,"76.0",321,11,103,32.1,8.4,"0.693","32","33","0","3.79",,"150","206","29","8","10","1",".222",".388",".300",".306","88.6","17.2",39.3,9.3,3.3,36.6,"76.979023222","94.165568324",35.6,53,13.7,"40.6","94","2410",,,,,"38.9","88.4","2151","-0.3",,,,,"1.6","94","2336","5.7","15.9","89.4","2554","9.2",,,,,"3","82.1","2501","2.9"
"Horn, Bailey",690544,2025,27,"11.1",50,1,10,20,14,"0.709","2","2","0","1.59",,"32","21","8","4","6","0",".308",".412",".321",".365","90.6","8.9",48.5,3,0,45.5,"79.458334375","95.013435625",22.9,48.7,45.2,"32.6","95.5","2405",,,,,,,,,,,,,"19.6","95.2","2287","11.1","15.2","88.3","2565","3.3",,,,,"32.6","84.7","2742","0.7"
"Lopez, Jacob",682052,2025,27,"92.2",399,15,113,28.3,9.3,"0.720","42","47","0","4.08",,"279","195","6","1","14","9",".212",".367",".317",".298","86.9","21.8",39,6.6,8.3,33.2,"75.241919153","93.259499619",28.3,45.6,20.7,"36.9","90.8","2130","30.6","78.1","2370","1.7","13.4","82.7","2130","4.8",,,,,"4.6","90.2","2077","6.2","14.6","87.6","2194","9.9",,,,,,,,
"Holman, Grant",680880,2025,25,"23.0",103,3,17,16.5,8.7,"0.759","13","14","0","5.09",,"49","44","7","3","9","2",".269",".474",".335",".354","88.7","9.5",34.2,11.8,6.6,44.7,"76.975070263","94.425928026",27.7,47.1,39.7,"46.9","94.6","1974","13.9","86.6","2048","1.5",,,,,,,,,"0.8","93.8","1742","9.7",,,,,"38.4","87.1","1120","0.8",,,,
"Taylor, Troy",700187,2025,23,"6.2",37,2,2,5.4,8.1,"1.200","9","9","0","12.15",,"20","9","0","0","4","1",".420",".704",".495",".481","89.1","22",41.9,9.7,6.5,32.3,"79.235730667","93.550975667",15.6,47.1,31.2,"47.1","96.4","2409",,,,,"1.5","90.5","1894","4.9",,,,,"14","96.1","2202","9.6",,,,,,,,,"37.5","84.9","2827","-5.1"
"Arias, Luarbert",678215,2025,24,"10.1",55,2,10,18.2,9.1,"1.053","13","13","0","11.32",,"33","15","0","0","2","1",".328",".545",".443",".413","94.4","17.6",57.9,15.8,0,47.4,"86.320246842","96.182321579",15.8,45.9,36.6,"37.7","93.8","2328","46.4","82.5","2217","4",,,,,,,,,,,,,,,,,"15.9","83.1","1335","5.6",,,,
"Castaño, Blas",680604,2025,26,"3.0",16,1,1,6.3,12.5,"1.130","3","3","0","9.00",,"6","1","0","0","0","0",".356",".786",".471",".522","91.4","19.2",58.3,25,0,41.7,"81.863046667","94.556048333",4,50,26.7,"10","93.3","2234",,,,,"32","88.6","1556","-2.3",,,,,"6","93.9","2148","3.5","40","89.8","2404","5.8",,,,,"12","82.1","2613","4.1"
"Bernardino, Brennan",657514,2025,33,"51.2",225,1,43,19.1,12,"0.572","18","23","0","3.14",,"163","63","37","13","20","6",".212",".319",".256",".287","87.6","9.5",28.5,7.3,6,35.8,"75.546172973","93.832306486",19.3,43.6,17.6,,,,"4.1","83.9","2370","2","12.5","79.8","1601","0.6","26.3","79.2","2688","1.2","44.8","90.7","2174","5","12.4","86.5","2315","5.8",,,,,,,,
"Waldron, Matt",663362,2025,28,"4.2",25,1,3,12,24,"0.954","4","4","0","7.71",,"16","6","0","0","1","0",".351",".613",".424",".479","90","-2.5",37.5,12.5,6.3,50,"79.862785","94.876026875",14.6,39.4,32.6,"15.4","90.1","2017",,,,,,,,,,,,,"7.7","89.8","1943","7",,,,,,,,,"2.9","81","2167","3.5"
"Blubaugh, AJ",805123,2025,24,"32.0",125,6,35,28,9.6,"0.571","6","11","0","1.69",,"73","64","3","0","0","0",".188",".377",".251",".280","89.9","22.6",26.9,10.3,5.1,42.3,"78.425083947","95.000814211",30,47.9,43.2,"54.8","94.6","2369","0.2","82.9","2289","10","19.3","86.4","2368","7.2","3.4","78.3","2279","-13.1",,,,,"1","87","2296","10.1",,,,,"21.3","81.8","2734","1.2"
"Pop, Zach",647315,2025,28,"6.2",39,4,3,7.7,5.1,"1.323","11","12","0","14.85",,"25","9","0","0","3","1",".374",".665",".550",".462","93.9","3.2",36.4,15.2,6.1,66.7,"82.408964118","98.543016061",15.5,45.7,29.4,,,,"24.4","85.3","2717","-4.4",,,,,,,,,"55.1","96.4","2206","6.3","20.5","93.4","2288","7.8",,,,,,,,
"Newcomb, Sean",656794,2025,32,"92.1",391,5,91,23.3,7.9,"0.692","28","36","0","2.73",,"288","124","23","9","11","0",".250",".363",".306",".303","88.9","9.9",33.8,5.7,5.7,41.8,"77.812871395","94.200995837",21.4,46.2,30.7,"29.9","93.3","2321",,,,,"6.9","85.3","1546","4","5.4","79.1","2922","-14.6","21.7","92.5","2325","5.3","13.6","89.4","2518","9.8",,,,,,,,
"Salazar, Eduardo",674285,2025,27,"29.0",151,7,23,15.2,11.3,"1.044","27","29","0","8.38",,"81","48","13","10","10","2",".292",".470",".443",".369","89.6","8.5",33.6,9.1,5.5,44.5,"78.050016415","94.98157283",20.7,47.9,35.1,"26.4","95.1","2145","31.7","87.5","2026","-0.3","1.7","87.4","1800","7.2",,,,,"40.2","94.4","2009","5.1",,,,,,,,,,,,
"McDermott, Chayce",694646,2025,26,"8.2",51,3,9,17.6,23.5,"1.139","15","15","0","15.58",,"34","9","0","0","3","1",".288",".572",".476",".461","91.8","16.4",34.5,17.2,6.9,44.8,"79.385105714","96.300961071",20.6,32.3,43.2,"53.8","93.5","2184","28.7","83.6","2570","-0.3",,,,,"1","75.9","2811","-17.9",,,,,"8.7","88","2468","3.1","5.1","83.9","1193","4.7","2.6","80.8","2837","2.1"
"Rodriguez, Bradgley",699134,2025,21,"7.2",31,0,9,29,9.7,"0.523","1","1","0","1.17",,"22","10","4","1","0","0",".148",".181",".248",".238","83","16.7",25,0,12.5,25,"68.95893875","92.48621375",24.1,42.5,45.7,"40.2","98.3","2337",,,,,"23.6","88.2","1705","8.1",,,,,"26","98.8","2233","11.9","10.2","89.2","2431","2.6",,,,,,,,
"Morton, Charlie",450203,2025,41,"142.0",654,23,149,22.8,11,"0.830","92","94","0","5.83",,"416","280","3","0","13","5",".250",".404",".360",".333","91.2","10.5",33.3,8.6,2.4,43.6,"81.394967087","94.941118471",27.9,46.8,21.1,"27.6","94.2","2323",,,,,"9.9","87.5","1815","-3.7","38.3","81.4","3163","-8.9","15.1","94","2219","4.4","9","88","2514","5.3",,,,,,,,
"McCullers Jr., Lance",621121,2025,31,"55.1",274,10,61,22.3,14.2,"0.855","40","45","0","6.51",,"214","106","0","0","8","3",".246",".420",".376",".354","90.5","12.1",33.7,11.4,4.2,50,"79.437344337","95.287341084",25.1,40,24.8,"5.6","91.9","2291","32","82.8","2880","5.3","17","86.7","1845","-2.6","16.3","82.3","2994","-9.7","24.7","91.5","2237","4.3","4.4","89.1","2527","6.4",,,,,,,,
"Orze, Eric",679358,2025,27,"41.2",178,4,40,22.5,10.7,"0.715","14","16","0","3.02",,"92","83","10","6","7","2",".218",".354",".317",".299","86.9","17.3",36.2,7.8,5.2,30.2,"75.698965965","93.107698684",27,50.5,45.6,"25.3","93.9","2255","26","88.9","2583","6.4",,,,,,,,,"0.3","94","2295","16",,,,,"48.5","84.1","1578","-0.1",,,,
"Rodríguez, Elvin",660730,2025,27,"19.2",90,9,18,20,7.8,"1.085","20","20","0","9.15",,"59","28","1","1","1","0",".296",".640",".453",".420","89","21.9",54.7,20.3,6.3,48.4,"76.788389688","94.857062344",22.3,44.2,50.1,"46","94.4","2461",,,,,"6","86.8","2008","12.7","20.9","78.7","2740","-14.7",,,,,"17","87.7","2384","6.8",,,,,"10.1","82.2","2450","1.8"
"Crismatt, Nabil",622503,2025,30,"34.0",153,6,25,16.3,5.9,"0.792","14","20","0","3.71",,"108","55","0","0","1","0",".281",".430",".340",".330","87.9","11.2",38.1,5.1,5.9,29.7,"78.087486552","92.987057739",23.8,47.2,35.7,"15.9","89","2208","5.6","81.8","2173","3.9","38","81.4","1559","2.1","15.5","73.8","2275","-12.1","24","89.2","2116","10.1","0.9","89.4","2170","9.9",,,,,,,,
"Merryweather, Julian",657240,2025,33,"18.2",88,2,15,17,12.5,"0.860","12","13","0","5.79",,"63","25","4","2","9","0",".326",".500",".365",".400","93.4","10.7",35.5,9.7,1.6,51.6,"85.215480323","95.818309836",19.2,44.2,57,"47.9","96","2209","49.9","84.7","2124","-2.5","1.1","80","1343","15.1",,,,,,,,,,,,,,,,,"1.1","82.9","2234","-5.6"
"VanWey, Logan",701121,2025,26,"10.2",49,2,7,14.3,6.1,"0.877","6","7","0","5.06",,"36","13","3","2","2","0",".285",".389",".382",".324","90.3","13.7",39.5,5.3,5.3,44.7,"81.475637895","94.135967568",16.9,45.6,18.2,"52.7","92.9","2296",,,,,"12.1","86.2","1790","-1.3",,,,,"8.2","91","2121","4.1","3.3","84.4","2407","3.6",,,,,"23.6","82.4","2409","8"
"Clarke, Taylor",664199,2025,32,"55.1",206,8,44,21.4,4.4,"0.590","20","20","0","3.25",,"146","83","22","8","3","0",".240",".413",".256",".299","89.3","13.6",29.6,7.9,2,40.8,"78.566884605","94.198920397",23.3,47.6,44.4,"21.8","94.8","2332","39.8","87.5","2314","2.7","20.3","89.7","1757","1.1",,,,,"18","94.7","2307","10.8",,,,,,,,,,,,
"Herget, Kevin",643361,2025,34,"13.0",56,0,6,10.7,8.9,"0.624","4","5","0","2.77",,"33","11","5","2","2","0",".277",".392",".277",".320","87.2","20.3",26.7,0,8.9,40,"77.5021","92.821430222",12.5,48.1,49.6,"44","92.1","2234",,,,,"36.6","81.4","2024","10.9","0.9","76.5","2437","-17",,,,,"18.5","86.8","2238","6.7",,,,,,,,
"Pressly, Ryan",519151,2025,36,"41.1",182,6,28,15.4,9.3,"0.813","20","24","0","4.35",,"111","41","4","0","6","2",".283",".429",".356",".348","91.2","8.5",30.6,6.7,3.7,50,"80.607058788","95.377848561",17.4,46,55.7,"36.8","93.4","2574","21.2","88.8","2706","2.6","5.6","88.7","2066","5.1","24.7","81.4","3240","-12","11.8","93.4","2372","9.1",,,,,,,,,,,,
"Montero, Rafael",606160,2025,34,"60.1",253,5,58,22.9,14.6,"0.628","30","34","0","4.48",,"149","136","18","4","23","12",".206",".327",".283",".297","88.3","11.4",25.3,7,5.1,38.6,"76.808366154","94.108485769",29.3,47.1,34,"40.3","95.1","2385","7.6","85.1","2391","1.3",,,,,,,,,"5.1","95","2300","8.5",,,,,"46.9","87.9","1618","0.9",,,,
"Wesneski, Hayden",669713,2025,27,"32.0",131,7,29,22.1,4.6,"0.758","16","16","0","4.50",,"92","49","0","0","2","1",".250",".455",".322",".323","89.7","16.3",35.8,10.5,5.3,42.1,"79.32545587","94.265432935",23.2,47.4,46.3,"35.8","93.8","2258",,,,,"8.5","86.3","1710","4.6","9.3","77.1","2679","-12","10.4","92.5","2167","9.2","11.4","88.3","2492","4.8",,,,,"24.6","83.3","2740","0.4"
"Evans, Logan",688138,2025,24,"81.1",350,13,59,16.9,8.9,"0.782","39","45","0","4.32",,"237","102","0","0","8","4",".276",".454",".339",".349","89.9","13.6",36.3,10.5,2.3,42.6,"79.041787969","94.565172078",19.4,45,33.5,"10.8","92.9","2094",,,,,"12.3","87.3","2044","2","9.8","81.6","3055","-10.2","17","92.9","1999","5.3","27","87.8","2554","2.6",,,,,"23.2","84.1","2841","-0.3"
"Perkins, Jack",678022,2025,25,"38.2",161,4,37,23,11.2,"0.613","18","18","0","4.19",,"83","91","2","1","0","0",".216",".344",".277",".296","85.7","15.7",29.8,9.6,8.7,35.6,"72.800128846","93.284277981",32.2,48.2,29.3,"42.1","96","2259",,,,,"10.4","89.3","1269","0.1","0.8","84.2","2730","-9.3",,,,,"14","93.4","2475","8.3",,,,,"32.8","86.3","2746","2.8"
"Beeks, Jalen",656222,2025,31,"57.1",231,6,47,20.3,8.7,"0.618","24","26","0","3.77",,"104","108","25","6","6","3",".237",".384",".271",".303","88.5","12.5",29,10.5,5.6,39.5,"76.33152625","94.389777875",27.7,49.2,47.9,"52.4","94.4","2152",,,,,"37.7","88.8","2134","9.8",,,,,,,,,"9.9","84.2","2332","0.9",,,,,,,,
"Poulin, PJ",676571,2025,28,"24.2",110,2,27,24.5,11.8,"0.678","10","10","0","3.65",,"72","42","14","8","12","3",".231",".339",".307",".307","89.3","13.8",35.3,4.4,1.5,41.2,"79.626795882","93.884591791",26.6,43.9,15.8,"44.2","90.8","2189",,,,,"22.4","80.3","1520","-2",,,,,"9.3","89.8","2108","2.4",,,,,,,,,"24.1","78.6","2397","5.6"
"Holmes, Grant",656550,2025,29,"115.0",492,16,123,25,11,"0.715","51","52","0","3.99",,"288","231","0","0","12","3",".242",".404",".316",".327","90.1","9.3",36.4,10.1,3.9,41.9,"79.629241184","94.661142401",29.7,48.3,38.8,"32.5","94.5","2319","35.5","85.4","2844","-3.1","1.2","90.2","1478","1.2","15.4","83.4","2903","-10.1","0.2","93.2","2420","7.5","15.1","92.1","2542","10.5",,,,,,,,
"Neris, Héctor",593576,2025,36,"26.2",124,6,35,28.2,12.9,"0.915","20","25","0","6.75",,"76","64","14","3","9","6",".226",".429",".388",".330","91.4","23.7",40.3,13.9,5.6,44.4,"81.649308824","95.089874265",28.6,46.5,38.7,"41.1","92.4","2408","2.9","86.3","2007","5.3","5.1","88.9","1884","2.1",,,,,"7.3","92.6","2219","11",,,,,"43.6","83.1","1166","-1.1",,,,
"Morillo, Juan",666661,2025,26,"34.1",152,2,36,23.7,13.2,"0.823","16","19","0","4.19",,"79","69","22","10","9","1",".234",".321",".363",".301","87.2","11.2",31.6,5.3,7.4,42.1,"74.442016809","94.11918828",26.6,48.8,46.4,"47.3","99","2248","21.1","89.3","2547","-1.2","13.3","91.9","2151","8.6",,,,,"18.3","98.9","2211","12.9",,,,,,,,,,,,
"Rocker, Kumar",677958,2025,25,"64.1",287,11,56,19.5,8,"0.820","41","42","0","5.74",,"167","119","0","0","9","3",".284",".487",".352",".366","91.2","8.3",34.8,11.8,3.9,47.5,"79.800612673","95.797203564",24.9,50,29.7,"20.2","95.8","2193","16","84.2","2183","-1.9","6.1","89.5","1629","5.8","6.3","77.5","2271","-11.5","26","95.6","2149","6.2","25.4","90.1","2221","5.3",,,,,,,,
"Nikhazy, Doug",680951,2025,25,"4.0",23,0,5,21.7,26.1,"1.007","6","6","0","13.50",,"15","13","0","0","0","0",".278",".487",".435",".419","97","21.6",58.3,16.7,0,58.3,"89.936978333","97.94284",32.6,42.6,44.8,"47.2","90","1986","28.7","86.2","2414","4.7","7.4","83.2","1991","9.2","11.1","79","2739","-12",,,,,,,,,,,,,"5.6","82.5","2724","1.3"
"Warren, Austin",681810,2025,29,"9.1",34,1,9,26.5,11.8,"0.532","1","1","0","0.96",,"24","9","6","1","0","0",".224",".411",".245",".320","89.2","15.9",42.9,4.8,4.8,42.9,"78.155211818","95.031737619",17.7,42.5,27,"13.7","93.9","2407",,,,,"4.1","87.9","1836","4",,,,,"35.6","94","2254","7.6","17.1","88.4","2427","5.1",,,,,"29.5","83.9","2726","-2.3"
"Zimmermann, Bruce",669145,2025,30,"6.0",28,2,1,3.6,7.1,"0.821","5","6","0","7.50",,"18","4","0","0","0","0",".281",".400",".352",".322","90.2","3.3",24,4,4,36,"80.522170833","94.5658925",9.8,45.1,44.7,"11","90.3","2424","17.6","82.8","2365","-3.4",,,,,"13.2","78.9","2342","-8.7","30.8","89.8","2323","6.7","6.6","86.1","2472","7.4","20.9","82.7","1542","2.4",,,,
"Lauer, Eric",641778,2025,30,"104.2",426,15,102,23.9,6.1,"0.685","37","39","0","3.18",,"299","151","4","0","11","5",".243",".405",".295",".302","90.6","21.6",38.5,8.1,4.1,41.9,"81.159901438","94.514243505",23.7,48.7,38.6,"46.5","91.7","2241","10.6","83.1","2254","1.8","8","85","936","5.3","14.4","75","2397","-9.6","0.1","91.9","2205","14.3","20.5","86.5","2372","6.6",,,,,,,,
"Alvarado, Elvis",665660,2025,26,"42.1",183,6,50,27.3,12,"0.688","15","17","0","3.19",,"106","108","6","2","13","2",".221",".350",".305",".302","89.9","16.7",30.3,8.3,2.8,46.8,"78.580504727","95.049966514",33.7,46.9,18.6,"53.9","98.7","2457","32","88.9","2216","5.5","4.1","89.5","1917","4.6",,,,,"10.1","98.1","2471","8.3",,,,,,,,,,,,
"Dodd, Dylan",689266,2025,27,"35.0",136,5,30,22.1,3.7,"0.641","14","14","0","3.60",,"70","82","20","8","4","0",".236",".390",".274",".287","90","7.9",27,8,6,48,"78.0371262","95.3824356",30.9,54.3,37.1,"35.3","93.8","2155","8.4","82.7","2297","-0.3","2.4","87.5","2041","6",,,,,,,,,"53.9","86.9","2065","5.4",,,,,,,,
"Francis, Bowden",670102,2025,29,"64.0",288,19,54,18.8,9.4,"0.899","43","46","0","6.05",,"181","105","0","0","15","0",".283",".487",".382",".371","91.6","20.7",34.3,12.4,5.5,52.2,"81.0541193","95.7876814",23.3,46.7,39.2,"56","92.5","2254","5.8","82.7","2434","-0.2",,,,,"14","73.7","2195","-7.3","1.8","91.5","2132","13.2",,,,,"22.4","82.2","1017","5.5",,,,
"McDaniels, Garrett",680729,2025,25,"10.2",50,2,6,12,16,"0.952","7","8","0","5.91",,"31","17","6","3","2","1",".281",".440",".415",".380","89","1.5",22.9,11.4,0,42.9,"76.641867222","94.898244571",24,39.3,48,,,,"52.4","85","2458","-2.4",,,,,"4.2","80","2488","-10.7","43.5","92.2","2262","6.1",,,,,,,,,,,,
"Vesia, Alex",681911,2025,29,"59.2",237,9,80,33.8,9.3,"0.620","20","21","0","3.02",,"157","137","42","11","16","5",".186",".341",".269",".273","88.5","24.9",38.5,10.8,8.5,37.7,"77.218813968","94.182131587",30.7,50.2,65,"57.5","92.7","2468","36.4","84.8","2380","4.2","6.2","83.8","1713","10.6",,,,,,,,,,,,,,,,,,,,
"Mederos, Victor",682989,2025,24,"17.0",81,4,14,17.3,14.8,"0.992","14","14","0","7.41",,"49","28","0","0","0","0",".227",".420",".417",".349","91","16.6",42.3,9.6,3.8,44.2,"82.455016923","94.505381923",22.4,42.7,23.2,,,,"25.8","89.1","2375","7","5.4","88","1565","6",,,,,"48.7","94.6","2371","6.9",,,,,,,,,"20.1","81.8","2460","8.1"
"Wheeler, Zack",554430,2025,35,"149.2",585,19,195,33.3,5.6,"0.602","45","48","0","2.71",,"344","327","0","0","9","4",".190",".306",".263",".246","87.4","13.2",36.7,7.2,4.3,34.1,"76.480608966","93.227809971",31.5,50.3,23.2,"41","96.1","2470",,,,,,,,,"9.8","81.1","2810","-10.4","17","95.4","2310","7.5","8.6","91.8","2564","9.4","8.9","87.1","1534","4.3","14.8","83.7","2669","2.7"
"Gómez, Yoendrys",672782,2025,25,"62.2",277,12,58,20.9,9.7,"0.770","36","40","0","5.17",,"177","113","1","0","5","2",".251",".456",".335",".344","89.4","17.5",36.9,12.3,3.7,37.4,"79.100776559","94.185554595",23.9,47.1,33.7,"33.5","93.8","2468","1.5","86.8","2536","5.1","7.6","89.3","1902","6.8","14.1","80.7","2562","-9","19.3","93.2","2311","10.4","6.8","90.3","2526","10.5",,,,,"17.2","82.2","2669","3.5"
"Alvarez, Andrew",674841,2025,26,"23.1",98,1,20,20.4,10.2,"0.517","6","8","0","2.31",,"73","30","0","0","6","3",".212",".278",".241",".266","88.2","7.7",25.4,3,7.5,37.3,"77.087148182","93.693328636",22.2,38.8,46.4,"34.1","91.3","2332","29","82.4","2638","-3.3","5.3","85.2","1835","4.5","27.1","82.5","2689","-10.7","4.6","90.9","2251","5.6",,,,,,,,,,,,
"Cleavinger, Garrett",664076,2025,31,"61.1",243,9,82,33.7,7.4,"0.608","16","17","0","2.35",,"158","141","24","7","15","1",".207",".326",".271",".280","88.8","11.8",34.6,5.9,7.4,41.2,"76.393978485","94.963080076",36,49.5,31.6,"12.2","97.1","2362","38.8","87.1","2593","-0.2",,,,,,,,,"37","96.3","2411","9.1","1.7","90.7","2569","5.2",,,,,"10.3","81.2","2809","-1.5"
"Devenski, Chris",606965,2025,34,"16.2",65,1,14,21.5,7.7,"0.566","4","4","0","2.16",,"45","19","6","3","2","0",".226",".386",".252",".303","84.7","8",36.4,11.4,9.1,34.1,"71.234032273","93.135208864",21.9,43.5,37.7,"21.4","92.4","2369","0.8","82.1","2153","4.3","38.9","83.1","1706","2.4",,,,,"1.1","92.1","2361","13","16.8","86.4","2293","6.6",,,,,"21","78.6","2357","-0.1"
"Casparius, Ben",676508,2025,26,"77.2",333,8,71,21.3,6.3,"0.717","40","41","0","4.64",,"180","146","29","1","17","4",".242",".382",".312",".298","87.5","19.5",31.9,7.1,2.9,31.9,"77.195546356","92.986533941",27.6,49.7,46.5,"30.4","96.1","2435",,,,,,,,,"14.4","80.8","3018","-14.5","1.2","95.3","2398","12.1","21.8","92.1","2755","7",,,,,"32.2","85.3","3080","-0.9"
"Brazobán, Huascar",623211,2025,35,"63.0",262,6,57,21.8,10.3,"0.662","25","29","0","3.57",,"162","108","32","5","10","6",".226",".357",".294",".309","87.1","11.5",28.7,8,6.3,34.5,"75.598611294","93.356656824",23.9,48.4,36.4,"12","96.5","2207",,,,,"38.1","90.8","1990","1.8",,,,,"37.3","96.4","2260","8.2","12.7","90.1","2346","7.6",,,,,,,,
"Jansen, Kenley",445276,2025,37,"59.0",234,8,57,24.4,8.1,"0.566","17","18","0","2.59",,"121","103","7","2","2","2",".215",".416",".246",".300","91.5","25.4",31.2,8.9,3.2,44.6,"82.345025714","94.96297526",25.8,55.7,52.6,,,,"6.1","83.9","2457","-3.1",,,,,,,,,"9.2","93.2","2336","18.8","81.4","92.8","2602","18.8",,,,,"3.3","82","2513","2.8"
"Moll, Sam",594580,2025,33,"18.1",81,4,22,27.2,12.3,"0.796","13","16","0","6.38",,"68","43","18","5","12","5",".209",".367",".344",".301","92.9","16.1",30.6,8.2,6.1,51,"82.748425417","96.713041277",33.1,39.2,13.4,"20.8","92.1","2622",,,,,"10.8","85.7","1735","-7.7",,,,,"23.8","91.6","2403","-1.4",,,,,,,,,"44.6","81.1","2913","-0.9"
"Fulmer, Michael",605242,2025,32,"5.2",23,1,3,13,8.7,"0.919","3","3","0","4.76",,"14","5","3","3","0","0",".338",".698",".389",".461","89.3","28.8",50,22.2,0,33.3,"78.124184444","94.2027",16.3,47.8,41.6,"23.3","93.7","2399",,,,,"10","89.5","1831","4.3","8.9","80.3","2655","-6.7","10","93.1","2315","10.6","43.3","88.9","2560","4.1",,,,,"4.4","83.3","2762","3.5"
"Gibson, Cade",806188,2025,27,"54.2",230,3,43,18.7,9.1,"0.628","16","18","0","2.63",,"178","76","14","3","12","2",".249",".348",".279",".307","87.9","7.2",31.3,5.6,3.1,37.5,"76.765823038","93.675747975",22.3,42.5,35.1,"9.7","92","2247","9.5","85.5","2868","4.9","14.5","84.9","1952","2.1","28.6","78.8","2973","-16.2","23.5","91.6","2260","8",,,,,,,,,"14.2","79.6","3032","-1"
"Lodolo, Nick",666157,2025,27,"156.2",642,22,156,24.3,4.8,"0.672","58","60","1","3.33",,"397","301","0","0","15","1",".229",".382",".293",".291","88.8","12.6",31,8.1,4.5,40.5,"77.560730837","94.23638627",27.5,50,15.1,"29.1","93.8","2293",,,,,"21.8","87.9","1833","1.9","28.7","81.9","2569","0","20.4","93.8","2296","5.4",,,,,,,,,,,,
"Cruz, Steven",674444,2025,26,"45.2",189,5,38,20.1,9.5,"0.634","19","20","0","3.74",,"99","65","18","8","11","5",".222",".343",".280",".285","88.8","14.9",33.3,5.3,4.5,34.1,"78.717356308","93.526750154",24.3,50,32.8,"50.2","98.2","2237","24.3","89.3","2218","4",,,,,,,,,,,,,"25.5","93.7","2197","9.3",,,,,,,,
"Borucki, Ryan",621366,2025,31,"35.0",145,4,32,22.1,11,"0.711","18","20","0","4.63",,"97","75","20","9","12","4",".268",".430",".310",".343","87.3","7.9",32.3,8.3,11.5,38.5,"74.782124889","94.004990333",29.8,46.3,28.1,,,,"41.1","85.9","2275","2.4",,,,,,,,,"26.3","93.9","2273","8.5",,,,,"17.3","83.8","1281","0.3","15.3","81.1","2548","-0.9"
"Rolison, Ryan",669020,2025,27,"42.1",193,11,25,13,10.4,"0.956","33","35","0","7.02",,"119","45","19","6","14","6",".287",".485",".406",".364","87.5","6.1",33.1,9.5,8.1,38.5,"75.114833973","94.058196207",17.4,46,46.2,"46.6","92.9","2323","16.6","85.5","2519","-2.1","3.4","87.3","1702","4.6","33.4","79.5","2654","-11.4",,,,,,,,,,,,,,,,
"McGough, Scott",543518,2025,35,"16.0",75,4,16,21.3,9.3,"0.884","12","12","0","6.75",,"39","41","1","1","5","1",".263",".548",".377",".381","91.4","19.1",35.3,17.6,2,47.1,"81.794840385","95.145867255",30.8,48.1,45.9,"39.1","92.3","2384","23.6","86.4","2647","2.5",,,,,,,,,"4","92.2","2371","15.7",,,,,"33.3","84.8","1357","5.4",,,,
"Headrick, Brent",687396,2025,27,"23.0",92,4,30,32.6,7.6,"0.677","8","8","0","3.13",,"49","60","12","4","3","0",".211",".364",".289",".281","91.1","21",37,9.3,5.6,42.6,"81.545965385","94.642416923",34.1,57.7,42.9,"63.9","94","2406","25.4","81.9","2048","3.3",,,,,,,,,,,,,,,,,"10.7","83.9","1053","3.5",,,,
"Tonkin, Michael",543859,2025,35,"24.0",103,3,19,18.4,7.8,"0.702","13","13","0","4.88",,"77","32","6","1","3","0",".254",".455",".312",".353","91.4","15.6",35.2,8.5,0,43.7,"82.448027222","94.828496197",20.7,43.8,14.3,"53.7","92.4","2357","25.9","83.9","2231","0.1",,,,,,,,,"11.3","92","2328","6.6",,,,,,,,,"9.1","80.1","2504","-1.3"
"Wicks, Jordan",696136,2025,25,"14.1",67,2,13,19.4,1.5,"0.933","10","12","0","6.28",,"27","26","0","0","4","3",".289",".399",".400",".304","90","10.1",41.5,5.7,5.7,39.6,"79.681035769","94.468812692",23.8,59.9,53.8,"39.6","94.4","2335","12.9","86.8","2569","0.8","24.4","83","1474","6.3","0.9","79.8","2813","-9.5","10.1","93.4","2165","9.5",,,,,,,,,"12","82.5","2806","-1.9"
"Stroman, Marcus",573186,2025,34,"39.0",175,6,26,14.9,9.1,"0.822","27","27","0","6.23",,"102","58","0","0","6","0",".279",".490",".356",".364","90.8","12",31.3,10.7,3.8,49.6,"79.644443281","95.549940078",19.2,47.3,33.2,"4.3","89.5","2405","6.5","84.5","2720","-3.6",,,,,"5","77.9","2656","-6.7","36.5","89.8","2280","3.6","17.8","88.8","2502","7.7","10.7","82.3","1962","3.5",,,,
"Banks, Tanner",621383,2025,33,"67.1",267,9,61,22.8,4.5,"0.633","23","24","0","3.07",,"169","105","32","12","3","2",".254",".409",".273",".301","87.8","14.9",40.4,7.8,6.7,36.8,"76.441604574","93.663802872",21.9,50.1,48.2,"21.2","92.7","2177","35.6","87.3","2359","4.6","6.5","82.9","1797","3.2",,,,,"12.4","92.2","2051","8.9",,,,,,,,,"24.3","82.1","2368","3"
"Meyer, Max",676974,2025,26,"64.2",285,12,68,23.9,7,"0.790","34","39","0","4.73",,"176","113","0","0","11","2",".263",".446",".341",".336","91.9","8.7",30.3,9.2,3.6,48.2,"81.961734227","95.684813731",27.4,47.4,37,"22.2","95","2513","35.1","89.9","2620","-1.3","17.3","89.3","1784","2",,,,,"13.7","94.2","2485","5.4",,,,,,,,,"11.6","86.7","2461","-4.3"
"Anderson, Grant",681982,2025,28,"69.2",299,8,74,24.7,9.7,"0.655","25","35","0","3.23",,"184","153","36","10","17","5",".245",".361",".287",".303","88.8","12.2",32,5.2,5.7,38.1,"77.310534149","94.255863351",30.9,48.1,3.8,"33.2","93.5","2446",,,,,"4.1","86.8","1702","-3.6",,,,,"24.8","93.2","2278","0.3",,,,,,,,,"37.8","80.2","2698","2.4"
"Fermin, José",820862,2025,23,"34.1",152,8,39,25.7,15.1,"0.731","17","21","0","4.46",,"110","80","11","7","15","6",".190",".391",".318",".313","91.4","21",34.8,13.5,0,46.1,"81.876079111","94.816130112",33.1,45.4,45.7,"47","96.8","2312","49.1","89.6","2592","1.7","0.3","93.1","1658","5.8",,,,,"3.6","96.6","2337","13.9",,,,,,,,,,,,
"Misiorowski, Jacob",694819,2025,23,"66.0",272,8,87,32,11,"0.669","32","34","0","4.36",,"182","151","3","3","9","3",".202",".334",".298",".285","89","15.9",40.8,7.9,3.3,37.5,"79.236436579","93.62802596",29.7,49.8,29.7,"55.2","99.3","2589","24.3","94.1","2473","6.4","5.9","92.3","2119","5.5","14.6","87.1","2451","-9.1",,,,,,,,,,,,,,,,
"Alcala, Jorge",660896,2025,29,"55.0",257,13,61,23.7,11.7,"0.931","38","44","0","6.22",,"175","110","19","9","16","7",".240",".426",".393",".329","88.8","20.2",33.9,10.9,5.5,37.6,"77.521894444","94.258767654",25.7,47.4,51.2,"45.9","97.4","2482","15.4","89.9","2482","4.9","1.9","90.5","2400","12.5","23.3","85.4","2598","-4.8","13.5","96.8","2235","12",,,,,,,,,,,,
"Valdez, Framber",664285,2025,31,"192.0",802,15,187,23.3,8.5,"0.666","78","82","0","3.66",,"495","291","0","0","10","2",".243",".363",".295",".302","90.8","2.7",28.1,6.7,4.6,46.3,"79.964667978","95.300987092",26.6,47.3,41.7,"1.5","93.7","2270","3.1","84.4","2537","-2.7","18.2","89.9","1708","0.8","33.1","79.4","2943","-14.8","44","94.3","2203","6",,,,,,,,,,,,
"Webb, Logan",657277,2025,28,"207.0",856,14,224,26.2,5.4,"0.694","74","82","0","3.22",,"648","326","0","0","10","3",".249",".376",".303",".294","89.7","5.7",32.8,8.3,4.5,40.2,"78.364554789","94.732224965",24.7,46.2,22.1,"7.8","92.8","2118",,,,,"24.1","86.5","1502","-5.6",,,,,"33.6","92.6","1959","0.4","7.9","91.1","2225","7.7",,,,,"26.6","84.6","2543","-0.5"
"Gibson, Kyle",502043,2025,37,"12.1",73,7,10,13.7,9.6,"1.431","23","23","0","16.78",,"38","20","0","0","6","1",".344",".633",".577",".434","93.8","10.5",35.7,14.3,1.8,60.7,"85.582240714","96.359508036",20.6,45,44.1,"9.3","91.5","2265","1.8","83.3","2497","-3","12.9","85.4","1746","4.2","11.1","78.8","2453","-10.6","35.7","90.9","2070","6.7","10.4","87.5","2367","6.4",,,,,"18.9","81.2","2430","0.7"
"Castillo, Luis F.",622379,2025,30,"7.0",41,0,5,12.2,17.1,"0.930","6","7","0","7.71",,"22","14","0","0","0","0",".292",".469",".413",".392","86.2","15.7",34.5,3.4,10.3,27.6,"74.612926429","93.334618889",20.3,44,12.6,"45.8","92.2","2056",,,,,"13.1","86.3","1595","-2.2",,,,,"16.1","91.1","2121","1.3",,,,,,,,,"25","80.7","2360","1.6"
"Bido, Osvaldo",674370,2025,29,"79.2",363,19,68,18.7,9.6,"0.907","52","56","0","5.87",,"198","153","13","5","10","5",".256",".481",".384",".354","90.4","20.1",33.1,11.8,2.8,40.9,"80.021885079","94.687870913",25,49.5,35.2,"37.4","94.5","2444","29.8","85.2","2228","3.3","10.7","88.8","2185","10",,,,,"15.3","94.7","2330","10.3","6.8","86.6","2191","6",,,,,,,,
"Kelly, Kevin",687330,2025,27,"39.2",171,11,35,20.5,5.3,"0.872","26","29","0","5.90",,"107","56","21","9","12","2",".297",".557",".364",".379","91.1","9.5",40.2,15.7,4.7,52.8,"79.152472381","96.20311373",21.2,46.6,3.6,"8","92.2","2148",,,,,,,,,,,,,"58.8","91","2162","-1.4","13.4","89.5","2318","8",,,,,"19.7","78.7","2661","5.1"
"De los Santos, Yerry",660787,2025,27,"35.2",160,1,28,17.5,10.6,"0.679","13","15","0","3.28",,"107","55","9","1","20","4",".269",".366",".307",".321","89","5",27.2,5.3,3.5,41.2,"77.413747321","94.407822857",22.7,46.3,29.2,"8.3","95.2","2143","9.5","85.1","2069","1.2","27.6","88.2","1576","0.5",,,,,"54.6","95.5","2150","8.3",,,,,,,,,,,,
"Morgan, Eli",669212,2025,29,"7.1",35,3,4,11.4,8.6,"1.242","10","10","0","12.27",,"19","12","6","3","2","2",".263",".503",".508",".347","89.6","10.6",32.1,14.3,3.6,35.7,"78.665670714","94.52517",21.7,52.3,43.2,"29.5","91.9","2260","28.8","86.5","2495","1.5","41.7","79.4","2188","2.8",,,,,,,,,,,,,,,,,,,,
"Chandler, Bubba",696149,2025,22,"31.1",124,2,31,25,3.2,"0.591","14","14","0","4.02",,"71","61","0","0","1","0",".236",".405",".260",".299","90.2","7.9",39.5,9.3,2.3,40.7,"80.213783953","94.569092353",30.3,50.1,41.6,"54","98.9","2420","17.6","89","2357","1.1","22.6","91.7","2021","6.8","5.9","85.4","2356","-3",,,,,,,,,,,,,,,,
"Kolek, Stephen",663568,2025,28,"112.2",461,9,77,16.7,6.7,"0.637","44","49","1","3.51",,"293","127","0","0","20","4",".263",".400",".280",".320","91.1","7.4",32.9,6.1,2.6,48,"80.278387602","95.430454825",17.7,46.8,33,"25.6","94","2177","16.6","85.4","2520","-0.4","11.6","87.5","1468","-0.5","0.1","80.2","2243","-9.5","24.1","93.6","2148","4.4","15.2","90.5","2354","7.7",,,,,"6.8","82.5","2563","-0.2"
"Wilson, Steven",621051,2025,30,"55.1",241,7,51,21.2,9.1,"0.684","21","21","0","3.42",,"146","106","35","9","12","3",".236",".372",".296",".299","89.6","24.9",35.2,5.5,0.6,36.4,"80.504456627","93.533160485",24.8,47.6,47.7,"33.4","93.9","2491",,,,,"7.3","84.9","1431","6.3",,,,,,,,,"1","90.7","2800","13",,,,,"58.3","82.1","2648","-0.3"
"Ray, Robbie",592662,2025,33,"182.1",755,22,186,24.6,9.7,"0.681","74","81","0","3.65",,"443","368","0","0","9","3",".221",".373",".299",".298","91","17.7",35.4,9.6,3,44.7,"81.357482769","94.734721694",27.8,49.3,45.7,"52","93.6","2360","22.5","87.9","2269","9.2","13","84.8","1650","11.7","12.1","81.2","2185","-5.3",,,,,,,,,,,,,"0.4","80","2206","-4.5"
"Sauer, Matt",669422,2025,26,"29.2",129,6,24,18.6,6.2,"0.870","21","23","0","6.37",,"72","44","3","0","3","1",".283",".461",".370",".342","90.3","12.7",40,8.4,1.1,36.8,"81.170807447","93.889224787",19.2,50.8,44.5,"21.9","94.2","2183","18.8","83.8","2468","-5.1",,,,,"1","82.2","2547","-6.4","17.6","94.3","2102","12.9","31.8","90","2533","7.6","9","87.3","1557","6.8",,,,
"May, Dustin",669160,2025,27,"132.1",584,21,123,21.1,9.6,"0.791","73","78","0","4.96",,"401","174","0","0","12","6",".264",".446",".342",".350","90.6","12.5",34.9,9.2,3.3,44.5,"79.491363897","95.163508072",20,45.3,21.1,"16.6","95.4","2344",,,,,"0.8","89.1","1337","1.7",,,,,"33.6","94.5","2411","5.6","9.7","91.4","2496","6.8",,,,,"39.3","85.2","3182","-2.3"
"Seymour, Ian",693855,2025,26,"57.0",242,5,64,26.4,7.9,"0.617","23","33","0","3.63",,"156","119","3","1","4","2",".239",".375",".274",".307","88.7","15.1",39.7,7.1,6.4,37.8,"77.591748553","93.983770066",27,49.5,46.6,"31.9","91.6","2215",,,,,"31.7","83.6","1713","8.9","1.5","74.2","1972","-12.4","5.4","90.7","2026","11.7","21.5","88.3","2154","9.9",,,,,"8","81.5","2146","-2.7"
"Roberts, Ethan",681799,2025,27,"9.0",39,3,6,15.4,5.1,"0.962","6","6","0","6.00",,"30","8","9","5","0","0",".297",".550",".398",".380","85.7","15.3",43.3,16.7,10,30,"71.581719333","93.901925333",16.4,46.5,31.2,,,,,,,,,,,,,,,,"4.9","92.9","2534","9.2","37.5","91.4","2731","9.6",,,,,"57.6","82.2","3124","-0.7"
"Yesavage, Trey",702056,2025,21,"14.0",62,0,16,25.8,11.3,"0.596","5","5","0","3.21",,"42","32","0","0","3","2",".250",".358",".275",".311","94","5.5",33.3,7.7,2.6,61.5,"85.7308985","96.533871795",35.4,47.3,64.4,"45.2","94.7","2281","28.5","88.7","2229","5.4",,,,,,,,,,,,,,,,,"26.4","84.1","1535","7",,,,
"Sisk, Evan",681895,2025,28,"17.2",80,1,25,31.3,12.5,"0.702","7","7","0","3.57",,"70","38","11","4","7","2",".170",".249",".317",".258","87.1","9.5",23.3,4.7,4.7,41.9,"76.015128095","93.070730476",31,38.3,16,"20.4","90.7","2164","1.2","79.3","2253","2.9",,,,,"10.3","77.6","2287","-5.5","31","89.9","2058","4.5","10.3","87.1","2270","7.1",,,,,"26.7","79.9","2274","7.5"
"Ruiz, José",614179,2025,30,"16.1",79,3,15,19,11.4,"0.979","16","17","0","8.82",,"36","31","17","7","5","4",".246",".376",".412",".320","88","12",32.7,7.3,12.7,38.2,"74.556710741","94.870705556",26.8,50.7,45.2,"38.1","95.7","2304","0.7","90.3","2284","6.6","15.2","89","1913","7.2","29.5","85.5","2170","-3.3","15.6","95.2","2206","12.8",,,,,,,,,"1","85.1","2160","0.7"
"López, Reynaldo",625643,2025,31,"5.0",25,1,1,4,8,"1.005","3","3","0","5.40",,"17","1","0","0","0","0",".420",".605",".434",".463","90.6","5.7",45.5,4.5,4.5,50,"79.534244545","95.367335455",7.3,43.6,40.6,"52.1","95.6","2108","33","84.2","2357","-1.4","2.1","86.1","1564","9.3","12.8","73.9","2403","-11.7",,,,,,,,,,,,,,,,
"Walker, Ryan",676254,2025,29,"61.1",266,4,60,22.6,6.8,"0.699","28","32","0","4.11",,"217","89","23","8","8","1",".251",".363",".306",".303","87","5.9",31.1,5,7.8,35.6,"74.906653218","93.548727356",21.6,43.2,17.9,,,,"37.5","84","2696","2.4",,,,,,,,,"62.5","95.9","2368","3.4",,,,,,,,,,,,
"Mantiply, Joe",573009,2025,34,"9.2",58,5,8,13.8,5.2,"1.350","17","17","0","15.83",,"40","19","2","1","0","0",".293",".518",".567",".364","89.4","6.3",39.1,10.9,6.5,34.8,"79.06594","93.998794091",20.9,47.4,15.8,"2.1","88.2","2154",,,,,"26.6","80.7","1578","-3.3","35.9","78.7","2489","-3.4","35.4","88.4","2219","2.1",,,,,,,,,,,,
"Lucchesi, Joey",664192,2025,32,"38.1",165,4,31,18.8,7.3,"0.684","16","17","0","3.76",,"118","40","6","3","11","4",".233",".366",".298",".292","88","6",25.8,6.7,6.7,31.7,"77.249338305","93.461507094",19.6,45.1,48,"25.5","92.7","2291",,,,,,,,,"26.6","77.8","2172","-4.5","47.6","92.5","2269","10.1",,,,,"0.3","81.8","1812","-2.5",,,,
"Fedde, Erick",607200,2025,32,"141.0",623,19,83,13.3,10.8,"0.791","86","90","1","5.49",,"385","173","1","1","25","6",".277",".446",".344",".352","90.2","14.9",35.3,7.9,3.6,42.6,"80.198985764","94.366291335",18,44.7,35,,,,,,,,"11.9","87.6","1808","2.5",,,,,"34.1","93.2","1975","9.4","28","90.3","2138","9.2",,,,,"26","82.6","2437","4.3"
"Bride, Jonah",681146,2025,29,"6.0",37,1,2,5.4,8.1,"1.127","10","10","0","15.00",,"16","4","0","0","0","0",".330",".536",".480",".416","95","21.5",56.7,3.3,0,60,"87.991254667","96.514199667",7.8,44.7,20.4,,,,,,,,,,,,"46.2","68.5","2262","5.2",,,,,,,,,,,,,,,,
"Curry, Xzavion",675540,2025,26,"3.0",16,0,1,6.3,18.8,"0.746","2","4","0","6.00",,"7","1","4","2","2","2",".198",".325",".350",".312","86","17.8",16.7,8.3,16.7,33.3,"77.14369","91.963804545",4.2,42.9,61.1,"37.5","90.5","2060","37.5","80.2","2379","1",,,,,"17.9","72.4","2436","-13.7",,,,,,,,,"5.4","85.6","1325","14.7","1.8","80","2392","3.9"
"Morán, Jovani",663558,2025,28,"4.0",20,0,5,25,15,"0.812","3","3","0","6.75",,"12","11","0","0","0","0",".219",".320",".359",".301","85.3","17.3",16.7,0,8.3,33.3,"72.51749","93.0270825",36.1,45,49.6,"36.3","92.3","2378","6.3","80.4","2692","-0.1","38.8","83.1","1880","8.4","1.3","80.7","2462","-11.6",,,,,"17.5","85","2551","5.6",,,,,,,,
"Zuber, Tyler",676604,2025,30,"12.0",59,3,14,23.7,10.2,"1.005","15","15","0","11.25",,"48","19","4","0","5","4",".300",".550",".416",".385","88.3","15.4",53.8,15.4,5.1,41,"76.8154845","94.313058205",19.8,45.3,35.5,"27.8","94.7","2344","17.1","87.7","2587","1.9","6.9","88","1214","1.8",,,,,"12.2","93.9","2170","7.3","1.6","92.1","2387","6.8",,,,,"34.3","82.8","2718","4.4"
"Palmquist, Carson",687223,2025,24,"34.1",175,10,27,15.4,14.3,"1.034","34","35","0","8.91",,"112","52","2","2","9","2",".262",".513",".430",".382","89.6","20",31.7,14.2,3.3,40,"78.924745763","94.396216581",21,43.3,20.7,"52.5","90.4","2159",,,,,"3.5","81.3","1527","5.3",,,,,,,,,"12.5","81.9","1947","5.9",,,,,"31.5","73.8","1984","1.4"
"Gallen, Zac",668678,2025,29,"192.0",813,31,175,21.5,8.1,"0.729","103","109","0","4.83",,"568","259","0","0","15","8",".245",".427",".315",".320","90.1","12.4",34.3,9.7,3.5,43,"79.464557057","94.701400977",23.7,44.9,42.1,"45.1","93.5","2320","7.2","88","2380","4","16","86.3","1518","4.1","23.5","81.1","2441","-11.5","2.5","93.3","2167","14.3","5.8","89.5","2338","9.5",,,,,,,,
"Festa, Matt",670036,2025,32,"54.2",226,4,56,24.8,6.6,"0.610","25","29","0","4.12",,"134","101","45","15","18","10",".234",".336",".268",".290","87.4","13.2",36,6,8.7,34,"76.399022192","93.278516621",27.3,51.5,32.9,"39.2","92.1","2512",,,,,,,,,,,,,"8.1","93.1","2436","8.4","14.6","90.7","2488","8.3",,,,,"38.2","83.1","2666","0.6"
"Loutos, Ryan",702795,2025,26,"12.0",68,4,8,11.8,11.8,"1.055","17","21","0","12.75",,"41","15","3","2","2","2",".313",".530",".446",".404","92.5","8.4",42,10,6,52,"83.535241667","95.930512083",17,45.9,33.3,"46.3","95.4","1877","22.5","87","2373","-4.9","16.9","89","1466","-0.6",,,,,"5.2","94","1754","6.5",,,,,,,,,"9.1","87.6","2374","-3.5"
"Chavez, Jesse",445926,2025,41,"8.0",43,4,8,18.6,11.6,"1.231","8","8","0","9.00",,"33","8","3","3","1","0",".266",".543",".510",".382","91","22",43.3,16.7,0,40,"81.382492667","94.434424",15.3,42.1,21.1,,,,"4.1","80.7","2408","-5.5","17","83.9","1808","1.1","5.8","74.3","2527","-8","34.5","89.6","1991","7.4","38.6","87.9","2194","12.5",,,,,,,,
"Lucas, Easton",687922,2025,28,"24.1",108,5,23,21.3,11.1,"0.821","18","18","0","6.66",,"56","50","0","0","4","0",".279",".530",".348",".371","91.2","17.4",37,11,0,43.8,"80.981718919","94.979699863",23.9,51.6,48.2,"49.8","93.8","2208","12.1","86.4","2255","1.8","21","87.4","1369","7.4",,,,,,,,,"7.3","91.5","2237","9.4",,,,,"9.8","81.1","2341","1.5"
"Walker, Taijuan",592836,2025,32,"123.2",538,21,86,16,7.8,"0.775","56","62","0","4.08",,"359","150","3","0","10","3",".260",".424",".337",".326","89.6","13.4",32.3,7.4,3.2,41.4,"79.174652736","94.265534938",18.5,45.1,40.8,"9.5","92.2","2128","11.3","83.6","2467","5.4",,,,,"6.5","74.9","2420","-10.3","20.2","92","1963","12.5","30.1","87.1","2434","12.7","22.5","87.4","1454","3.9",,,,
"Bolton, Cody",675989,2025,27,"2.0",10,0,1,10,0,"0.900","3","3","0","13.50",,"8","2","0","0","0","0",".362",".498",".390",".370","91.3","12.7",33.3,11.1,0,44.4,"81.015068","95.840591111",10,50,38.5,"12.5","94.3","2486",,,,,,,,,,,,,"42.5","93.9","2321","9.1","7.5","88.9","2879","-0.4",,,,,"37.5","82.9","2790","2"
"Cabrera, Edward",665795,2025,27,"137.2",581,17,150,25.8,8.3,"0.687","54","60","0","3.53",,"408","260","0","0","18","3",".240",".381",".303",".309","90.3","9.4",31.1,8.6,4,46.4,"79.023723514","95.170167541",29.4,45.1,35.9,"12.7","97","2335","17.3","88.5","2548","2.2","25.8","94.2","1749","4.5","23.6","84","2631","-11","20.6","96.8","2309","9.6",,,,,,,,,,,,
"Martin, Chris",455119,2025,39,"42.1",173,6,43,24.9,4,"0.685","14","18","0","2.98",,"97","67","18","5","11","3",".260",".425",".291",".304","90.1","12.9",35.2,9,0.8,41,"79.235836557","94.800879669",21.8,55.3,41.5,"30.9","94.7","2228",,,,,,,,,,,,,"13","94.3","2200","10.9","36.2","91.4","2241","8","18","88.4","1596","2.1","1.9","84.5","2608","-4.2"
"Soriano, George",666277,2025,26,"36.2",173,10,36,20.8,11,"0.957","34","36","0","8.35",,"126","70","9","2","5","2",".313",".535",".405",".403","88.7","9.1",43.5,14.8,7,44.3,"76.067869138","94.966557826",26,46.7,29.1,"18.8","96","2277","32.1","86","2776","0","30.8","88.4","1655","-0.8",,,,,"18.4","95.5","2186","5.2",,,,,,,,,,,,
"Faucher, Calvin",676534,2025,29,"60.1",255,8,59,23.1,9.4,"0.683","22","27","0","3.28",,"184","82","14","4","6","4",".266",".387",".302",".324","87.7","8.1",37.3,4.7,4.1,34.3,"76.544550714","93.486938024",23.7,42.5,43.6,"17.5","96","2471",,,,,"0.1","90.9","1816","4.2","15.1","86.1","2994","-12.7","12.2","95.8","2305","6.1","37","92.1","2862","2.1",,,,,"18.1","87.5","3005","-1.5"
"O'Brien, Riley",676617,2025,30,"48.0",199,2,45,22.6,11.1,"0.587","11","13","0","2.06",,"128","75","10","3","11","3",".235",".301",".270",".297","85.8","4.8",27.2,3.2,11.2,34.4,"73.0882395","93.31006925",24.6,45.1,28.9,,,,"30.5","90","2528","3.3","0.1","90.4","1902","4.4","21.1","83.4","2447","-2.4","48.3","98","2184","6.1",,,,,,,,,,,,
"Lugo, Seth",607625,2025,35,"145.1",611,27,125,20.5,9,"0.757","67","70","0","4.15",,"449","183","0","0","19","2",".260",".474",".329",".349","90.7","14.2",34.8,11.1,4,45.2,"80.328886381","94.977892339",20.6,43.9,31.7,"21.2","91.7","2350","5.5","83.2","2615","4.4","9.6","86.2","1671","4.4","23","77.3","3111","-11.7","14.5","91.3","2402","9","14.1","89.2","2453","10.9","0.6","84.3","1416","4.1","2","80.6","2754","2.6"
"Milner, Hoby",571948,2025,34,"70.1",293,5,58,19.8,7.2,"0.692","30","35","0","3.84",,"251","70","53","12","33","11",".236",".394",".298",".300","88.4","6.7",28.3,9,4.7,36.8,"77.915462692","93.624473333",15.5,43.6,-6,"14.7","87.9","1993",,,,,"17.4","81.1","1633","-4.1",,,,,"32.8","87.5","1966","-0.7",,,,,,,,,"35.1","78.2","1808","0.1"
"Sommers, Drew",805427,2025,24,"3.0",19,1,3,15.8,15.8,"1.446","6","6","0","18.00",,"17","7","1","1","3","1",".280",".424",".589",".384","89.6","11.5",33.3,8.3,8.3,50,"78.221855","95.255235833",25,35.9,13.7,"12.8","93.1","2059","42.3","81.8","2208","-0.2","1.3","87.2","1724","2.5",,,,,"43.6","93.5","1983","3.9",,,,,,,,,,,,
"Priester, Quinn",682990,2025,24,"157.1",653,18,132,20.2,7.7,"0.709","58","62","0","3.32",,"410","241","2","1","21","6",".238",".359",".310",".295","89","4.9",28.6,7.3,3.9,39.4,"78.202069039","94.11122105",24.5,46.2,46.9,,,,"27.2","86.1","2469","-0.5","1.5","88.4","1415","4.5","9.2","80.9","2663","-8.8","41.7","93.9","2044","7.2","20.4","92.3","2353","11.2",,,,,,,,
"Speier, Gabe",642100,2025,30,"62.0",243,5,82,33.7,4.5,"0.569","18","19","0","2.61",,"160","124","41","9","17","3",".188",".306",".247",".246","89.7","15",26.9,9,4.8,40.7,"78.689063472","94.681682168",30.9,52,28,"44.7","95","2234","25.7","83.2","2185","-1.9",,,,,,,,,"29.5","94.4","2088","7.3",,,,,,,,,,,,
"Jacob, Alek",689690,2025,27,"33.1",153,6,23,15,9.2,"0.832","19","20","0","5.13",,"108","54","17","9","12","3",".251",".424",".361",".342","84.1","15.8",34.5,7.3,8.2,31.8,"70.744602909","92.803120092",21.3,45.7,-0.6,"42.5","85.3","2323",,,,,"32.3","74.1","2159","2.2",,,,,"14.3","84.2","2273","4.8",,,,,,,,,"10.9","71.9","2238","6.9"
"Dubin, Shawn",681869,2025,29,"33.2",145,6,28,19.3,7.6,"0.807","19","19","0","5.08",,"99","43","12","4","9","0",".238",".368",".351",".300","87.8","10.7",30.8,4.8,3.8,40.4,"76.061319423","93.907752788",20.7,44.6,35.3,"33.9","94.3","2296",,,,,"14.5","87.7","1599","-2.5","14.5","81.7","2653","-14.8","16.2","93.9","2151","8.3","3.4","88.9","2595","8.6",,,,,"17.4","83.3","2846","0.2"
"Pilkington, Konnor",663455,2025,27,"28.1",123,7,34,27.6,13.8,"0.804","14","16","0","4.45",,"74","53","14","4","9","3",".261",".524",".346",".385","90.6","17.1",50,15.7,2.9,44.3,"79.376078286","95.251717143",29.1,44.6,29.4,"59","94.5","2359","19","85.4","2445","1","21.6","85.6","1739","0.7","0.4","81.6","2480","-3.2",,,,,,,,,,,,,,,,
"Long, Sam",669674,2025,29,"40.1",189,7,33,17.5,11.6,"0.848","24","31","0","5.36",,"126","52","13","5","5","0",".264",".426",".369",".344","88.1","14.3",29.5,8.3,6.1,42.4,"76.127649091","94.180791145",19.1,46.1,48.8,"35.5","93.2","2310","25.7","84.9","2261","2.8",,,,,"18.6","76.9","2597","-13.2","10.6","92.6","2200","8.2",,,,,"9.3","86.4","1591","4.6","0.4","82.9","2607","0.3"
"Johnson, Pierce",572955,2025,34,"59.0",238,8,59,24.8,8,"0.703","20","21","0","3.05",,"205","93","28","10","17","4",".229",".384",".302",".294","90.4","17.2",37.7,8.8,2.5,42.8,"80.649012025","94.362369045",26.2,44.2,39.3,"22.4","95.3","2352",,,,,,,,,"72.1","85.8","2914","-4.3",,,,,"5.5","92.5","2563","10.8",,,,,,,,
"Nicolas, Kyle",693312,2025,26,"38.0",167,3,34,20.4,10.8,"0.679","20","21","0","4.74",,"91","74","17","4","12","6",".240",".379",".303",".318","90","14.3",32.7,7.1,1.8,38.9,"79.652483571","94.404391607",29.4,47.5,47.5,"50.8","97.6","2364","26.8","90.4","2579","0.8","0.2","92.6","1992","11.2","22.1","83.8","2678","-12.3","0.2","96.4","2061","11.3",,,,,,,,,,,,
"Fernández, Julian",642759,2025,29,"5.0",20,2,5,25,10,"0.750","3","3","0","5.40",,"9","9","0","0","0","0",".326",".625",".317",".431","92.4","8.7",30.8,15.4,0,53.8,"82.779494286","96.720153077",26.3,50,47.6,"68.4","97.4","2387",,,,,"31.6","86.2","1665","6.8",,,,,,,,,,,,,,,,,,,,
"Rashi, Taylor",688497,2025,29,"16.1",72,0,22,30.6,11.1,"0.646","8","8","0","4.41",,"67","31","1","1","2","1",".238",".357",".293",".305","89.3","12.1",35.7,4.8,2.4,42.9,"78.322701429","94.513578095",29.3,38.6,71.4,"55.8","90","2201","11","83.1","2104","2.2",,,,,"8.8","74.9","1973","-9.2",,,,,,,,,"24.5","84.7","1300","6.3",,,,
"Ortiz, Luis L.",682847,2025,26,"88.2",382,12,96,25.1,11,"0.708","43","44","0","4.36",,"269","176","0","0","8","2",".250",".433",".312",".335","91.8","9.4",32.9,10.3,2.5,47.7,"81.226247","95.788528",28.9,46.5,21.9,"29.4","96.4","2279","25.9","85.5","2389","0.9","12.9","89.4","1462","2.6",,,,,"19.5","95.5","2293","3","12.3","91.1","2338","9.2",,,,,,,,
"Quintana, Jose",500779,2025,36,"131.2",556,18,89,16,9,"0.697","58","65","0","3.96",,"389","142","0","0","11","2",".273",".451",".308",".348","88.7","13.1",35,9.7,3.9,41.7,"77.284315171","94.323604352",18.4,43.2,41.5,"11.7","90.4","2095",,,,,"22.1","85.6","1354","3.7","14.5","78.2","2178","-6.1","44","90.5","2094","12.1",,,,,,,,,,,,
"Mlodzinski, Carmen",669387,2025,26,"99.0",419,8,89,21.2,6.4,"0.710","39","42","0","3.55",,"280","154","6","1","15","7",".263",".394",".312",".313","90.2","8.6",34.8,6,5,40.1,"79.93386863","94.732405308",23,46.6,30.3,"36.6","96.1","2144","14.3","88.7","2469","2.5",,,,,"8.8","84.8","2631","-10.7","14.6","95.8","2100","6.3","0.2","94.5","2311","9.2","15.2","87.6","1719","-0.7","10.3","83.9","2537","4.7"
"Alexander, Tyler",641302,2025,30,"97.2",423,9,82,19.4,7.1,"0.738","54","62","0","4.98",,"272","143","21","7","24","10",".281",".427",".318",".329","88.5","16.6",37.3,5.8,7.5,39.6,"77.131036107","94.163849394",21.5,48.8,32.7,"26.1","90.8","2234",,,,,"16","83.3","1520","2.5",,,,,"18.4","90.5","2097","9.3","17.1","86.9","2344","9.4",,,,,"22.4","80.2","2484","4.8"
"Thomas, Connor",671162,2025,27,"5.1",31,3,5,16.1,6.5,"1.369","12","12","0","20.25",,"22","6","1","1","1","0",".370",".682",".545",".480","93.2","13.7",52.2,13,4.3,56.5,"81.943926364","97.324945455",11.8,42.9,29.2,"4.2","90.3","2303",,,,,"18.5","84.5","1368","-3.2",,,,,"37.8","89.6","2244","0.8","22.7","86.8","2599","4.3",,,,,"16.8","83.3","2551","-4.5"
"De León, José",592254,2025,32,"6.2",28,1,8,28.6,10.7,"0.833","3","3","0","4.05",,"16","15","0","0","2","0",".231",".309",".367",".285","82","26.4",35.3,0,5.9,23.5,"72.33116","90.535150588",30.2,52.5,26,"47.5","90.6","2237","15.8","82.4","2288","2.4","12.9","83.5","1806","3.5",,,,,,,,,,,,,,,,,,,,
"Chivilli, Angel",683409,2025,22,"58.2",275,13,43,15.6,8.4,"0.898","46","49","0","7.06",,"129","143","27","8","21","6",".272",".466",".387",".354","89.9","5.6",31.5,9.9,2,42.9,"78.22648598","95.137926207",29.7,50.1,34.5,"45.9","97.1","2308","17.5","90.2","2160","4","36.6","88.7","1848","7",,,,,,,,,,,,,,,,,,,,
"Rodón, Carlos",607074,2025,32,"195.1",789,22,203,25.7,9.3,"0.593","67","74","0","3.09",,"547","375","0","0","14","7",".209",".343",".266",".285","88.6","12.8",32.3,7.5,5.4,38.9,"77.269631895","94.179910283",30.3,45.5,44.4,"41.8","94.1","2347","28.4","85.9","2633","-0.8","16.2","85","1650","3.7","3.8","80.3","2719","-13.1","9.6","91.9","2256","6.3","0.2","92.4","2383","7.5",,,,,,,,
"Fernandez, Ryan",681676,2025,27,"30.1",140,6,34,24.3,11.4,"0.899","26","30","0","7.71",,"67","74","8","4","9","7",".227",".394",".382",".311","89.5","13.3",30.3,11.2,2.2,43.8,"78.815764667","94.366684607",32.1,50,56.3,"37.8","95.2","2208","47.1","86.7","2671","0.4","8","87.2","1435","5.3",,,,,,,,,"7.1","91.3","2355","10",,,,,,,,
"Gasser, Robert",688107,2025,26,"5.2",29,1,5,17.2,13.8,"0.770","2","6","0","3.18",,"18","10","0","0","3","3",".209",".391",".350",".348","92.4","25.3",22.2,11.1,11.1,44.4,"81.66516","96.566847059",25,39.2,27.9,"34.3","92.9","2196",,,,,"10.8","88.9","1892","2.2",,,,,"18.6","93.2","2046","8.6","2.9","89.4","2393","7.4",,,,,"33.3","82","2416","5.1"
"Jameson, Drey",686753,2025,27,"3.0",13,0,0,0,23.1,"1.138","1","2","0","3.00",,"7","3","0","0","0","0",".408",".517",".488",".470","89.7","6",50,0,10,40,"78.362868","94.563921",20,37.7,40.3,"18.9","98.3","2329","26.4","87.6","2515","1.7","24.5","90.2","2012","2.8",,,,,"30.2","96.5","2074","5.6",,,,,,,,,,,,
"Morejon, Adrian",670970,2025,26,"73.2",286,2,70,24.5,5.9,"0.471","17","23","0","2.08",,"206","102","45","5","20","8",".222",".306",".208",".253","85.9","5.1",30.2,4,9.5,30.7,"73.965707188","92.96996724",23.8,48,43.3,"3.1","96.8","2482","24.6","87.5","2847","-1.2","6.6","90.5","1328","2.6",,,,,"61.7","97.7","2419","10.5","3.5","94","2579","13.2",,,,,,,,
"Brebbia, John",605154,2025,35,"23.1",115,5,26,22.6,10.4,"0.901","20","23","0","7.71",,"81","38","7","3","9","2",".231",".393",".388",".326","90.1","21.5",31.9,9.7,4.2,45.8,"78.430848889","95.303762778",19.8,47.3,38.7,"49","92.6","2240","43.4","84","2596","4.2","6.8","86.4","1767","7.8","0.9","73.9","2333","-7.5",,,,,,,,,,,,,,,,
"La Sorsa, Joe",686747,2025,27,"6.2",33,4,2,6.1,6.1,"1.326","8","9","0","10.80",,"23","4","0","0","1","0",".286",".514",".552",".361","89.5","22.3",51.7,13.8,10.3,20.7,"81.26477","93.326728148",11.4,44,24.9,"25","92.5","2193",,,,,"14","85.2","1404","3.8",,,,,"39","91.7","2147","6.2",,,,,,,,,"22","78.4","2174","0.4"
"Tinoco, Jesus",622786,2025,30,"19.1",80,1,10,12.5,10,"0.682","11","12","0","5.12",,"62","22","5","1","3","3",".242",".350",".297",".295","88.1","12.8",29,1.6,4.8,25.8,"78.828263667","92.738782833",16.5,43.8,21,"10.2","95.2","2303","42.8","85.1","2469","2.3","15.1","89.2","1572","0.9",,,,,"31.9","95.2","2223","4.6",,,,,,,,,,,,
"Adam, Jason",592094,2025,33,"65.1",270,4,70,25.9,9.3,"0.573","14","18","0","1.93",,"163","162","13","6","12","3",".197",".304",".256",".259","88.8","15",22.8,7,3.5,38,"78.701433176","93.56960574",33.3,48.9,37.6,"22.7","94.6","2586","35.1","83.9","2603","-1.9","33.4","88.2","2040","3.6",,,,,,,,,"0.3","85.9","2516","5.3",,,,,"8.5","77.5","2573","-3.6"
"Suárez, Albert",544150,2025,35,"11.2",44,0,10,22.7,4.5,"0.598","3","4","0","2.31",,"25","14","2","2","0","0",".206",".316",".251",".251","87.5","16.5",41.9,3.2,0,32.3,"77.799056875","92.783557097",24.1,48,40.7,"43.4","93.8","2390",,,,,"11","85.7","2038","8.4","12.7","80","2349","-6.1",,,,,"19.7","86.2","2186","9.6",,,,,,,,
"Matz, Steven",571927,2025,34,"76.2",309,8,59,19.1,3.6,"0.676","26","31","0","3.05",,"227","85","32","10","13","3",".233",".395",".291",".284","88.4","10.7",31.6,6.3,4.2,40.5,"76.773139914","94.236201645",18.8,48.6,34.4,,,,"1.6","88.6","2212","5.8","18.2","83.8","2423","-0.3","21.8","79.5","2290","-10.5","58.4","94.5","2246","11.2",,,,,,,,,,,,
"Pérez, Cionel",672335,2025,29,"21.2",110,3,21,19.1,16.4,"0.938","20","22","0","8.31",,"72","39","9","3","3","2",".214",".311",".407",".307","90.6","3.4",18.8,2.9,4.3,44.9,"81.073184706","94.394608955",24.6,45.5,38,"11.2","95.5","2073","22.7","88.2","2358","2.9",,,,,,,,,"42.8","95.6","2107","7.6","1.4","91.1","2368","11.1",,,,,,,,
"Hurter, Brant",676428,2025,26,"63.0",277,4,68,24.5,9.7,"0.671","17","26","0","2.43",,"196","109","27","9","30","7",".227",".320",".303",".296","87.7","9.7",32.2,3.5,6.4,36.8,"76.585990361","93.552781024",26,44.2,28.8,"5.2","92.1","2120",,,,,"10.6","85.8","1599","1.1",,,,,"52.6","92.3","2134","3.3",,,,,,,,,"31.6","82.2","2684","1.6"
"Berríos, José",621244,2025,31,"166.0",698,26,138,19.8,8,"0.750","77","86","0","4.17",,"448","226","0","0","12","2",".259",".450",".325",".338","90.3","15",32.6,11.3,2.6,42.5,"79.761456829","94.705282256",22,46.1,38.7,"18.5","93","2127",,,,,"16.8","85.2","1555","4.4",,,,,"32.9","92.2","2027","10.7","5.9","89.6","2308","10",,,,,,,,
"Bigge, Hunter",685801,2025,27,"15.0",60,4,12,20,8.3,"0.727","4","4","0","2.40",,"28","31","0","0","0","0",".276",".520",".315",".372","92.8","13",45.2,11.9,0,52.4,"83.164287619","95.96624381",28,52,53.8,"45.4","97.5","2381","44.9","89","2335","2.7",,,,,"5.7","81.7","2320","-15.4","3.5","95.8","2226","15.7",,,,,"0.4","87.9","669","9.1",,,,
"Garcia, Luis",677651,2025,28,"7.2",27,2,7,25.9,0,"0.494","3","3","0","3.52",,"15","12","0","0","1","0",".150",".361",".210",".232","85.7","33",15.8,15.8,21.1,26.3,"72.240718","94.070068421",23.5,48.1,37.6,"49.1","91","2394",,,,,"4.7","82.5","1797","9.6","12.3","73","2436","-11.7",,,,,"25.5","82","2190","5.5",,,,,"8.5","75.5","2448","-0.4"
"Holton, Tyler",663947,2025,29,"78.2",312,15,64,20.5,5.4,"0.674","32","34","0","3.66",,"203","121","41","9","30","8",".253",".410",".288",".303","87.7","10.2",31.2,8.2,8.2,37.7,"75.511923982","94.106642522",24.6,47.6,40.5,"11.2","92","2257",,,,,"14.6","84.6","1642","4.7","3.5","80.4","2806","-15","21.8","91.4","2163","9.6","30.2","88.7","2352","8.5",,,,,"18.6","81.4","2740","0.8"
"Leiter Jr., Mark",643410,2025,34,"48.1",219,5,54,24.7,7.8,"0.782","26","31","0","4.84",,"143","94","36","15","26","6",".237",".361",".343",".301","87.2","13.8",29.2,5.6,4.9,33.3,"75.677094507","93.340015141",29.1,45.4,50.1,"0.7","93.2","2111","2","83.6","2235","-3.1",,,,,"25.5","74.1","2287","-17.5","38.7","93.7","2026","13.5","2.5","91","2092","8.3","30.5","85.8","675","4.1",,,,
"Svanson, Matt",694335,2025,26,"60.1",234,3,68,29.1,8.5,"0.492","13","14","0","1.94",,"190","88","26","13","3","0",".203",".329",".225",".274","89.1","9.8",39.4,8.5,4.2,35.9,"78.330131857","94.20207",23.1,44.1,31.7,"1.3","96.5","2257",,,,,,,,,,,,,"47.4","96.8","2263","9.7","16.4","92.2","2282","6.5",,,,,"34.9","87.1","2261","2.8"
"Abbott, Andrew",671096,2025,26,"166.1",684,19,149,21.8,6.3,"0.659","53","60","1","2.87",,"434","284","0","0","14","4",".235",".378",".288",".294","87.8","19.3",34.8,8,5.9,33.7,"77.083824","93.25435499",24,50,47.5,"47.2","92.8","2275",,,,,"19.6","84.8","1984","10.2","15.1","81","2800","-3.2",,,,,"4.3","88.6","2501","8.4",,,,,"13.8","82.8","2782","3.4"
"Clase, Emmanuel",661403,2025,27,"47.1",201,2,47,23.4,6,"0.654","17","20","0","3.23",,"104","112","2","1","2","0",".231",".334",".285",".277","88.2","12.6",34.1,5.1,5.8,38.4,"77.233822174","93.803160511",32.1,54.3,51.3,,,,"30.2","88.5","2504","1.8",,,,,,,,,"0.8","98.3","2418","13","69","98.9","2600","12.5",,,,,,,,
"Parker, Mitchell",680730,2025,25,"164.2",725,25,103,14.2,8,"0.797","104","116","0","5.68",,"397","232","4","0","19","5",".301",".492",".342",".367","92.3","14.7",37.5,9.6,3.2,50,"82.502658484","95.835160597",19.6,51.2,60.9,"55.5","93","2168","11.9","85","2267","2.6",,,,,"22","81.1","2280","-7",,,,,,,,,"10.6","85.4","975","9",,,,
"Kranick, Max",668820,2025,27,"37.0",150,5,25,16.7,4.7,"0.653","15","15","0","3.65",,"69","50","23","9","4","2",".263",".442",".283",".328","90.2","18.1",33.1,9.3,4.2,44.9,"79.798507931","94.664708261",20.7,55.6,42.3,"39.4","95.5","2278","39.2","89.9","2181","7.9",,,,,"11.9","79.1","2478","-8.5","1.7","95.7","2258","16.2",,,,,,,,,"7.8","82.5","2243","6.4"
"Dobnak, Randy",677976,2025,30,"5.1",19,1,1,5.3,10.5,"0.505","1","1","0","1.69",,"11","4","1","0","0","0",".289",".504",".226",".374","94.4","11.8",31.3,6.3,0,56.3,"84.3648625","97.02669375",16.1,39.2,22.7,"12.7","92.3","2028","27.8","82.2","2376","-3.6","24.1","84.9","1157","-6",,,,,"35.4","92","1919","2",,,,,,,,,,,,
"Gore, MacKenzie",669022,2025,26,"159.2",679,20,185,27.2,9.3,"0.727","74","75","0","4.17",,"383","344","0","0","14","6",".244",".409",".318",".322","90.4","16",35.9,10.6,4.5,44.1,"79.811918815","94.95579848",29.7,49.4,45,"49.3","95.3","2260","11.8","86.7","2096","2.1","10.3","86.2","2093","8.3","24","81.6","2344","-13",,,,,"4.7","90.3","1966","8",,,,,,,,
"Tong, Jonah",804636,2025,22,"18.2",87,3,22,25.3,10.3,"0.873","16","20","0","7.71",,"73","32","0","0","3","1",".270",".438",".376",".346","89.3","14.7",37.5,14.3,1.8,42.9,"78.221874643","94.193952321",22.1,43.9,64.4,"57.4","95.2","2266","2.7","87.1","2241","2.1","27.5","85.8","1637","8.9","12.4","77.5","2604","-16.4",,,,,,,,,,,,,,,,
"Guenther, Sean",674944,2025,29,"10.1",43,0,8,18.6,11.6,"0.665","6","7","0","5.23",,"34","12","3","0","6","4",".289",".451",".303",".362","90.1","16.2",36.7,6.7,10,43.3,"78.284956429","95.435334444",18.8,41.6,44.6,"2.6","90.3","2065","34.4","78.7","2299","-4",,,,,,,,,"40.9","89.9","2036","5.6",,,,,"22.1","83.1","1359","2.6",,,,
"Bieber, Shane",669456,2025,30,"40.1",159,8,37,23.3,4.4,"0.681","16","16","0","3.57",,"113","73","0","0","4","1",".265",".461",".293",".329","93.2","9.7",36,12.3,0.9,48.2,"84.085081228","95.836548158",27.9,46.2,39.2,"35.7","92.6","2414","20.3","85.5","2611","-0.8","12.9","89.1","1396","-0.6","18.6","82.6","2533","-12.4",,,,,"12.6","87.4","2551","7",,,,,,,,
"Rogers, Taylor",573124,2025,34,"50.2",221,7,53,24,10.4,"0.769","19","25","0","3.38",,"184","91","32","18","18","7",".235",".395",".329",".314","90.1","13.1",34.5,9.9,4.9,44.4,"78.819542143","94.992561511",23.2,44.3,29.4,"0.1","93.9","2237",,,,,,,,,,,,,"49","92.7","2169","8",,,,,,,,,"50.9","78.2","2841","0.4"
"Selby, Colin",681882,2025,27,"14.0",60,2,14,23.3,3.3,"0.731","5","5","0","3.21",,"31","21","5","1","1","0",".233",".419",".315",".291","90.8","7.4",36.4,13.6,2.3,50,"79.897166364","95.538184884",29,50,48.4,"15","95.8","2273","16.8","88.1","2537","2",,,,,"26.2","83.2","2840","-14.4","42.1","95.5","2211","10.6",,,,,,,,,,,,
"Muñoz, Roddery",682610,2025,25,"11.0",51,4,14,27.5,17.6,"0.935","10","10","0","8.18",,"29","31","5","2","2","1",".283",".558",".390",".422","92.7","17.7",46.4,14.3,3.6,50,"83.955514286","95.367035926",30.7,49.8,38.7,"16.2","96","2386","30.6","88.1","2438","-4.5","2.6","90.2","1826","5.4",,,,,"21.4","95.5","2308","6.3","29.3","91.9","2439","7.3",,,,,,,,
"Gordon, Tanner",685299,2025,27,"75.1",337,16,62,18.4,5,"0.876","53","60","0","6.33",,"179","106","0","0","10","6",".299",".520",".374",".368","90.1","17",42.4,11.4,5.1,41.2,"78.86339336","94.88351372",18,53.2,42.9,"52.8","92.3","2250","25.1","84.2","2100","2.1","21.1","83.2","2106","7.4","1","80.8","2172","-2.2",,,,,,,,,,,,,,,,
"Cano, Yennier",666974,2025,31,"58.0",251,7,53,21.1,9.6,"0.782","33","36","0","5.12",,"177","95","21","10","15","5",".235",".344",".342",".298","88.1","6.1",27.1,4.7,4.1,35.3,"77.245823494","93.617649337",23.5,45.2,17,"11.3","94.9","2195","20.2","86.2","2461","-0.2","12.5","91.8","1850","2",,,,,"46","95.1","2064","-1.3","2.8","92","2146","2.6","7.2","90.6","1468","-4.3",,,,
"Henriquez, Ronny",678692,2025,25,"73.0",303,8,98,32.3,8.9,"0.611","18","23","0","2.22",,"181","177","35","14","9","0",".184",".342",".269",".269","88.3","15.8",33.9,10.9,5.7,42.5,"76.803106744","94.152020702",36,49.4,41.9,"29.7","96.7","2497","23.3","87.7","2525","4.7","16.6","91.7","1604","3.5",,,,,"2.1","95","2413","9.8",,,,,,,,,"28.3","85.4","2582","1.2"
"Birdsong, Hayden",806185,2025,23,"65.2",298,10,68,22.8,12.4,"0.772","35","42","0","4.80",,"181","120","2","2","15","8",".229",".406",".338",".330","89.8","20",36.2,9.6,4.3,46.8,"79.24058734","94.684951497",28.4,43.7,48.2,"44.1","95.5","2404","24.4","88.9","2385","7.1","16.8","88.7","1318","0","12.9","80.3","2823","-12.7",,,,,,,,,,,,,,,,
"Melton, Troy",675512,2025,24,"45.2",180,7,36,20,8.3,"0.609","14","15","0","2.76",,"104","65","4","1","5","1",".210",".392",".268",".294","90.8","14.2",32,8.6,3.1,49.2,"80.776966719","95.062617874",23.3,48.3,36.5,"40.2","97.1","2243","23.5","85.5","2430","-1.3",,,,,"5.3","78.8","2458","-9.5","12","95.6","2148","10.4","10.8","90.9","2363","5.7","8.1","88.2","1273","0.6",,,,
"Keller, Brad",641745,2025,29,"69.2",276,4,75,27.2,8,"0.512","16","18","0","2.07",,"201","117","13","3","7","3",".200",".296",".238",".263","86.7","6.5",29.5,5.8,6.4,30.6,"75.762503605","92.819687251",26.9,45.1,47.1,"42.6","97.2","2381","18.4","87.1","2638","-3","11.7","92.7","1725","6.4",,,,,"14","96.7","2189","10.3",,,,,,,,,"13.3","86.3","2720","3.3"
"Leasure, Jordan",673929,2025,26,"64.1",269,12,81,30.1,11.2,"0.723","28","30","0","3.92",,"143","145","26","9","10","3",".192",".339",".312",".278","89.1","24.3",36.9,10.8,3.2,37.6,"78.435208846","94.011580968",31.9,48.8,53.3,"53.5","96.2","2382","42.5","87.3","2443","3.2",,,,,,,,,"1.2","95.8","2303","18.7",,,,,"2.7","87.1","908","10.1",,,,
"Beck, Tristan",663941,2025,29,"56.2",232,7,41,17.7,6.9,"0.659","29","29","0","4.61",,"140","78","9","1","9","3",".263",".428",".286",".327","90.1","14.7",34.7,8.7,2.3,38.2,"80.599342326","94.12311386",22.9,49.1,42.9,"33","94.7","2130","21.3","89.8","2486","6.3",,,,,"17.3","80.6","2364","-14.4",,,,,,,,,,,,,"28.4","83.1","2808","-1.7"
"Morales, Luis",806960,2025,22,"48.2",199,8,43,21.6,9,"0.683","17","18","0","3.14",,"136","74","0","0","5","0",".240",".434",".297",".325","89","18.9",32.8,10.9,2.9,41.6,"77.2372225","94.558966912",23.5,44,39.3,"52.4","97.3","2520","8","85.8","2879","2","13","89.8","2075","10.6",,,,,,,,,,,,,,,,,"26.6","82.3","2999","-2.8"
"Fairbanks, Pete",664126,2025,31,"60.1",244,7,59,24.2,7.4,"0.611","19","22","0","2.83",,"161","111","6","0","4","0",".220",".328",".269",".272","90.2","14.3",28.9,4.8,3,42.8,"80.555249878","94.165084049",26.1,50.6,58.5,"51.1","97.3","2433","39.8","85.3","2534","-5.4","4.9","94.2","1966","8.6",,,,,,,,,"4.3","90.5","2457","3.4",,,,,,,,
"Basso, Brady",669620,2025,27,"11.2",56,0,8,14.3,16.1,"0.673","3","4","0","2.31",,"30","17","5","2","8","1",".254",".315",".307",".312","89.8","6.1",17.9,2.6,0,38.5,"79.237158","94.400636667",20.2,48.1,52.8,"50.5","92.7","2331",,,,,"10.2","86.2","1822","5.2","17.5","77.7","2306","-13.1","4.9","92.1","2280","14.8","17","87.9","2192","7.5",,,,,,,,
"Romero, JoJo",668941,2025,28,"61.0",255,2,55,21.6,11.4,"0.597","14","21","0","2.07",,"207","101","26","3","24","6",".220",".332",".265",".287","87.3","5.1",28.6,7.1,6,35.1,"75.560028293","93.63772638",27,41.5,30.7,"6","94.2","2313","38","83","2816","-0.8","22.5","87.3","1387","0.4",,,,,"32.2","93.7","2174","2.7","0.1","90","2233","4.8",,,,,,,,
"Miller, Shelby",571946,2025,34,"46.0",186,5,54,29,8.1,"0.603","14","17","0","2.74",,"118","106","14","4","3","1",".229",".370",".260",".289","89.3","15.7",36.3,8.8,4.4,42.5,"77.622792143","94.659739196",31.7,50.5,43.9,"62.1","95.1","2452","0.7","90.9","2411","10.9",,,,,,,,,,,,,,,,,"28.8","86.9","1940","4.6","8.4","83.5","2597","2.2"
"Winckowski, Josh",670174,2025,27,"11.2",52,0,9,17.3,9.6,"0.622","5","7","0","3.86",,"22","21","2","1","0","0",".302",".475",".281",".376","89.9","6.1",35.1,13.5,8.1,54.1,"78.26791","96.008135429",26.7,50.7,54.4,"29.5","94.7","2203","13","86.2","2333","-1.8","15.9","91.8","1762","5.6",,,,,"18.8","94.7","2074","9.5","22.7","89.6","2223","2.1",,,,,,,,
"Rogers, Tyler",643511,2025,34,"77.1",299,4,48,16.1,2.3,"0.550","17","20","0","1.98",,"194","79","15","7","4","1",".247",".307",".241",".256","85.8","-2.9",26,2.1,7.4,33.1,"73.504614202","93.082203445",15.9,54.6,-60.7,,,,"25.5","74.1","2425","13.9",,,,,,,,,"74.5","83.5","1973","-13",,,,,,,,,,,,
"Hart, Kyle",606996,2025,32,"43.0",179,9,37,20.7,7.3,"0.744","28","28","0","5.86",,"137","58","2","0","15","11",".218",".387",".320",".294","88.5","20.2",34.6,7.9,6.3,39.4,"77.047599355","94.040645",19.9,44.3,34.6,"15.9","91.4","2204","10.4","87.3","2319","8","14","83.2","2075","6.2",,,,,"21.9","91.5","2139","9",,,,,"4.5","85","1233","-0.9","33.3","81.3","2623","4.4"
"Laweryson, Cody",689520,2025,27,"7.2",26,0,7,26.9,0,"0.327","1","2","0","1.17",,"24","10","0","0","0","0",".207",".253",".141",".218","86.7","17.4",31.6,0,10.5,31.6,"76.004865556","92.724093889",25.5,50.5,30.4,"62.4","93.2","2385",,,,,"26.9","83.4","1869","5.8",,,,,,,,,"10.8","85.3","2397","3.5",,,,,,,,
"Santos, Gregory",666619,2025,25,"7.0",36,0,0,0,22.2,"0.864","4","6","0","5.14",,"18","6","0","0","3","1",".297",".452",".373",".389","89.6","6.3",21.4,7.1,7.1,39.3,"78.382035","94.862442593",10.7,42.4,36.4,,,,"61.4","88.5","2508","1.9","1.5","93.8","2411","9.3",,,,,"37.1","97.4","2386","8.9",,,,,,,,,,,,
"Montas, Frankie",593423,2025,32,"38.2",178,8,32,18,7.9,"0.890","27","29","0","6.28",,"108","78","0","0","6","2",".282",".469",".380",".350","88.5","14.6",30.5,11.5,5.3,40.5,"76.120782769","94.543882868",23.8,48.6,47,"24.3","95.6","2358","16","86.7","2474","2.2",,,,,,,,,"18.4","95.1","2244","10.2","10.2","91.4","2350","8","20.6","86.3","1585","3.2","10.6","84.7","2446","9"
"Bergert, Ryan",686701,2025,25,"76.1",323,8,73,22.6,10.8,"0.654","31","32","0","3.66",,"208","120","0","0","17","5",".239",".402",".290",".320","90","20",40.7,7,2.8,36.4,"80.998547642","93.790266132",23.9,46.9,49.2,"42.5","93.4","2406","24.8","87.4","2626","3.6","7.5","87.6","1501","7.5","0.6","82.6","2699","-10.7","6.6","92.5","2327","14",,,,,,,,,"18","82.6","2816","-0.7"
"Owens, Tyler",687074,2025,24,"3.0",15,0,1,6.7,20,"0.650","1","1","0","3.00",,"13","3","1","0","3","0",".330",".439",".315",".402","90.6","5.3",45.5,0,9.1,45.5,"79.266176667","95.636643636",17.4,34.8,45.6,"42.4","95.5","2227","22.7","88","2522","-0.5",,,,,,,,,,,,,"27.3","94.2","2282","9","7.6","90.1","1240","4.2",,,,
"Henry, Cole",669371,2025,25,"52.2",241,7,52,21.6,13.3,"0.725","25","27","0","4.27",,"155","90","34","12","24","4",".213",".361",".328",".326","88.8","23.3",31.5,7.5,4.8,37,"77.547687397","94.270835034",25.6,42.8,22.7,"51.2","94.4","2536",,,,,"2.8","87.3","2251","3.4","32.9","80.8","2614","0.5","9.5","94.5","2337","7.3","3.6","87.7","2444","6.1",,,,,,,,
"Ashcraft, Graham",668933,2025,27,"65.1",284,2,64,22.5,8.8,"0.695","29","37","0","3.99",,"165","136","27","5","21","8",".243",".330",".309",".288","84.8","4.7",30.3,4.1,8.7,32.3,"71.427445106","93.12468016",29.8,50,55.1,,,,"45.9","89.8","2950","-2.2",,,,,,,,,,,,,"54.1","97.1","2599","9.7",,,,,,,,
"Saalfrank, Andrew",685314,2025,27,"29.0",113,1,19,16.8,8.8,"0.514","4","5","0","1.24",,"70","41","18","10","1","0",".241",".404",".229",".306","88.9","12.4",34.5,7.1,2.4,40.5,"78.468488333","93.839457381",27.9,47.1,48.8,"13.3","89.2","2359",,,,,,,,,"44.7","79.7","2202","-9.3","41.9","89.3","2293","4.7",,,,,,,,,,,,
"Ramírez, Erasmo",541640,2025,35,"11.0",42,2,5,11.9,4.8,"0.722","3","4","0","2.45",,"21","11","4","0","0","0",".294",".471",".297",".328","85.1","17.8",42.9,8.6,11.4,31.4,"71.465807778","93.638956",15,50.6,32.6,"5.7","90.4","2253",,,,,"11.4","83.7","1686","7.2","5.7","81.5","2347","-0.1","31.6","90.7","2197","6.3","45.6","88.8","2335","11.8",,,,,,,,
"Cantillo, Joey",676282,2025,25,"95.1",401,10,108,26.9,10.5,"0.652","34","39","0","3.21",,"317","192","8","1","15","3",".230",".363",".289",".299","89.5","12.5",34.3,7.2,5.2,41.8,"78.3463956","94.47711972",29.7,43.2,53.3,"42","91.7","1842","8.7","85.1","2014","5.6","30.5","78.3","1512","12.4","18.8","77.3","2650","-18",,,,,,,,,,,,,,,,
"Darrell-Hicks, Michael",690382,2025,27,"9.2",43,1,8,18.6,9.3,"0.738","8","8","0","7.45",,"26","18","4","2","0","0",".302",".537",".322",".407","91.4","14.5",50,16.7,0,56.7,"82.441860667","95.217127",26.1,43.7,32.1,"4.4","95.2","2406",,,,,,,,,,,,,"43","94.3","2266","9.8","33.5","87.4","2573","3.1",,,,,"19","83.2","2749","-0.4"
"Toussaint, Touki",657053,2025,29,"2.0",11,0,3,27.3,9.1,"0.955","2","2","0","9.00",,"7","5","0","0","0","0",".250",".331",".417",".290","89.6","4.9",42.9,14.3,0,28.6,"81.80423","93.65363",35.3,45.9,31.1,,,,,,,,,,,,"18.9","77.5","2441","-11.3","56.8","91.8","2178","7.2",,,,,"24.3","87.5","1544","1.4",,,,
"Abel, Mick",690953,2025,23,"39.0",174,8,39,22.4,9.2,"0.810","27","28","0","6.23",,"106","77","0","0","4","2",".271",".449",".351",".345","91.3","15.9",38.1,8.5,0.8,49.2,"81.778570339","94.893442881",25.4,49.7,28.6,"43.2","96.4","2541","11.5","87.3","2419","1.1","8.8","89.1","1704","3.1","22.8","82.7","2677","-9.3","12.1","95.4","2473","9.6",,,,,,,,,"1.7","85","2800","-1.9"
"Richardson, Lyon",680689,2025,25,"37.2",172,2,30,17.4,12.2,"0.721","19","25","0","4.54",,"131","51","12","5","16","6",".275",".400",".311",".342","89.9","6.1",34.5,5.9,2.5,46.2,"78.557465667","94.882098151",22.3,40.5,31.3,"20.5","95.7","2374","0.3","83.1","2638","-2.9","40.5","86.6","1791","2.3","9.6","79.2","2541","-8.2","29.1","95.1","2289","8",,,,,,,,,,,,
"Ober, Bailey",641927,2025,29,"146.1",624,30,120,19.2,5,"0.808","83","84","0","5.10",,"355","265","0","0","15","1",".252",".455",".344",".322","89.6","22.5",33.8,10.9,4.1,39.1,"78.771571293","94.459521595",24.1,51.7,31.6,"35.7","90.2","2288","17.6","83.7","2030","6.3","28.9","83.3","2029","5.8","3.8","75.3","2087","-7.9","3.4","90.3","2135","11",,,,,,,,,"10.6","78.5","2100","1"
"Blanco, Ronel",669854,2025,31,"48.1",199,7,48,24.1,10.1,"0.669","22","22","0","4.10",,"124","112","0","0","5","1",".200",".343",".292",".276","85.9","17.7",25.2,8.4,9.2,30.5,"74.409075313","92.826420709",32,47.6,45.5,"35.7","93.2","2260","31.5","85.5","2134","6.4","12.5","84.4","1513","6.2","20.3","80.2","2213","-1.5",,,,,,,,,,,,,,,,
"Young, Danny",664849,2025,31,"8.1",37,0,13,35.1,8.1,"0.642","4","5","0","4.32",,"40","15","1","0","4","2",".220",".261",".298",".264","86.9","-2.8",30,0,10,30,"76.995647","92.759951053",33.3,32.3,14.8,,,,,,,,,,,,,,,,"55.1","92.9","2366","2.4","3.2","90.1","2401","6.7",,,,,"41.8","82.2","2786","0.1"
"Brown, McCade",685326,2025,24,"25.2",126,6,23,18.3,13.5,"0.937","21","21","0","7.36",,"79","49","0","0","8","1",".265",".478",".405",".383","91.7","16.2",42,9.9,2.5,45.7,"82.620977317","95.201578765",23.3,44.4,30.5,,,,"19.4","85.3","2509","2.6","5.6","87.6","2053","6.3","18","78.7","2633","-12","57.1","94.3","2322","12.9",,,,,,,,,,,,
"Boyd, Matthew",571510,2025,34,"179.2",718,19,154,21.4,5.8,"0.657","64","69","0","3.21",,"429","286","0","0","4","1",".242",".390",".287",".301","88.5","18",31.4,9,4.5,38,"77.347035336","93.962286673",23.1,51.5,25.1,"46.5","93.3","2319","14.9","82","2485","0.3","23.7","78.7","1818","5.7","11.3","73.5","2326","-8.5","3.7","92","2281","8.9",,,,,,,,,,,,
"Ross, Joe",605452,2025,32,"51.0",228,8,39,17.1,7.9,"0.839","29","30","0","5.12",,"116","82","11","4","8","4",".289",".509",".356",".371","89.3","11",38.1,11.9,4.8,43.5,"77.508137349","94.873628303",22.4,50.8,34.6,"37.2","94.2","2218","22.2","87.2","1958","3","8.6","90.1","1954","5.6","5.3","83.5","2061","-4.9","26.7","94.7","2176","9.7",,,,,,,,,,,,
"Stanek, Ryne",592773,2025,33,"56.0",255,7,58,22.7,12.5,"0.748","33","39","0","5.30",,"123","130","15","5","15","8",".239",".402",".330",".326","90.3","19.9",37,10.9,3,43.6,"80.257948072","94.444661758",27.8,52.5,49.5,"57.1","98.5","2349","21.4","88.7","2465","0.4",,,,,,,,,"0.1","91.7","1211","9.2",,,,,"11.9","89.3","961","5.4","9.6","84.9","2572","0.6"
"Ferguson, Tyler",621053,2025,31,"58.0",246,4,54,22,13.8,"0.660","30","32","0","4.66",,"155","104","29","3","20","5",".210",".329",".296",".298","87.5","19.3",33.1,6.5,7.8,31.8,"76.9264736","93.116137733",26,46.7,27.7,"38.4","94.8","2307",,,,,"4","86.3","1585","1.9",,,,,"14.7","94.2","2155","5.3","10.9","90","2389","6.3",,,,,"31.9","83.7","2536","1.2"
"Ferrer, Jose A.",678606,2025,25,"76.1",324,5,71,21.9,4.9,"0.707","38","41","0","4.48",,"204","137","35","11","15","8",".255",".353",".310",".296","89.1","0.8",28.3,4.8,8.7,42.2,"77.190838991","94.646342064",24.8,49.8,32.1,,,,"7.5","89.7","2403","3.4","21.9","87.8","2184","0.6",,,,,"70.6","97.7","2123","6.7",,,,,,,,,,,,
"Leiter, Jack",683004,2025,25,"151.2",646,18,148,22.9,10.4,"0.670","65","69","0","3.86",,"386","265","0","0","22","10",".238",".419",".298",".326","90.5","16.1",33.8,10.8,2.8,43.9,"80.051937028","94.832958467",24.3,47.8,45.5,"38.4","97.2","2422","23.3","87.6","2544","1.4","16.4","90.7","1523","3","9.4","81.9","2630","-9.7","12.4","96.4","2353","14.9",,,,,,,,,,,,
"Leahy, Kyle",681517,2025,28,"88.0",363,5,80,22,7.7,"0.638","30","32","0","3.07",,"217","125","29","11","19","5",".267",".409",".281",".325","89.1","10.2",37.4,9.8,4.7,44.1,"77.142256905","94.740171833",23.1,49.7,45.2,"30.4","95.4","2374","20.9","91.1","2381","5","9.6","90.3","1498","5.3","18","83.6","2421","-12.9","7.3","95.3","2235","12.2",,,,,,,,,"13.9","86.8","2698","3.3"
"Stratton, Chris",608717,2025,34,"21.0",104,4,22,21.2,9.6,"0.980","18","20","0","7.71",,"65","43","0","0","4","0",".259",".456",".414",".344","87.3","9.4",36.1,9.7,2.8,36.1,"75.308702222","93.622361667",27.3,45.5,36.6,"40.4","91.2","2427","16.5","85.8","2774","-0.7","18.2","84.7","2147","4","20.9","80.4","3056","-7.8","2.7","91.4","2320","7.7",,,,,,,,,"1.2","83.9","2900","-0.8"
"Curvelo, Luis",681168,2025,24,"19.0",84,3,20,23.8,11.9,"0.765","12","13","0","5.68",,"55","31","13","4","6","1",".224",".369",".324",".303","85.7","21.2",27.8,9.3,9.3,35.2,"72.707882593","93.477256296",22.4,45.2,34.2,"30.5","96.3","2396","40.3","84.5","2246","2.9","5.5","89","1761","10.5",,,,,"23.7","95.5","2360","11.1",,,,,,,,,,,,
"Thielbar, Caleb",573204,2025,38,"58.0",220,5,56,25.5,5.9,"0.546","17","17","0","2.64",,"144","94","35","10","13","3",".202",".317",".236",".247","87.9","19.3",29.8,6.6,2.6,31.8,"77.406978933","93.279437133",26.9,49.7,55.5,"42.1","92.8","2327","14.4","88.6","2338","5.7",,,,,"28.1","76","2607","-15.1",,,,,,,,,,,,,"15.4","80.9","2578","-0.4"
"Ginkel, Kevin",656464,2025,31,"25.2",121,2,29,24,10.7,"0.776","21","22","0","7.36",,"70","52","4","0","4","4",".229",".405",".338",".326","89.7","12.2",28.6,10.4,6.5,45.5,"78.74471","94.726929459",28.1,47,41.8,"49.3","94.9","2427","42.6","84.8","2414","-2.7",,,,,,,,,"8.1","94.5","2294","12.3",,,,,,,,,,,,
"Urquidy, José",664353,2025,30,"2.1",14,0,3,21.4,21.4,"0.864","2","2","0","7.71",,"11","9","0","0","4","0",".326",".443",".400",".411","85.5","15.9",62.5,0,12.5,37.5,"75.9415275","91.5731675",41.7,42.9,50.9,"32.1","93","2337",,,,,"28.6","84.9","2002","9.1","26.8","79.8","2835","-13.5",,,,,"12.5","88","2501","5.8",,,,,,,,
"Wilson, Bryse",669060,2025,27,"47.1",224,11,28,12.5,8.5,"0.965","35","37","0","6.65",,"130","60","3","2","8","3",".338",".569",".410",".421","91.3","17.2",39.1,10.9,2.9,45.4,"80.332000824","95.450946154",16.7,47,39.7,"17.7","92.6","2207",,,,,"17.8","85.9","1722","4.3","16.7","80.8","2447","-0.6","23.8","91.9","2121","7.6","24","88","2128","9.2",,,,,,,,
"Latz, Jacob",656641,2025,29,"85.2",348,7,76,21.8,10.6,"0.660","27","28","0","2.84",,"192","179","18","10","20","6",".246",".389",".290",".313","90","17.6",33.2,6.4,3.4,42.6,"79.249931624","94.595176581",29.4,49.2,48.9,"49.4","94.2","2280","20.9","84.4","2513","1","23.3","84.7","1982","9.9","6.4","78.3","2650","-12.3",,,,,,,,,,,,,,,,
"Estes, Joey",683155,2025,23,"11.0",55,4,6,10.9,10.9,"1.114","12","12","0","9.82",,"19","16","0","0","1","1",".275",".488",".456",".366","88.5","26.3",38.1,11.9,2.4,33.3,"79.58801381","92.745485714",17.7,51.6,38.4,"52.7","91","2335","15.1","82.5","2425","2.5","9.1","84","1441","6.1",,,,,"7.5","89.9","2163","13.3",,,,,,,,,"15.6","76.9","2502","4.5"
"Schreiber, John",670167,2025,31,"64.0",265,10,62,23.4,7.2,"0.706","27","29","0","3.80",,"176","109","55","14","19","2",".249",".413",".305",".313","88.5","15.2",35,9.3,3.8,38.3,"77.339312637","93.948012265",23.4,47.7,11.9,"31.5","93.8","2257",,,,,"2","86.1","1180","-4.4",,,,,"19.5","93.3","2221","-0.6","18.7","89.5","2477","5.7",,,,,"28.3","82.4","2580","0.7"
"Martin, Corbin",656686,2025,29,"18.0",89,4,23,25.8,10.1,"0.918","12","15","0","6.00",,"55","33","12","5","8","4",".257",".423",".394",".342","91.6","11.9",30.9,10.9,5.5,50.9,"82.562114615","95.295306154",31.1,44.6,43.5,"44.3","95.9","2480","32.2","91.9","2452","7.1","3","90.4","2249","5.4","20.5","86.7","2569","-6.6",,,,,,,,,,,,,,,,
"Erceg, Lucas",668674,2025,30,"61.1",249,4,48,19.3,7.2,"0.644","18","19","0","2.64",,"144","101","19","4","1","1",".250",".380",".283",".304","89.1","8.2",27.9,7.3,1.7,37.4,"77.802849663","94.233063785",24.7,48.7,41.4,"33","97.5","2121","29.4","85","2063","-1.4","16.7","90","1933","6.9",,,,,"20.9","97.5","1914","9.9",,,,,,,,,,,,
"Hernández, Carlos",672578,2025,28,"43.1",203,4,39,19.2,10.8,"0.768","30","32","0","6.23",,"112","92","17","6","7","4",".276",".463",".338",".359","89.7","17.7",31.4,11.4,5,38.6,"78.513255588","94.592783162",26.6,50.1,41.3,"50.9","97.7","2415","19.4","86.6","2057","2.1",,,,,"6.7","82.6","2428","-6","2.9","97.5","2362","16.1",,,,,"19.9","88.8","1255","9.6","0.3","84.6","2320","-2.6"
"Anderson, Tyler",542881,2025,35,"136.1",599,28,104,17.4,9.5,"0.803","69","73","0","4.56",,"350","257","0","0","16","5",".257",".477",".341",".347","88","21",41.8,11,6.4,36.6,"76.495283871","93.859851336",25,49,54.7,"38.1","89.3","2185","3.5","80.7","2332","5.9","34","78.7","1916","12.2","0.3","69.2","2034","-9.5","3.7","88.4","2141","10.5","20.5","84.3","2294","13.4",,,,,,,,
"Krook, Matt",640454,2025,30,"3.1",15,0,3,20,6.7,"0.967","2","2","0","5.40",,"12","7","3","1","1","0",".251",".435",".417",".321","91.3","21.6",36.4,9.1,9.1,36.4,"82.495772","94.693791",21.2,46.5,27.6,,,,,,,,"15.5","84.9","1650","-2.8",,,,,"33.8","89.6","2127","2.4","23.9","87.4","2541","5.7",,,,,"26.8","82.5","2875","0.3"
"Barnett, Mason",686930,2025,24,"22.1",104,3,18,17.3,10.6,"0.816","17","18","0","6.85",,"66","38","0","0","3","1",".233",".363",".355",".302","88.5","16.8",37.8,10.8,5.4,43.2,"76.501687297","94.457852027",21.2,45.9,56.2,"53.4","94.3","2269",,,,,"10.2","85.4","1153","1.1","15.1","78.5","2846","-15.9",,,,,,,,,,,,,"21.3","84.8","2806","1.7"
"Domínguez, Seranthony",622554,2025,30,"62.2",261,5,79,30.3,13.8,"0.616","22","30","0","3.16",,"166","138","34","4","17","9",".200",".291",".280",".281","87.5","13.4",34.7,6.9,4.9,36.8,"76.211899028","93.430835764",33.3,44.6,31.5,"43.2","97.7","2364",,,,,,,,,"4.9","83.7","2482","-11.2","13.4","97.8","2280","10",,,,,"16.6","87.2","844","3.2","21.8","86.4","2526","4.6"
"Harrison, Kyle",690986,2025,23,"35.2",156,4,38,24.4,9,"0.725","16","16","0","4.04",,"92","70","0","0","4","1",".247",".399",".315",".314","90.7","13.6",40.8,6.8,6.8,42.7,"80.8124982","94.7913102",25.9,50.5,27.1,"60.5","94.6","2291",,,,,"8.2","85.8","1910","1.1",,,,,"0.2","94.8","2290","5.6","3.7","86.8","2097","5.1",,,,,,,,
"Bellozo, Valente",678368,2025,25,"81.1",348,15,54,15.5,6.6,"0.789","42","44","0","4.65",,"188","113","3","2","7","4",".262",".496",".339",".347","89.7","22",33.8,11.7,3.8,41.4,"78.850661515","94.487669696",20.2,49.9,45.5,"28.7","90.8","2147",,,,,"14.4","81.5","2036","4.7","4.8","76.6","2804","-7.5",,,,,"35","84.6","2518","9.1","1.8","80.4","1458","3.9","15.2","78.7","2731","3.6"
"Weissert, Greg",669711,2025,30,"67.0",278,6,57,20.5,7.6,"0.647","21","27","0","2.82",,"185","104","28","7","15","2",".221",".363",".284",".287","89.8","13.5",35.5,7.6,3,38.6,"80.156528265","94.000111026",22.4,46.7,16.2,"33.4","94.1","2365","16.2","85.6","2577","0.6","9.7","86","1582","-1.8","4","81.1","2801","-6.1","27.8","93.9","2156","2.8",,,,,,,,,"8.9","81.4","2928","5.4"
"Corbin, Patrick",571578,2025,35,"155.1",663,21,131,19.8,7.7,"0.756","76","79","0","4.40",,"415","276","0","0","27","6",".269",".431",".328",".334","89.2","14.4",34.7,8.4,4.8,40.4,"78.287246481","94.301912618",26.9,46.3,36.6,"3.3","91.5","2145","33.5","80.4","2229","0.5","9.2","81.5","1524","8.8","0.6","68.7","1913","-2.5","28.2","91.6","2091","11","25.2","87.5","2324","6.6",,,,,,,,
"Jackson, Luke",592426,2025,33,"51.0",219,4,38,17.4,12.8,"0.646","23","30","0","4.06",,"124","67","15","4","14","7",".242",".390",".286",".320","90.8","7.7",28,6.7,6,44,"80.147962466","95.393444932",22.7,46.7,51.1,"34.1","94.2","2319","49.5","87.2","2290","-5.3","0.1","86.7","1298","2.2","15.5","84","2425","-12.4",,,,,"0.8","90.5","2349","10.2",,,,,,,,
"Márquez, Germán",608566,2025,30,"126.1",591,23,83,14,8.1,"0.923","94","106","0","6.70",,"305","144","0","0","22","11",".291",".494",".393",".365","91.7","15.6",35.8,11.1,2,48.5,"81.597628348","95.499986518",18.6,48,40.6,"35.3","94.8","2203","11","88.7","2327","5.9","2.4","88.5","1641","8.5","31.5","85.5","2652","-0.8","19.8","94.2","2151","10.1",,,,,,,,,,,,
"Suero, Wander",593833,2025,33,"6.1",32,3,7,21.9,12.5,"1.152","8","8","0","11.37",,"19","19","2","1","2","0",".190",".440",".482",".320","86.5","24",28.6,14.3,4.8,28.6,"75.512585455","93.315410476",27.1,49.3,36,,,,,,,,"22.5","85.2","1806","7.2","1.4","79.6","2368","3.9",,,,,"76.1","92.1","2502","17.6",,,,,,,,
"Poche, Colin",621363,2025,31,"9.1",52,1,11,21.2,26.9,"1.083","13","14","0","12.54",,"45","14","15","11","12","7",".216",".368",".454",".367","89.5","22.7",44.4,11.1,3.7,51.9,"80.35351","94.251652593",21.4,34.4,55.6,"71.7","92.2","2234","28.3","82.6","2452","2.7",,,,,,,,,,,,,,,,,,,,,,,,
"Little, Luke",681432,2025,24,"2.2",15,0,4,26.7,40,"0.625","1","2","0","3.38",,"18","4","0","0","3","0",".069",".072",".359",".333","76.4","7",0,0,40,20,"61.533485","90.7245275",21.1,25,19.4,"53.9","93.3","2282",,,,,,,,,,,,,,,,,,,,,,,,,"46.1","82.3","2425","2"
"King, John",667463,2025,30,"48.1",222,8,28,12.6,6.3,"0.823","25","30","0","4.66",,"116","65","32","12","26","8",".291",".436",".357",".336","89.7","-0.4",28.9,5,4.4,43.3,"78.141769205","94.955228523",19.9,50.1,28.8,"1.7","93.3","2218","14.5","84.3","2887","-1.8","19.4","85.7","1707","2.2","5.5","80.1","2941","-13.3","59","93","2244","3",,,,,,,,,,,,
"Sands, Cole",663485,2025,27,"72.0",299,7,64,21.4,6.4,"0.687","36","41","0","4.50",,"185","111","25","9","4","1",".238",".392",".296",".305","89.4","12.4",32.1,9.9,6.1,41.5,"78.396383942","94.410445845",22.2,48.5,24.1,"26.6","95","2353",,,,,,,,,"18.6","81.7","2939","-5.7","9","94","2246","6.8","24.1","89.4","2438","7.8","21.6","88.2","1531","0.5",,,,
"Buttó, José",676130,2025,27,"67.0",284,4,58,20.4,11.3,"0.730","29","31","0","3.90",,"151","125","43","17","18","4",".253",".415",".318",".330","90.1","8.6",29.8,9.4,2.6,39.8,"79.676354421","94.558922063",28.8,47.2,37.8,"30.9","95.2","2411","30","86.5","2644","-0.4","15.2","88.4","1900","3.2",,,,,"17","94.7","2176","10.1",,,,,,,,,"7","83.6","2561","-5.3"
"Reynolds, Sean",669308,2025,27,"27.0",117,4,25,21.4,14.5,"0.713","16","16","0","5.33",,"75","41","5","0","9","4",".255",".484",".322",".379","90.3","13.9",38.9,11.1,5.6,43.1,"79.642210857","94.641773571",22.7,42.7,39.8,"51.8","96","2442","32","87.1","2409","0","5.7","88","1485","5.6",,,,,,,,,,,,,,,,,"10.5","82.8","2442","1.2"
"Lorenzen, Michael",547179,2025,33,"141.2",606,25,127,21,6.4,"0.790","73","76","0","4.64",,"362","227","0","0","20","6",".263",".446",".339",".332","89.3","15.3",36.6,8.8,3,39.2,"78.770731389","94.056205903",23.4,48.1,41.2,"21.9","93.9","2339","12.3","85.1","2578","0","17.3","83.7","1982","8.8","11.3","82.2","2530","-12.2","18.2","93","2198","8.1","10.9","90.2","2519","8.3",,,,,"8.2","82.3","2557","-0.9"
"Bird, Jake",656234,2025,29,"55.1",248,7,66,26.6,10.1,"0.793","34","37","0","5.53",,"220","109","35","13","15","5",".238",".370",".340",".306","88.5","8.6",34.4,8.4,3.2,42.9,"76.501208701","94.353653247",28.1,43.9,17.5,"0.6","94.2","2239",,,,,,,,,"22.7","80.6","2901","-8.7","33.6","94.4","2123","0.2","2.5","92.5","2475","9.2",,,,,"40.5","84","2712","6"
"Church, Marc",687847,2025,24,"4.2",23,0,5,21.7,26.1,"0.810","2","2","0","3.86",,"16","8","0","0","3","0",".253",".551",".366",".414","93.4","16.2",41.7,33.3,0,50,"83.118396667","95.881765",28.6,35.4,61.5,"47.5","96.1","2133","49.5","86.7","2067","4.8","3","91.3","1712","9.5",,,,,,,,,,,,,,,,,,,,
"Smith, Cade",671922,2025,26,"73.2",300,4,104,34.7,6.3,"0.589","24","31","0","2.93",,"179","177","29","5","13","4",".201",".289",".255",".244","89.2","15.8",38.7,4,4,37,"79.068385465","93.893454593",34.3,52.3,37.5,"69.9","96.4","2321",,,,,,,,,,,,,,,,,,,,,"21.2","87.6","711","-2.1","8.9","85.1","1988","4.1"
"Baker, Bryan",641329,2025,30,"68.2",274,13,83,30.3,6.2,"0.713","31","33","0","4.06",,"175","141","20","3","8","4",".237",".445",".306",".314","90.6","16.7",35.1,12.6,2.9,48.3,"79.631394483","95.34969185",29.1,51.1,54.3,"47.2","96.7","2288","25","88.5","2384","5","27.9","85.1","1872","8",,,,,,,,,,,,,,,,,,,,
"Ogasawara, Shinnosuke",829272,2025,27,"38.2",173,9,30,17.3,9.8,"0.887","30","30","0","6.98",,"115","65","12","3","7","1",".263",".461",".377",".352","90.8","13.5",34.1,10.6,4.9,41.5,"80.859079508","94.705759669",23.5,45.5,47.6,"38.1","91.1","2203","18.5","81.6","2381","3.1","22.3","80.7","1590","7.9","19.1","72.3","2732","-19.9","1.5","91.4","2192","13.3",,,,,,,,,"0.4","76.5","2747","-10.6"
"Blackburn, Paul",621112,2025,31,"39.0",175,6,34,19.4,6.9,"0.846","27","29","0","6.23",,"108","61","1","0","8","4",".248",".400",".359",".313","87.1","11.6",33.6,7.8,4.7,35.2,"75.497210313","93.464801496",22.5,47.3,42,"4.4","92.4","2218",,,,,"9.8","86.5","1712","3.5","12.6","80.5","2649","-15.8","30.5","92.6","1953","7.1","26.7","90","2481","6.1",,,,,"16.1","81.6","2745","-5.1"
"Ferguson, Caleb",657571,2025,28,"65.1",270,2,51,18.9,8.1,"0.608","26","27","0","3.58",,"173","90","24","7","27","8",".237",".325",".271",".289","84.8","5.6",35.6,3.1,8.4,27.7,"72.885195806","92.37738129",21.4,47.9,45.1,"31.6","94","2307",,,,,,,,,,,,,"23.2","93.9","2289","11.3","23.4","88.6","2633","4.6",,,,,,,,
"Hiraldo, Yaramil",682274,2025,29,"19.2",84,4,21,25,10.7,"0.745","10","13","0","4.58",,"27","60","8","5","4","4",".176",".288",".325",".251","85.8","23",25.9,7.4,9.3,29.6,"74.346493704","92.744729811",37.1,55.7,62.1,"38.5","94.9","2334","26.1","86.5","2282","4.6","35.4","86.9","1484","9.5",,,,,,,,,,,,,,,,,,,,
"Steele, Justin",657006,2025,29,"22.2",92,5,21,22.8,5.4,"0.764","12","12","0","4.76",,"58","27","0","0","0","0",".269",".471",".326",".338","92","10",33.8,9.2,3.1,47.7,"82.11077303","95.473462462",18.5,51.8,44.7,"56.5","90.8","2356","31","81.5","2680","-0.6","2.6","84.9","1624","9.6","3.8","79.4","2765","-7.7","6.1","90.4","2344","8.9",,,,,,,,,,,,
"Sears, JP",676664,2025,29,"135.2",583,30,117,20.1,6.2,"0.826","76","79","0","5.04",,"393","203","0","0","15","3",".245",".441",".352",".319","89.2","21.2",33.5,9.4,3.5,39.4,"78.488716143","94.093992714",21.6,47.3,25.3,"40.6","92.2","2019","7.1","80.8","2292","9.7","15","83.4","1506","3.6","3.7","79.5","2356","-1.6","6.4","90.4","1889","7.3","0.3","88.5","2118","13.3",,,,,"26.9","79.2","2315","6.5"
"Pallante, Andre",669467,2025,26,"162.2",715,21,111,15.5,8.7,"0.768","96","109","0","5.31",,"407","230","0","0","15","4",".262",".401",".334",".322","89.2","1.4",28.7,6.5,4.3,39.9,"77.928687634","94.458794676",22.3,45.9,57.9,"44","94.5","2303","28.6","87.4","2405","-0.8",,,,,"14","78.2","2804","-16.1","13.2","95","2202","14",,,,,,,,,"0.1","85","2527","-3"
"Mayza, Tim",641835,2025,33,"16.2",74,2,15,20.3,6.8,"0.733","7","7","0","3.78",,"55","29","8","2","6","0",".198",".313",".320",".269","89.5","5.8",28.8,5.8,0,44.2,"80.292763462","93.53840902",25.4,45.8,40.3,"1.7","93.4","2171","29.9","87.1","2158","2.2",,,,,,,,,"68.4","93.6","2106","9.5",,,,,,,,,,,,
"Roa, Christian",685005,2025,26,"3.0",12,0,3,25,25,"0.555","0","0","0","0.00",,"7","0","0","0","0","0",".322",".642",".277",".479","91.5","10.2",66.7,16.7,0,50,"82.10442","95.116385",13.3,36.6,42.4,"22","97","2267","29.3","87.5","2232","-0.5","7.3","86.7","1977","8.8",,,,,"41.5","96.3","2112","13.1",,,,,,,,,,,,
"Imanaga, Shota",684007,2025,31,"144.2",567,31,117,20.6,4.6,"0.686","60","62","0","3.73",,"301","255","0","0","7","3",".237",".458",".293",".312","90.7","21.7",34.3,11.6,3.8,43.5,"80.551815288","94.869016506",24.6,53.8,35.8,"48.7","90.8","2482","0.4","81.4","2579","6.1",,,,,"1.6","71.6","2495","-12.7","1.3","88.2","1781","9.4",,,,,"31.4","83","1277","6.7","16.6","80.4","2533","1.9"
"Hoffmann, Andrew",694851,2025,25,"12.0",61,2,12,19.7,16.4,"0.883","8","12","0","6.00",,"29","30","5","1","6","2",".257",".460",".384",".368","88.7","17.8",28.2,7.7,10.3,35.9,"78.120667","94.347343846",31.3,46.9,48.8,"41.6","94.5","2275","10.6","86.7","2436","3.5","47.8","88.2","959","0.6",,,,,,,,,,,,,,,,,,,,
"King, Michael",650633,2025,30,"73.1",308,12,76,24.7,8.4,"0.696","28","31","1","3.44",,"216","127","0","0","13","1",".238",".422",".305",".321","87.8","15.8",35.1,11.4,7.4,38.1,"75.256827327","94.366145373",25.8,44.1,26.7,"24.4","93.7","2368","5.7","83.8","2496","-1.1","21.4","86.8","2014","4.8",,,,,"29.5","92.7","2288","4.3",,,,,,,,,"18.9","82.2","2778","3.1"
"Hendriks, Liam",521230,2025,36,"13.2",59,2,12,20.3,11.9,"0.692","10","11","0","6.59",,"35","26","0","0","5","5",".250",".508",".313",".370","92.2","18.3",41,10.3,2.6,51.3,"83.2387995","95.80525641",29.6,46.6,47.1,"55.2","94.9","2335","33.2","86.2","2217","3.3",,,,,"11.6","82.2","1984","-13",,,,,,,,,,,,,,,,
"Miller, Bobby",676272,2025,26,"5.0",28,2,7,25,7.1,"1.260","7","7","0","12.60",,"22","8","0","0","0","0",".317",".567",".525",".400","91","9.3",55.6,16.7,5.6,44.4,"80.238843333","95.819368889",17.6,44,45.2,"26.7","97.6","2214","9.5","88.6","2414","1.2","13.8","86.1","2183","8.6","27.6","79.1","2729","-15","22.4","97.2","2250","16",,,,,,,,,,,,
"Peguero, Joel",666711,2025,28,"22.1",86,2,17,19.8,9.3,"0.587","6","7","0","2.42",,"51","26","10","5","2","1",".204",".351",".256",".284","89.7","7.7",24.6,6.6,3.3,42.6,"79.366911","94.168329333",22.1,47.3,43.7,"33.7","99.8","2275","33","91.6","2674","0.7",,,,,,,,,"33.3","99.9","2349","8.8",,,,,,,,,,,,
"Darnell, Dugan",699911,2025,28,"11.2",49,1,5,10.2,16.3,"0.733","5","5","0","3.86",,"33","10","9","1","2","1",".252",".363",".332",".336","90.1","13.6",27.8,2.8,5.6,41.7,"80.302839444","94.292168",17.1,40.9,51.2,"52.7","93.7","2366","20.4","82","2208","-1.9",,,,,,,,,,,,,,,,,"26.9","84.5","1115","6.7",,,,
"Murfee, Penn",682171,2025,31,"12.2",63,3,13,20.6,7.9,"0.958","11","11","0","7.82",,"40","24","8","4","6","0",".286",".550",".411",".387","89.5","13.9",47.7,11.4,4.5,36.4,"78.531925909","94.701767209",25.7,45.3,-2.8,"37.1","88.1","2292",,,,,"0.9","85.1","1668","-8.8",,,,,"12.9","88.2","2132","-0.6",,,,,,,,,"49.1","78.5","2617","1.3"
"Williams, Trevor",592866,2025,33,"82.2",373,11,65,17.4,5.6,"0.824","57","59","0","6.21",,"246","117","0","0","18","10",".279",".424",".352",".327","90","18.1",39.6,8.4,4.2,40.7,"79.796024317","94.332743633",19.8,46.7,16.4,"42.6","87.7","2219","8.4","80.8","2225","4","12.8","81.3","1486","0.4",,,,,"8.3","86.6","1937","4.5",,,,,,,,,"27.8","76.8","2225","7.3"
"Hoglund, Gunnar",680684,2025,25,"32.1",139,10,23,16.5,7.9,"0.936","23","23","0","6.40",,"96","49","0","0","3","3",".308",".616",".395",".410","92.4","14.4",36.2,16.2,2.9,45.7,"82.198187547","96.00007381",22,45.7,49,"35.8","93.6","2406","7.1","90.7","2539","14.5","23","86","1560","3.6",,,,,"16.6","93.2","2426","13",,,,,,,,,"17.4","81.2","2665","3.4"
"Bassitt, Chris",605135,2025,36,"170.1",736,22,166,22.6,7.1,"0.740","75","80","0","3.96",,"482","271","0","0","25","7",".255",".400",".324",".319","87.7","10.5",34.5,8.5,5.1,36.6,"75.618546494","93.913717565",23.3,46.8,31.9,"9.3","91.5","2150","2.9","83.6","2372","0.3","2.7","84.5","1917","3.7","16.3","71.3","2277","-11.5","41.7","91.6","2102","4.6","16.9","88.5","2223","8.5","4.6","83.6","1366","-0.8","5.7","72.6","2335","-0.7"
"Cameron, Noah",702070,2025,25,"138.1",556,18,114,20.5,7.7,"0.640","46","46","0","2.99",,"333","218","0","0","20","6",".246",".407",".281",".314","87.9","13",32.6,6.3,6.3,37.4,"76.19833699","93.899827391",26.6,47.2,57.9,"26.4","92.3","2288","14.3","84.2","2534","-1.2","18.5","81.3","1513","11.3","19.3","80.9","2394","-10.7",,,,,"21.5","88.2","2461","6.5",,,,,,,,
"Brown, Ben",676962,2025,25,"106.1",472,18,121,25.6,6.8,"0.800","70","73","0","5.92",,"307","192","0","0","11","3",".257",".444",".345",".328","92.4","12.7",36.8,11.4,3.2,47.3,"82.826186581","95.598631097",28.3,47.9,45,"55.6","95.8","2212",,,,,"4.5","90.5","1294","7.4","39.9","87.2","2284","-2.4",,,,,,,,,,,,,,,,
"Gage, Matt",657424,2025,32,"31.0",137,0,27,19.7,8.8,"0.704","11","11","0","3.19",,"85","42","21","10","15","2",".230",".287",".315",".270","88.3","11.1",27.1,3.1,5.2,33.3,"77.681015106","93.614838172",23.1,47.3,50.4,"27.5","92.5","2114","50.5","85.4","2297","0.7","8.9","85.6","1199","5",,,,,"9.4","93","2142","14.1",,,,,,,,,"3.8","81.1","2392","-2.2"
"Vest, Will",676684,2025,30,"68.2",284,4,75,26.4,7.7,"0.625","23","26","0","3.01",,"193","130","27","12","5","1",".219",".313",".277",".267","88.8","6.1",24.7,4.3,4.8,41.4,"77.537494891","94.149179946",26.7,48,52.2,"52.4","96.7","2255","23.8","88.7","2748","-0.4","7","90.4","1660","4.9",,,,,"16.7","96.1","2143","11.2",,,,,,,,,,,,
"Peralta, Wandy",593974,2025,33,"71.2",313,5,63,20.1,9.6,"0.669","25","29","0","3.14",,"166","138","49","16","21","3",".254",".372",".293",".307","87.6","3.7",29.4,6.9,5,36.2,"75.314537685","94.024205442",29,48.5,45,"5.2","95.4","2113","16.6","87.9","2243","5.2","34.5","88.9","2165","5.1",,,,,"43.7","95.4","2111","9.3",,,,,,,,,,,,
"Ohl, Pierson",701487,2025,25,"30.0",133,5,27,20.3,5.3,"0.838","17","22","0","5.10",,"85","54","2","1","2","1",".293",".446",".359",".336","89.3","15.2",45.5,10.1,7.1,39.4,"78.205980612","94.616288571",22,50.2,47.4,"41.5","91.9","2280",,,,,"37.7","81.1","2147","5","5.9","77.9","2083","-10.7","2.2","91.6","2312","18.6","11.8","85.3","2173","8.3",,,,,,,,
"Burdi, Nick",595897,2025,32,"5.1",21,0,5,23.8,9.5,"0.649","0","0","0","0.00",,"16","7","3","0","0","0",".312",".385",".294",".340","92.3","-2.7",35.7,0,0,42.9,"82.593141429","95.255589286",19.4,43.4,14.4,"22.9","94.8","2269","31.3","86.2","2650","2.7","2.4","86.8","1679","-1.7",,,,,"43.4","93.6","2063","1",,,,,,,,,,,,
"Banda, Anthony",607455,2025,31,"65.0",269,8,61,22.7,13,"0.659","23","23","0","3.18",,"146","123","35","10","18","6",".209",".352",".285",".297","89.8","13.8",35.1,8.8,1.8,38.6,"80.008237647","93.888422308",27.2,47.7,34.6,"22.8","95.9","2186","49.2","85.9","2345","-1.7","3.8","90","1647","5.6",,,,,"24.1","95.8","2100","9.9",,,,,,,,,,,,
"Gerber, Joey",680702,2025,28,"4.1",15,1,4,26.7,0,"0.600","1","1","0","2.08",,"11","5","2","0","0","0",".186",".211",".253",".175","86.7","12.3",27.3,0,0,27.3,"78.462592","91.47987",21.9,50,36.7,"70.3","93.8","2369","28.1","84.9","2294","4","1.6","87.4","1989","8.7",,,,,,,,,,,,,,,,,,,,
"Glasnow, Tyler",607192,2025,31,"90.1",366,10,106,29,11.7,"0.589","32","33","0","3.19",,"266","132","0","0","9","4",".205",".319",".266",".285","88.2","11.1",33.2,7.9,2.8,37.4,"77.428044393","93.680485164",28.2,42.4,55.9,"35.4","95.7","2530","22.1","89.3","2667","-0.1",,,,,"21.9","82","2822","-16","20.6","95.9","2512","14",,,,,,,,,,,,
"Adams, Travis",701519,2025,25,"33.2",158,6,31,19.6,10.8,"0.891","28","29","0","7.49",,"99","71","2","0","14","3",".294",".499",".378",".393","88.9","16.3",40.6,12.3,2.8,40.6,"77.732760755","94.18605981",25.6,46.6,39.8,"29.4","94.8","2410","20.1","85.6","2325","-0.1","16.7","87.4","1943","4.8","4.1","79.1","2468","-9","11.2","94.1","2231","6.9","18.6","90.8","2513","8.1",,,,,,,,
"Matsui, Yuki",673513,2025,29,"63.1",272,10,61,22.4,12.1,"0.737","28","29","0","3.98",,"128","132","39","11","19","4",".231",".400",".318",".316","88.5","20.6",30.5,9,4,37.3,"77.594650455","93.797769716",30.3,49,54.9,"39.5","92.1","2439","15.9","86.6","2653","6.9",,,,,"0.2","74.8","2679","-17.9","1.5","91.5","2211","14",,,,,"32.2","84","1171","3.6","10.7","81.4","2870","-1.4"
"Flexen, Chris",623167,2025,30,"43.2",178,7,22,12.4,6.7,"0.653","15","18","0","3.09",,"100","44","7","4","0","0",".280",".471",".285",".346","90.9","15.8",34.7,9,4.2,41.7,"81.779611408","94.462315177",16.7,49.8,64.9,"41.2","92.4","2245","8.9","81","2517","-11.2","2.1","81.1","1296","8.1","17.1","72.8","2636","-15",,,,,"28.2","89.1","2500","8.2",,,,,,,,
"Hudson, Bryan",663542,2025,28,"15.0",75,2,19,25.3,17.3,"0.829","8","10","0","4.80",,"65","28","1","0","6","3",".241",".356",".362",".335","90.8","13.2",34.1,7.3,7.3,36.6,"81.6998955","94.31116625",26.9,37.4,12.9,"66.7","90.5","2216",,,,,"0.6","84.7","1902","4",,,,,"7.2","88.9","2061","3","3.5","85.6","2112","3.4",,,,,"22","80.6","2089","-4.4"
"Hill, Jaden",677955,2025,25,"29.1",129,2,31,24,9.3,"0.704","11","14","0","3.38",,"70","55","17","7","1","0",".217",".322",".309",".282","86.4","11.7",31.3,2.4,8.4,34.9,"73.685496098","93.604243659",26.1,50.1,25.3,"25.8","96.7","2390","24.4","88.5","2526","1.6","24.6","84.6","1638","1.7",,,,,"25.2","97","2313","7.2",,,,,,,,,,,,
"Slaten, Justin",686580,2025,27,"34.0",137,3,25,18.2,7.3,"0.580","16","19","0","4.24",,"64","67","15","2","7","5",".233",".386",".251",".288","89.1","12.3",32.4,7.8,2,34.3,"79.001213529","93.722976765",27.9,53.9,50.9,"36.1","96.7","2457",,,,,,,,,"18","84.9","2747","-15.8",,,,,"34.5","92.7","2600","7.8",,,,,"11.4","85.1","2637","-0.3"
"Molina, Anthony",683627,2025,23,"34.2",160,12,24,15,3.8,"1.031","28","30","0","7.27",,"88","62","7","0","7","2",".327",".594",".435",".404","91.2","13.3",37.3,11.1,3.2,54,"80.031040635","95.93442368",24.2,46.2,49.3,"49.2","95.6","2150","15.6","87.3","2044","5.3","18.1","87","1914","6.2","15.3","83.5","2218","-2.3",,,,,"1.8","91.7","2036","10.8",,,,,,,,
"Tidwell, Blade",694918,2025,24,"15.0",78,4,10,12.8,12.8,"0.997","15","15","0","9.00",,"58","24","1","0","5","2",".271",".459",".427",".363","86.8","18.6",36.8,7,5.3,24.6,"76.723001071","92.429173393",19.7,42.7,43.9,"39.2","95.8","2241","16.5","88.2","2461","1.3","3.2","83.2","1625","6.5",,,,,"18.4","94.8","2127","12.6","1","89.5","2525","7.7",,,,,"21.7","82.9","2756","5.8"
"Heuer, Codi",676051,2025,28,"4.2",21,3,5,23.8,9.5,"0.970","3","3","0","5.79",,"11","14","3","1","1","0",".213",".515",".399",".342","92.8","9.6",21.4,21.4,7.1,50,"82.941547143","95.846917143",34.1,50.6,29.1,"43.7","94.5","2420","49.4","84.3","2170","0.7","6.9","87.5","2138","8.2",,,,,,,,,,,,,,,,,,,,
"Barco, Hunter",682995,2025,24,"3.0",12,0,3,25,0,"0.583","0","0","0","0.00",,"9","7","0","0","0","0",".305",".465",".251",".329","93.8","17.7",22.2,11.1,0,55.6,"86.720548","95.961806667",36,54.3,22.4,,,,"21.7","82.8","2113","-2.9",,,,,,,,,"50","94","2339","12.3",,,,,"28.3","85.3","697","3.7",,,,
"Gordon, Colton",676467,2025,26,"86.0",379,21,72,19,5,"0.872","51","54","0","5.34",,"242","119","0","0","11","3",".271",".460",".367",".331","89","19.3",38.5,11.5,5.6,40.6,"77.823700284","94.21274",18,50.5,31.1,"41.8","91.1","2046",,,,,"7.9","83.9","1468","6.9","10.2","75.6","2606","-1.8","10","91.4","2130","12",,,,,,,,,"30.1","81","2621","6"
"Stratton, Hunter",676702,2025,28,"19.0",89,3,16,18,7.9,"0.813","11","12","0","5.21",,"51","27","11","5","5","3",".311",".477",".354",".372","89.2","21.5",41.3,6.3,6.3,41.3,"78.167963548","94.331078548",20.6,52.5,38,"46.6","96","2503","28.9","84.9","2686","0.6",,,,,,,,,"2","95.5","2512","14.2","21.3","93.4","2567","10.3","1.2","91.2","1642","8.6",,,,
"Castillo, José",620454,2025,29,"32.0",149,4,30,20.1,9.4,"0.846","14","18","0","3.94",,"106","48","18","4","12","3",".258",".368",".367",".317","89.7","4.2",34.7,5.9,4,42.6,"79.415740408","94.443429388",22.6,46.4,39.4,"14.9","93.3","2082","43.6","84.2","2486","-1.1","2.6","87","1953","6.1",,,,,"38.9","93","2013","5.5",,,,,,,,,,,,
"Suarez, José",660761,2025,27,"19.1",81,1,16,19.8,12.3,"0.603","4","5","0","1.86",,"49","40","1","0","0","0",".247",".388",".270",".318","90.1","6.5",25.5,7.3,5.5,52.7,"78.320382222","95.563027778",33.6,44.4,40.4,"41.7","93.4","2417","21","82.3","2869","0","28.5","83.3","1589","3.2","2","76.2","2873","-4.3","6.8","92.9","2326","12.6",,,,,,,,,,,,
"Rainey, Tanner",663432,2025,32,"9.2",47,0,11,23.4,19.1,"0.677","12","12","0","11.17",,"23","28","3","2","11","9",".269",".329",".321",".362","90","12.3",30.8,3.8,3.8,42.3,"77.358450769","95.8129968",34.3,49.3,43,"52.7","95.3","2403","47.3","86.3","2364","0.8",,,,,,,,,,,,,,,,,,,,,,,,
"Yates, Kirby",489446,2025,38,"41.1",179,9,52,29.1,10.1,"0.834","24","26","0","5.23",,"88","121","12","5","11","3",".230",".415",".354",".318","88.5","18.6",36.1,13,7.4,42.6,"76.198084259","94.658953178",35.3,51.3,19,"57.7","92.8","2328",,,,,,,,,,,,,,,,,,,,,"42.3","85.9","1218","0.1",,,,
"Marinaccio, Ron",676760,2025,29,"10.2",42,0,12,28.6,9.5,"0.400","1","1","0","0.84",,"23","23","3","0","3","0",".151",".230",".192",".211","87.9","24.6",23.1,7.7,3.8,26.9,"77.8659275","93.112214583",29.5,53.7,28.9,"48.2","94.2","2297",,,,,"21.3","82","2313","1.2",,,,,,,,,"19.5","87.5","2270","6.9",,,,,"11","83","2446","4"
"Spence, Mitch",687765,2025,27,"84.2",375,16,66,17.6,6.9,"0.817","48","57","0","5.10",,"200","150","10","4","14","4",".289",".498",".350",".363","90.2","12.5",37.8,11.9,4,42.8,"79.322783986","94.752186945",25.7,50.8,43.6,,,,"26.8","84.5","2760","2.3","1","87.8","1575","3.5","17.6","81.8","2803","-10.3","9.4","92.6","2381","4.7","45.2","91.1","2682","4.4",,,,,,,,
"Brasier, Ryan",518489,2025,37,"26.0",105,2,20,19,4.8,"0.713","13","13","0","4.50",,"55","37","14","3","4","3",".299",".444",".306",".337","88.9","9.4",35,6.3,3.8,43.8,"77.50523375","94.69362519",20.8,51.2,38.5,"35.4","94","2270","35.1","85.3","2373","2.5",,,,,,,,,"16.6","94","2228","10.8","12.9","89.2","2334","10.3",,,,,,,,
"Gibaut, Ian",664139,2025,31,"25.1",109,3,15,13.8,7.3,"0.722","13","13","0","4.62",,"61","28","4","0","10","3",".246",".429",".313",".316","88.4","19.9",36,10.5,2.3,33.7,"78.307002558","93.388157093",17.5,48.7,49.8,"51.4","94","2128","14.5","87.4","2328","1.1","3.4","84.3","1875","7.3",,,,,,,,,"14","90.6","2331","10",,,,,"16.8","83.5","2655","-0.7"
"Englert, Mason",669438,2025,25,"44.2",185,4,44,23.8,5.9,"0.644","19","20","0","3.83",,"118","83","4","0","5","2",".273",".409",".285",".319","91.8","12.8",37.5,9.4,2.3,46.9,"81.021740794","95.853766746",25.1,50.1,40.4,"20.3","93.9","2323",,,,,"34.3","87.5","2113","0.7","8.4","76.9","2782","-13.2","16.6","92.8","2223","7.3","19.3","87.7","2302","3.3",,,,,"0.4","80.9","2366","-1.1"
"Scholtens, Jesse",669947,2025,31,"8.1",38,1,12,31.6,7.9,"0.669","5","7","0","5.40",,"24","21","0","0","1","1",".242",".336",".294",".279","90.4","13.1",30.4,8.7,0,39.1,"80.1336675","94.813690435",34.2,49.4,41.2,"38.3","95.3","2208","31.8","87.9","2383","4.1",,,,,,,,,,,,,,,,,"5.2","84.9","1212","3.2","24.7","81.2","2401","-1.4"
"Arrighetti, Spencer",681293,2025,25,"35.1",156,6,31,19.9,12.8,"0.752","21","21","0","5.35",,"110","65","0","0","5","1",".251",".415",".331",".355","89.1","13.9",35.3,8.8,5.9,45.1,"76.925057843","94.953613663",27.4,43.7,21.5,"31.7","93.1","2318",,,,,"9.4","85","1622","4.1","22.5","77.5","2835","-7.4","8.9","92.5","2320","9.7","13.9","87.1","2430","8.4",,,,,"13.6","79.9","2810","1.7"
"Dollander, Chase",801403,2025,23,"98.0",441,18,82,18.6,11.1,"0.813","71","76","0","6.52",,"252","169","0","0","15","3",".253",".439",".354",".346","88.7","12.5",36.5,11.5,4.6,40.5,"77.237025033","94.268447185",22.9,47,25.8,"48.8","97.9","2433","0.2","86.7","2681","-0.6","7.8","89.3","2072","4.6","21.3","79.2","2808","-7.4","9.8","97.2","2411","4.9","12.1","89.7","2570","3.7",,,,,,,,
"Junk, Janson",676083,2025,29,"110.0",447,8,77,17.2,2.9,"0.686","51","54","0","4.17",,"260","132","2","0","7","4",".280",".439",".295",".323","91.6","14.7",35.1,8.5,3.1,47.3,"81.205599371","95.649523095",18.2,52.5,52.7,"37.7","93.6","2292","27.6","87","2358","4.1","7.8","88.1","1469","6.6","11.7","81.9","2512","-11.8",,,,,,,,,,,,,"15.2","82","2452","3.5"
"Wilcox, Cole",677961,2025,25,"1.0",12,0,1,8.3,25,"1.139","3","7","0","27.00",,"5","0","0","0","3","1",".356",".479",".498",".444","90.4","9.5",50,0,0,62.5,"81.220925","94.9794025",5.9,43.6,27.9,,,,"23.1","87","2048","-2.2",,,,,,,,,"59","96.6","2001","6.9",,,,,,,,,"17.9","86.9","2044","-4.8"
"Enns, Dietrich",608650,2025,34,"46.1",200,6,49,24.5,7.5,"0.748","21","25","0","4.08",,"107","99","6","2","9","3",".253",".365",".318",".290","88.3","14.3",37.5,4.4,9.6,36,"77.332521692","93.773204846",27.2,54.1,48.9,"44.1","94","2124",,,,,"29.6","84.6","1084","4.4","4.9","77.2","2119","-10.3","4.9","93.7","2110","15.8","16.6","85.2","2164","1",,,,,,,,
"Cabrera, Génesis",650893,2025,28,"42.2",187,12,35,18.7,9.6,"0.898","31","32","0","6.54",,"111","83","19","8","14","6",".249",".439",".380",".331","89.5","19",32.6,11.4,3,42.4,"78.548698182","94.615786212",27.1,48,45.1,"21.7","95.7","2281",,,,,,,,,"19.4","80.1","2368","-8.3","25.5","95.4","2328","12.2","20.4","89.9","2191","7.1","13","85","1223","8.3",,,,
"Gusto, Ryan",687473,2025,26,"101.2",453,17,97,21.4,7.9,"0.805","64","67","0","5.67",,"279","182","1","0","13","3",".253",".441",".348",".331","90.6","17.2",32.1,9.5,2.2,45.7,"80.014421083","95.083939808",23.4,49.1,43.7,"43.7","94.1","2424","1.3","83.5","2220","3.2","9.7","87.4","1808","8.4","14.9","80.3","2443","-13.2","10.5","93.5","2337","7.9","10.9","89.2","2410","7.2",,,,,"9.1","82.3","2245","3.2"
"Richards, Trevor",670950,2025,32,"5.2",29,0,5,17.2,6.9,"0.984","5","5","0","7.94",,"16","11","1","0","3","2",".261",".315",".422",".289","85.1","14.7",54.5,0,18.2,22.7,"75.15298","91.958120476",20.7,50,52.3,"58.6","91.4","2242","10.3","84","2248","2","31","79.6","2488","0",,,,,,,,,,,,,,,,,,,,
"Eder, Jake",671109,2025,26,"18.1",78,3,15,19.2,11.5,"0.728","10","10","0","4.91",,"43","28","3","2","0","0",".225",".410",".317",".319","90.4","23.7",35.8,11.3,3.8,37.7,"80.423306154","94.432335577",26.2,48,37.7,"44.4","93.1","1994","19.2","87.7","2281","6.5","17.5","84.5","1707","4.9",,,,,,,,,,,,,,,,,"18.9","83","2460","0.4"
"Abner, Philip",691769,2025,23,"3.2",18,0,5,27.8,16.7,"0.911","2","2","0","4.91",,"12","8","8","3","3","0",".185",".362",".401",".310","85.9","27.3",30,10,0,20,"77.186834","91.314063",24.2,46.5,40.5,"73.2","90.4","2393","26.8","79.5","2346","1",,,,,,,,,,,,,,,,,,,,,,,,
"Assad, Javier",665871,2025,27,"37.0",153,3,23,15,7.8,"0.702","15","15","0","3.65",,"98","39","0","0","2","2",".281",".408",".310",".338","88.5","9.6",32.5,3.5,7,40.4,"76.66852614","94.317117807",16.5,46,51.8,"14.1","92.2","2063","1.2","83.3","2258","1.7","4.2","85.2","1542","3.2","6.3","76.9","2389","-7.3","39.9","92.2","1903","10.7","21.3","88.9","2060","8.8",,,,,"12.9","80.9","2357","2.2"
"Booser, Cam",592155,2025,33,"31.0",143,8,35,24.5,13.3,"0.818","19","22","0","5.52",,"89","65","18","5","7","1",".205",".415",".350",".325","90.9","20.4",36.8,13.8,4.6,42.5,"80.27361381","95.090481786",30,47.3,36.3,"45.9","95.5","2132",,,,,"2.6","87.5","1444","4.2",,,,,,,,,"19.6","87.3","2154","0.8",,,,,"31.9","81.1","2133","-4.1"
"Brieske, Beau",689225,2025,27,"22.0",103,5,16,15.5,11.7,"0.842","16","20","0","6.55",,"53","33","5","2","6","0",".220",".372",".357",".311","89.4","15.6",26.7,8,4,50.7,"78.116545135","94.960522297",21.2,44.2,49.1,"48.6","95.7","2515","10.1","88","2485","2.3","24.7","89.8","2133","6.2",,,,,"16.5","95.7","2500","15.7",,,,,,,,,,,,
"Farris, Mitch",815083,2025,24,"24.1",107,4,24,22.4,10.3,"0.825","18","19","0","6.66",,"56","49","0","0","4","3",".289",".473",".349",".364","90.5","20.6",49.3,11.3,4.2,43.7,"79.328594","95.221623333",28.6,49.1,43.9,"49.9","90.3","2150","23.5","81.5","2232","0.8","26.7","77.6","1430","-1.1",,,,,,,,,,,,,,,,,,,,
"Blalock, Bradley",687134,2025,24,"58.2",275,17,27,9.8,8.4,"1.002","61","61","0","9.36",,"146","71","0","0","15","7",".325",".581",".423",".408","91.4","12.8",36.5,12.2,2.7,45.9,"80.714571545","95.462649636",15.9,47.5,62.4,"46.5","94.6","2099","15.7","85.2","2524","-2.3",,,,,"12.9","81","2511","-9.8",,,,,"9.8","89.7","2348","4.7","15.2","86.8","1322","7.6",,,,
"Lovelady, Richard",663992,2025,29,"11.2",57,3,12,21.1,10.5,"0.942","11","12","0","8.49",,"36","23","5","2","9","3",".261",".473",".396",".370","89.9","3.8",34.3,14.3,5.7,48.6,"78.059343889","95.560322571",28.7,48.9,20.2,"12.7","91.7","2386","18.6","85.9","2437","4.2",,,,,,,,,"34.4","91.4","2240","3.9",,,,,,,,,"34.4","83.4","2466","2.6"
"Vargas, Carlos",672841,2025,25,"77.0",331,10,54,16.3,6.9,"0.758","34","39","0","3.97",,"191","88","28","9","11","2",".248",".362",".327",".297","88.6","4.6",25.9,4.9,4.9,35.2,"77.933770083","93.844737137",18.9,48.7,33.2,"3.5","97.6","2146","18.6","90.3","2378","2.3","1.9","93.2","1724","3",,,,,"63.4","97.6","2163","4.9","12.6","95.2","2246","8.7",,,,,,,,
"Klein, Will",694361,2025,25,"15.1",70,0,21,30,14.3,"0.687","4","6","0","2.35",,"47","30","4","3","9","3",".233",".342",".317",".323","89","5.3",40.5,5.4,2.7,43.2,"76.555666111","94.939937778",27.3,43.3,52.3,"57.4","97.9","2215",,,,,,,,,"22","85.7","2320","-13.1",,,,,"16.1","92.6","2306","6.5",,,,,"4.6","90.8","2446","-1.8"
"Strickland, Hunter",519326,2025,36,"22.0",91,2,14,15.4,11,"0.659","8","9","0","3.27",,"48","29","21","4","0","0",".245",".397",".282",".311","89.5","18.6",35.8,6,4.5,40.3,"80.310734688","93.80956873",21.3,50.9,34.9,"35.2","93.6","2239","32.5","84.9","2658","0.8","8.4","87.8","1536","5.4",,,,,"10.5","92.9","2227","4.9",,,,,,,,,"13.3","81.5","2793","-0.3"
"Vodnik, Victor",680767,2025,25,"50.2",215,4,49,22.8,12.1,"0.702","17","19","0","3.02",,"129","90","21","11","6","0",".237",".392",".308",".318","91","4.1",31.4,8.6,3.6,48.6,"79.951584143","95.651511583",26.5,44,40.8,"56","98.7","2314","12.8","87.3","2365","-2.9","26.1","92","1898","1.6",,,,,,,,,"5","92.3","2305","2.6",,,,,,,,
"Miller, Mason",695243,2025,26,"61.2",234,5,104,44.4,12,"0.494","18","19","0","2.63",,"144","198","19","4","1","0",".159",".276",".225",".249","87.9","16.4",36.6,9.9,5,37.6,"77.092263878","93.484907835",45.2,49.9,35.1,"52.2","101.2","2552","45.6","87.8","2396","-1.6","2.3","92.9","1965","5.5",,,,,,,,,,,,,,,,,,,,
"Granillo, Andre",701552,2025,25,"21.0",91,3,18,19.8,7.7,"0.814","11","11","0","4.71",,"52","54","10","3","7","1",".236",".377",".344",".305","87.6","25",33.8,9.2,4.6,27.7,"77.657380938","92.879930952",31.5,49.3,43.1,"28","94.6","2285","65.1","83.5","2334","3.6","5.5","88.4","2032","7.1",,,,,"1.4","95.1","2294","13.4",,,,,,,,,,,,
"Myers, Tobias",668964,2025,26,"50.2",220,5,38,17.3,6.8,"0.721","20","21","0","3.55",,"125","76","6","0","12","3",".265",".418",".315",".321","90.3","15.4",32.7,6.7,4.8,44.8,"80.333098049","94.68101638",21.4,51,60.7,"45.2","93.5","2280","16.8","84.5","2128","2.9","1.5","80.1","1801","13.8","1.5","76.4","2317","-9.4",,,,,"19.5","87.7","2158","11.7","15.6","83.1","1529","10.5",,,,
"Pearson, Nate",663878,2025,28,"14.2",75,2,7,9.3,13.3,"0.965","15","15","0","9.20",,"46","23","0","0","4","0",".280",".466",".407",".375","91","19.4",33.3,7,1.8,45.6,"81.206851724","95.15156614",19,45,39.9,"52.1","97.6","2294","40.4","89.5","2511","3",,,,,"5","83.2","2578","-8.6","2.5","97.3","2201","12.4",,,,,,,,,,,,
"Kinley, Tyler",641755,2025,34,"72.2",308,6,73,23.7,10.7,"0.593","32","35","0","3.96",,"186","157","25","9","19","6",".220",".343",".263",".289","87","20.5",34.7,7,5.5,29.6,"75.874641313","93.183719543",31.2,49.1,45.9,"22.9","95.1","2385","64.3","87.4","2556","2.7","0.9","87.1","1644","10","11.9","83.5","2743","-7.8",,,,,,,,,,,,,,,,
"Weathers, Ryan",677960,2025,25,"38.1",166,7,37,22.3,7.2,"0.733","17","20","0","3.99",,"99","83","0","0","3","2",".239",".415",".317",".310","89.6","12.3",34.5,9.5,6,42.2,"78.889919474","94.738206842",28.8,48.8,41.6,"44.5","96.9","2369","3.6","89.8","2619","6","29.3","87.3","1862","2.7",,,,,"3.9","95.2","2291","9.8",,,,,,,,,"18.7","83.8","2560","1.2"
"Tarnok, Freddy",676206,2025,26,"7.1",28,1,10,35.7,14.3,"0.388","2","2","0","2.45",,"28","10","1","0","0","0",".147",".203",".197",".250","89.8","-0.1",15.4,0,0,46.2,"80.72409","94.100472308",23.9,35.4,47,"33.8","95.4","2453","16.9","86.6","2468","2.1","24.6","83.7","1674","4.7","17.7","79.8","2587","-16.2","6.9","93.7","2202","9.4",,,,,,,,,,,,
"Ashcraft, Braxton",677952,2025,25,"69.2",292,3,71,24.3,8.2,"0.647","21","22","0","2.71",,"176","127","5","1","11","1",".238",".344",".286",".288","88","9.1",30.8,4.6,3.6,38.5,"76.398213021","94.089793979",26.2,50.2,41.2,"29.7","97","2432","31.2","92","2620","5.6","3.2","91.6","2107","6.4","21.1","84.3","2762","-12.4","14.9","96.6","2382","8.4",,,,,,,,,,,,
"Brigham, Jeff",656257,2025,33,"3.1",18,1,3,16.7,5.6,"1.032","3","3","0","8.10",,"7","4","4","2","1","0",".411",".663",".446",".471","91.6","15.2",57.1,7.1,0,57.1,"79.816192857","96.573445714",12.5,50.8,37.2,"41.3","94.8","2444",,,,,,,,,,,,,,,,,"34.9","89.8","2673","10.9",,,,,"23.8","82.4","2916","0.2"
"Castro, Miguel",612434,2025,30,"6.0",28,1,4,14.3,17.9,"0.848","5","5","0","7.50",,"21","7","5","0","3","1",".235",".365",".374",".351","88.3","10.4",22.2,5.6,0,33.3,"79.112096667","93.153393889",17.5,38.1,11.5,"47.6","95.1","2259","28.6","83.7","2845","2.1","11.4","88.7","1934","1",,,,,"12.4","95.3","2203","3.7",,,,,,,,,,,,
"Díaz, Alexis",664747,2025,28,"17.2",85,6,17,20,14.1,"0.935","16","17","0","8.15",,"49","37","8","2","10","6",".245",".486",".399",".387","88.3","17",47.1,17.6,5.9,35.3,"77.0352472","93.8845208",25,46.5,17.9,"59.6","93.5","2609","40.4","87.5","2626","5.3",,,,,,,,,,,,,,,,,,,,,,,,
"Bachman, Sam",696147,2025,25,"20.1",94,1,18,19.1,10.6,"0.709","14","15","0","6.20",,"62","36","4","3","8","3",".267",".349",".319",".318","88","5.5",23.1,1.5,7.7,43.1,"75.279045313","94.518638594",26.8,45.7,34.9,"1.2","95.7","2267","55.4","87.8","2641","-2.1","8.7","90.8","1748","0.5",,,,,"34.7","97.2","2318","9.9",,,,,,,,,,,,
"Holmes, Clay",605280,2025,32,"165.2",708,14,129,18.2,9.3,"0.676","65","74","0","3.53",,"497","237","2","1","24","9",".248",".388",".302",".322","89.7","4.4",30.5,6.8,4.4,42.3,"78.369750081","94.822225709",22.1,44.8,43.6,"5.3","93.2","2304","10.7","85.4","2591","-4.1","15.6","88.1","1105","0.3",,,,,"41","93.7","2180","2.9","8.3","89.8","2447","5.2",,,,,"19.1","81.9","2815","-6.1"
"Carrasco, Carlos",471911,2025,38,"45.2",212,10,34,16,8,"0.928","36","36","0","7.09",,"117","74","0","0","4","0",".287",".461",".393",".356","90.7","16.6",38.5,10.6,1.9,42.9,"79.769600256","94.954997051",22.5,45.6,34.5,"21.1","91.4","2173","25.2","84.4","2340","4.1","21.2","84.9","1233","1.3","10","77.8","2567","-5.8","22.5","90.4","2047","4.8",,,,,,,,,"0.1","77.9","2285","4.8"
"Petersen, Michael",656848,2025,31,"18.0",79,3,17,21.5,8.9,"0.744","8","11","0","4.00",,"39","38","2","1","11","1",".296",".554",".315",".381","92.2","19.4",54.5,10.9,3.6,52.7,"82.031505185","96.137075926",24,53.5,49,"56","97.5","2311",,,,,"0.3","86.7","1632","11.5",,,,,"2.4","97.1","2352","14.1","41.3","89.2","2302","3.5",,,,,,,,
"Hanifee, Brenan",669724,2025,27,"60.0",260,3,40,15.4,5.4,"0.691","20","31","0","3.00",,"175","56","29","10","13","7",".273",".404",".299",".312","90.5","4.1",29.9,6.9,2.9,44.6,"79.52943396","95.089713762",16.1,45.2,32.2,"11.4","96.1","2120","21.1","87.7","2217","1.5","4.2","89.8","1686","1.9",,,,,"63.2","95.2","2043","4",,,,,,,,,,,,
"Keller, Mitch",656605,2025,29,"176.1",749,21,150,20,6.8,"0.715","82","91","0","4.19",,"484","243","0","0","20","5",".262",".420",".313",".325","90.1","11.9",34.6,7.8,3.9,43.8,"79.4512197","94.723694728",20.6,48.5,37.9,"37","94","2405","13.9","86.9","2531","-0.5","6.9","89.2","2031","2.3","7.3","77.4","2612","-14.1","15.7","92.9","2465","9.2","0.1","92.4","2427","9.6",,,,,"19.1","82.3","2714","-0.1"
"Martin, Davis",663436,2025,28,"142.2",601,20,104,17.3,8,"0.744","65","74","0","4.10",,"323","212","0","0","14","9",".276",".458",".322",".347","90.7","11.2",36,9.7,2.7,44.6,"79.461212182","95.394861477",21.6,49.4,38.2,"32.7","94","2411","4.3","83.4","2735","2","24.2","90.2","2059","1.2","4.8","78.8","2794","-9.1","10.7","92.9","2379","8.7","23.1","88.2","2580","4.9",,,,,,,,
"Monteverde, Patrick",687287,2025,27,"3.2",20,0,4,20,5,"1.079","4","4","0","9.82",,"11","6","1","0","0","0",".300",".405",".469",".324","88.6","22.8",33.3,6.7,0,26.7,"80.59916","92.500766",15.6,51.7,41.5,"14.9","90.3","2129","3.4","80.9","2490","1.8","10.3","82.7","1578","5.2","13.8","76.7","2532","-11.2","12.6","89.8","1985","12.2","44.8","86.4","2256","8.4",,,,,,,,
"Taylor, Grant",691799,2025,23,"36.2",157,0,54,34.4,9.6,"0.639","20","20","0","4.91",,"109","73","10","4","9","7",".215",".308",".287",".269","90.5","11.3",38.6,5.7,9.1,50,"79.607203571","95.609225181",30.7,48,57.9,"55.4","98.7","2430","6.4","90.1","2686","-1.9",,,,,"21.6","85.2","2486","-13.9",,,,,"16.6","95.3","2569","6.4",,,,,,,,
"Hagenman, Justin",663795,2025,28,"23.2",99,4,23,23.2,2,"0.700","12","13","0","4.56",,"55","44","3","1","3","3",".258",".444",".301",".311","92.1","15.8",35.6,12.3,1.4,50.7,"82.662010811","95.504447397",26,50.1,23.3,,,,"19.3","84.4","2515","2.7","23","86.8","1769","0.1",,,,,"25.1","93","2228","14.7","32.6","86.7","2376","9.8",,,,,,,,
"Nelson, Ryne",669194,2025,27,"154.0",619,17,132,21.3,6.6,"0.654","58","62","0","3.39",,"371","224","1","0","11","5",".246",".400",".284",".305","91.4","14.3",36.2,7.5,2.5,45.5,"81.990156636","94.984519659",21.6,50.4,53.1,"61.9","95.7","2270","12.1","86.3","2415","0.5","2.8","87","1799","12.7","10.9","80","2568","-8.4",,,,,"12.2","90.5","2227","6.9",,,,,,,,
"Hill, Tim",657612,2025,35,"67.0",269,8,37,13.8,5.9,"0.639","23","27","0","3.09",,"141","66","63","13","23","6",".243",".378",".274",".288","90","-2.2",21.4,7.9,4.7,45.1,"78.716354906","95.046864739",16.4,54.2,-24.4,"13.7","89.9","2118","4.3","84.7","2033","2.8",,,,,,,,,"82","88.4","2057","-6.4",,,,,,,,,,,,
"Doval, Camilo",666808,2025,27,"65.1",278,4,72,25.9,12.6,"0.624","26","34","0","3.58",,"175","137","18","7","11","5",".224",".328",".285",".298","88.6","6.2",28.6,6,7.1,40.5,"76.738153614","94.494643916",28.4,47.3,15.8,,,,"48","89.1","2627","-0.4",,,,,,,,,"12.2","96.6","2421","5.1","39.8","98.2","2541","10.5",,,,,,,,
"White, Owen",669391,2025,25,"7.0",35,1,6,17.1,8.6,"1.080","7","7","0","9.00",,"14","6","1","0","3","0",".348",".463",".466",".382","91.1","13",34.6,3.8,3.8,46.2,"80.138971538","95.405994231",20,50.4,40.3,"31.9","92.3","2374",,,,,"8.4","86.7","1826","3.5","4.2","77.3","2750","-12.7","5.9","92","2343","9","21.8","88.6","2533","6.8",,,,,"27.7","81.7","2737","-3.4"
"Ragans, Cole",666142,2025,27,"61.2",257,7,98,38.1,7.8,"0.677","32","33","0","4.67",,"170","157","0","0","5","4",".189",".316",".295",".256","88.4","16.6",32.1,9.5,5.8,39.4,"76.571539706","94.275790368",34.8,49.6,38.2,"49.5","95.3","2573","13.8","84.7","2652","-2.5","19.2","84.4","2070","11.5","12.8","80.1","2462","-13.1",,,,,"4.7","89.9","2586","8.1",,,,,,,,
"Skenes, Paul",694973,2025,23,"187.2",733,11,216,29.5,5.7,"0.558","41","45","0","1.97",,"464","399","0","0","5","2",".203",".313",".247",".253","87.6","12.2",29.4,5.8,4.7,40.1,"75.47852","93.884708556",30.1,49.6,23.4,"39.6","98.2","2256","5.7","85.3","2318","7.5","10.9","88.7","1808","5.4","4.7","83.9","2439","-2.7","9.6","97.6","2269","6.2",,,,,"13.6","93.7","1678","0.1","15.9","84.4","2333","5.7"
"Wolfram, Grant",664991,2025,28,"26.2",133,2,31,23.3,11.3,"0.805","16","20","0","5.40",,"93","57","5","4","0","0",".238",".323",".353",".292","87.6","13.2",36,3.5,4.7,37.2,"76.348632326","93.612480465",25.7,46.3,42,"15.2","95.5","2299","25","86.7","2383","1.3",,,,,"14.6","84.3","2446","-8.6","40.6","96","2283","12.2",,,,,"0.2","86.3","966","-0.5","4.4","84.3","2558","-4.7"
"Pérez, Eury",691587,2025,22,"95.1",385,12,105,27.3,8.3,"0.626","45","47","0","4.25",,"233","208","0","0","10","7",".204",".357",".275",".280","90.5","22.3",31.8,9,4.9,46.5,"79.803726066","95.063994016",28.4,50.3,30.2,"51.5","97.9","2685","23.1","86","2488","4.2","7.8","89.7","1742","8.3","9.1","79.9","2831","-7.5","0.8","96.6","2372","12.1",,,,,,,,,"7.6","82.7","2550","8.7"
"Gausman, Kevin",592332,2025,34,"193.0",775,21,189,24.4,6.5,"0.627","77","79","1","3.59",,"478","378","0","0","14","3",".240",".397",".273",".299","89.3","16.5",35,8.5,5.3,41.4,"78.114323042","94.522007833",26.4,51.6,36.7,"53.7","94.5","2260","8.6","83.2","2334","1.7",,,,,,,,,"0.1","93.7","2280","18.1",,,,,"37.6","84.9","1691","4.5",,,,
"Thompson, Mason",666168,2025,27,"10.2",60,1,11,18.3,20,"1.009","14","16","0","11.81",,"40","16","1","0","8","4",".274",".446",".427",".373","88.8","14.4",40.5,8.1,2.7,37.8,"77.262156316","94.599521622",21.6,40.6,35.4,"17.6","94.8","2221","33.5","84.9","2188","-1.9","2.9","87.3","1977","6.4","5","82.1","2396","-11.6","41","95","2184","11.7",,,,,,,,,,,,
"Matzek, Tyler",554431,2025,34,"6.1",35,0,7,20,14.3,"0.974","3","3","0","4.26",,"19","10","3","3","2","0",".262",".428",".418",".345","95.1","19.1",52.2,17.4,0,52.2,"86.7740075","96.903328261",21.7,47.2,45.5,"60.6","94.5","2444","33.1","84.4","2710","-5.1",,,,,,,,,"6.3","94.6","2361","12.4",,,,,,,,,,,,
"Elder, Bryce",693821,2025,26,"156.1",679,24,131,19.3,7.5,"0.777","92","95","0","5.30",,"413","221","0","0","18","6",".267",".437",".336",".332","90","8.5",34,7.7,4.7,43.8,"78.82004177","94.988058103",22.5,46.3,51.5,"12.3","92.8","2226","35.1","84.3","2491","-0.1","10.5","86.6","2175","4.7",,,,,"42.1","91.5","2093","8.2",,,,,,,,,,,,
"Gillispie, Connor",687362,2025,27,"26.0",123,6,23,18.7,8.9,"0.918","25","26","0","8.65",,"84","37","0","0","2","2",".259",".468",".387",".346","91.4","16.5",36.4,12.5,4.5,50,"80.485346279","95.911199535",21.4,45.6,42.4,"29.1","91.3","2339",,,,,"15.5","87.1","1962","6.3","1.1","78.3","2366","-11.4",,,,,"24.8","86.7","2532","8.1",,,,,"29.5","81.1","2547","-2.4"
"Jarvis, Bryce",686826,2025,27,"22.0",98,3,21,21.4,10.2,"0.812","14","14","0","5.73",,"79","30","5","2","3","3",".226",".369",".351",".312","91.1","19.4",33.3,7.6,4.5,43.9,"81.364842727","94.937767727",20.9,39.9,37,"41.8","93.9","2112","21","85.1","2498","-2.1","21.3","82.6","1965","5.3","4.6","82.7","2411","-9.2","7.3","93","2035","9.8","3.9","88.2","2357","6.3",,,,,,,,
"Hancock, Emerson",676106,2025,26,"90.0",385,15,64,16.6,8.1,"0.781","49","51","0","4.90",,"216","121","0","0","7","2",".294",".466",".339",".360","89","13.4",35.4,7.7,3.9,42.5,"77.615179437","94.459962923",20.3,49.6,18.1,"25.7","94.9","2388","11.7","81.8","2445","-2","20.4","86.5","1646","1.4",,,,,"39.1","94.7","2389","5.1",,,,,,,,,"3","78.7","2682","3"
"Hartlieb, Geoff",664129,2025,31,"3.1",24,2,5,20.8,25,"1.472","8","8","0","21.60",,"16","11","0","0","3","0",".414",".819",".594",".562","96.7","19.6",61.5,38.5,0,61.5,"86.697672857","99.28956",25,40.4,36.3,"23.9","94.9","2384","61.5","85.6","2510","2.8",,,,,,,,,"14.7","94.1","2391","9.8",,,,,,,,,,,,
"Núñez, Dedniel",673380,2025,29,"9.2",41,1,11,26.8,14.6,"0.636","5","5","0","4.66",,"24","23","3","2","5","3",".219",".433",".286",".336","91.5","26.8",41.7,12.5,4.2,45.8,"81.427926667","95.70258125",31.5,50.3,39.2,"51.9","96.2","2347","45.9","88.7","2413","1.6","1.6","91.8","2125","6.1",,,,,"0.5","98.3","2438","18.1",,,,,,,,,,,,
"Phillips, Connor",683175,2025,24,"25.0",98,3,32,32.7,12.2,"0.532","8","9","0","2.88",,"74","53","10","0","4","0",".188",".371",".245",".306","92.6","19.9",34.6,15.4,0,40.4,"83.843796923","95.387112115",37.4,41.1,40.1,"49.9","98.2","2552",,,,,,,,,"5","86.4","2241","-9.2",,,,,,,,,,,,,"45.1","85.8","2435","-0.3"
"Hodge, Porter",687863,2025,24,"33.0",147,9,40,27.2,12.2,"0.897","23","24","0","6.27",,"104","71","6","4","6","3",".234",".398",".377",".318","89.3","14.2",37.1,9,3.4,38.2,"79.472008409","93.775686136",26.7,46.2,40.4,"50.3","96","2372","17.3","86.2","2628","4.4",,,,,,,,,,,,,,,,,"0.5","90.8","795","2.4","31.9","84","2665","0.8"
"Peralta, Freddy",642547,2025,29,"176.2",723,21,204,28.2,9.1,"0.604","53","54","0","2.70",,"456","383","0","0","13","5",".210",".360",".270",".291","88","18",33.9,9.3,4.1,34.5,"76.986266955","93.5568435",30.1,46.9,38.3,"53.5","94.8","2441","9.4","83.7","2454","5.6","21.2","88.9","1929","3.7","15.8","78.8","2336","-5.8",,,,,,,,,,,,,,,,
"Mears, Nick",683232,2025,28,"56.2",222,7,46,20.7,6.3,"0.629","22","25","0","3.49",,"127","102","50","14","9","3",".261",".451",".266",".322","90.4","16.6",39.8,10.6,6.2,42.9,"80.078215316","94.850952785",25,54.9,55.2,"53.5","95.4","2282","42.4","86.6","2513","-0.2",,,,,"4.1","82.7","2564","-13.2",,,,,,,,,,,,,,,,
"Kent, Zak",687849,2025,27,"17.2",76,1,16,21.1,10.5,"0.670","9","10","0","4.58",,"56","22","3","0","2","2",".233",".292",".305",".285","87.2","14",39.2,0,0,29.4,"77.888256154","92.314717843",22.9,42.5,51.6,"29.2","92.6","2762","39.3","85.7","2850","-3.8",,,,,"25","81.6","2851","-14.8","6.5","93.6","2619","11.7",,,,,,,,,,,,
"Graceffo, Gordon",700669,2025,25,"43.0",193,2,40,20.7,6.7,"0.794","30","33","0","6.28",,"121","67","11","5","5","2",".276",".419",".340",".326","92.8","10.6",34.8,7.2,1.4,53.6,"83.540411594","95.925008116",23.1,48,51.9,"42.6","95.7","2084","26.3","89.2","2360","2.6","2.6","86.2","2175","11.3","25.8","83.4","2654","-15.8","2.6","95.9","2060","14.3",,,,,,,,,,,,
"Fluharty, Mason",689254,2025,23,"52.2",215,6,56,26,11.2,"0.622","26","28","0","4.44",,"143","118","34","7","21","10",".206",".343",".271",".283","86.6","16.3",30.1,7.5,6.8,33.1,"74.875064242","93.20536855",31.9,46.3,32.7,,,,,,,,,,,,,,,,"0.1","91.6","1949","11.7","58.2","90.2","2760","10.2",,,,,"41.7","81.7","2747","2.1"
"Robertson, David",502085,2025,40,"17.2",78,4,22,28.2,10.3,"0.819","8","9","0","4.08",,"60","23","3","1","3","1",".237",".453",".348",".330","88.4","9.3",39.6,10.4,8.3,39.6,"77.4185475","94.109980638",23.8,41.4,43.3,,,,"10.5","83.7","2652","6.3","1","86.8","2301","9.3","33.6","84.5","2683","-11.5","4.9","91.2","2404","14.4","50","91.7","2682","14.1",,,,,,,,
"Scott, Tanner",656945,2025,30,"57.0",237,11,60,25.3,7.2,"0.778","30","33","0","4.74",,"127","134","13","5","7","3",".250",".413",".332",".317","90.8","18",34,9,2.6,42.3,"80.965295065","94.584847386",29.5,55.9,34.7,"52.7","96.5","2550","47.2","88.9","2633","1","0.1","93.7","2382","5.8",,,,,,,,,,,,,,,,,,,,
"Littell, Zack",641793,2025,29,"186.2",759,36,130,17.1,4.2,"0.727","79","81","0","3.81",,"423","258","0","0","7","1",".260",".452",".311",".324","90.2","14.6",32.7,9.9,2.9,40.9,"80.190668797","94.458762186",20.4,51.8,39.4,"23.8","92.1","2005","27.5","87.3","2199","7.2",,,,,,,,,"16","91.5","2028","12.4",,,,,"27.3","83.4","1105","-0.9","5.4","79.5","2166","-3.7"
"Backhus, Kyle",679775,2025,27,"25.1",115,3,22,19.1,7,"0.813","13","14","0","4.62",,"86","34","19","4","12","2",".269",".402",".350",".328","89.1","13.1",43.9,4.9,8.5,35.4,"78.970280769","93.686292436",21.8,45.8,9.2,,,,,,,,"9.5","78.3","1467","6.7",,,,,"63.5","91","2262","2.1",,,,,,,,,"27","78.4","2216","2.2"
"Mejia, Juan",675848,2025,24,"61.1",261,6,68,26.1,9.6,"0.704","27","34","0","3.96",,"172","136","18","5","11","5",".200",".290",".309",".269","85.8","15.5",34,4.9,6.2,34.6,"72.991299231","93.351381346",30.4,48,37.7,"67.2","96.6","2580","32.8","83.2","2843","-1.7",,,,,,,,,,,,,,,,,,,,,,,,
"Maeda, Kenta",628317,2025,37,"8.0",43,1,8,18.6,14,"0.884","7","8","0","7.88",,"22","20","1","0","5","3",".255",".385",".393",".367","91.2","12.2",36,8,0,36,"83.734502308","93.5867232",28.2,45.6,40.5,"19.4","90.2","2221","17.6","81.4","2561","3.3",,,,,"1.2","81.6","2700","-8.4","7.1","90","2242","7.9","0.6","86.3","1295","4.2","36.5","84.5","1430","-0.7","17.6","80.1","2599","3"
"Wells, Tyler",669330,2025,30,"21.2",82,4,18,22,2.4,"0.657","7","7","0","2.91",,"49","39","0","0","0","0",".228",".418",".279",".284","90.8","24.4",24.2,14.5,1.6,48.4,"80.761056774","94.934362951",23.4,56.1,48.9,"36.5","92.8","2387","18.1","86.8","2435","6.2","23.1","86.4","2087","13.1","8.8","78.7","2554","-7",,,,,"13.5","90.5","2479","14.3",,,,,,,,
"Ginn, J.T.",669372,2025,26,"90.1",392,17,99,25.3,7.9,"0.801","51","52","0","5.08",,"264","181","4","2","16","6",".230",".384",".344",".302","88.4","7.8",26.2,9.8,5.5,44.5,"75.355279219","94.914220549",28.7,42.9,44.6,"0.2","93.9","2000","25.8","86.1","2198","-1.4","9.7","88.5","1493","1.1",,,,,"50.8","93.4","1893","3.4","13.6","91.9","2024","9.6",,,,,,,,
"Maxwell, Zach",687209,2025,24,"10.0",43,3,13,30.2,9.3,"0.916","5","5","0","4.50",,"26","24","1","0","0","0",".245",".387",".384",".310","92.1","13.6",46.2,7.7,0,57.7,"83.345902308","95.466936538",35.5,46.1,37.5,"57.6","99.6","2561","18.8","88.1","2819","-1.7",,,,,,,,,,,,,"23.6","94.3","2408","9.4",,,,,,,,
"Woodford, Jake",663765,2025,28,"36.1",170,3,23,13.5,7.6,"0.787","26","28","0","6.44",,"99","38","7","4","13","6",".292",".418",".343",".343","86.1","10.4",35.1,6.9,7.6,33.6,"73.794609844","93.234400625",16.4,45.8,25.2,"17.3","93.1","2169",,,,,"18.6","86.5","1314","-0.2",,,,,"31.4","93.3","2052","5.8","9.9","89","2141","7.1",,,,,"22.9","81.1","2544","-0.6"
"Cecconi, Slade",677944,2025,26,"132.0",545,24,109,20,5.9,"0.745","63","66","0","4.30",,"366","180","0","0","9","4",".271",".481",".319",".343","91.7","13.8",37.2,12.2,3,49.1,"81.626558543","95.530064534",22.5,46.5,39.7,"43.6","94.3","2394","18.6","84.3","2565","0.5","7.5","84.3","1618","3.3","16.5","75.5","2398","-12.8","11","93.6","2266","8.7","2.7","88.9","2299","7",,,,,"0.1","82","2596","0.1"
"Muñoz, Rolddy",691548,2025,25,"3.2",21,1,5,23.8,23.8,"1.024","5","5","0","12.27",,"13","11","1","0","2","0",".203",".437",".457",".415","86.1","8.4",33.3,11.1,11.1,33.3,"75.520276","93.063072222",42.9,35.9,33.9,"1.3","96.8","2148","44.9","90.3","2485","2.6","1.3","92.9","2065","2.1",,,,,"52.6","96.7","2220","6.6",,,,,,,,,,,,
"de Geus, Brett",676969,2025,27,"2.0",10,0,0,0,30,"0.543","1","1","0","4.50",,"7","1","0","0","0","0",".164",".275",".296",".339","87.9","-3.1",0,0,0,28.6,"79.8477725","92.602037143",5.6,38.3,29.2,,,,,,,,,,,,"19.1","84.1","1969","-6.5","57.4","95.5","2058","8.2","14.9","90.8","2100","5.7","8.5","87.8","1330","3.8",,,,
"Pivetta, Nick",601713,2025,32,"181.2",721,22,190,26.4,6.9,"0.583","58","63","0","2.87",,"516","289","0","0","9","4",".231",".416",".256",".308","90.3","19.1",36.4,10.9,3.8,45,"79.736148771","94.701402267",24.6,47.7,56.1,"46","93.8","2323","1.7","83.4","2433","6.7",,,,,"22.4","79","2797","-16.7","4","93.8","2297","18.5","8.9","90.2","2349","10.7","0.2","87.3","1456","13.1","16.9","81.8","2444","2.8"
"Núñez, Eduarniel",674384,2025,26,"12.2",60,2,11,18.3,18.3,"0.983","10","10","0","7.11",,"35","31","10","4","5","0",".246",".377",".423",".367","85.4","22",42.9,5.7,5.7,25.7,"75.56174","91.785716",32.4,44.6,32.3,"62.2","98.1","2630","35.3","88.2","2906","-1.1",,,,,"2.4","86.6","2811","-8.9",,,,,,,,,,,,,,,,
"Sousa, Bennett",656986,2025,30,"50.2",199,4,59,29.6,7.5,"0.594","16","18","0","2.84",,"103","112","16","3","8","1",".201",".325",".261",".265","89.1","15.9",32.8,8,4.8,36.8,"77.989110968","94.230850081",36.8,53,54.5,"40.5","95.1","2238","58.1","85.7","2351","-0.1",,,,,,,,,"1.4","94.2","2210","13.3",,,,,,,,,,,,
"Bowman, Matt",621199,2025,34,"24.2",114,4,18,15.8,5.3,"0.842","17","18","0","6.20",,"77","31","8","2","11","3",".282",".474",".362",".349","88.4","12.7",40.9,9.1,8,35.2,"76.711743721","94.108976279",17.4,46.3,30.3,"2.9","90.4","2157",,,,,,,,,,,,,"43.4","91.1","2065","3.6","25.7","88.5","2281","7.3","8.5","84.1","1244","0.2","19.5","82.7","2663","5"
"Turnbull, Spencer",605513,2025,32,"6.1",33,1,4,12.1,12.1,"1.106","5","5","0","7.11",,"20","13","0","0","1","1",".284",".487",".472",".372","89.9","9.9",40,8,4,40,"80.749138462","93.8706252",25.4,47.2,24,"37.6","90.9","2494","7.2","83.9","2640","1.1","11.2","86.1","1938","-0.3","15.2","78.1","2786","-14.1","6.4","92.4","2200","4.9",,,,,,,,,"22.4","83.3","2737","5.3"
"Smith-Shawver, AJ",700363,2025,22,"44.1",191,4,42,22,10.5,"0.711","19","20","0","3.86",,"121","76","0","0","6","3",".301",".498",".315",".380","91.4","15.4",41.4,12.5,3.9,50.8,"80.383414444","95.756931587",27.1,46.3,43.4,"46.6","95.6","2103","4.2","86.9","2173","8.4",,,,,"15.2","77.3","2292","-11",,,,,,,,,"34","83.2","1060","7.4",,,,
"McFarland, T.J.",519008,2025,36,"15.2",74,2,7,9.5,4.1,"1.014","12","12","0","6.89",,"52","16","23","5","6","0",".292",".483",".427",".353","91.9","4.4",33.3,9.5,3.2,42.9,"82.052340968","95.364224194",17.1,45.2,13.8,"1.1","87.3","1911",,,,,"10.7","80.9","1769","-1.2",,,,,"51.1","87.9","1944","-1.5",,,,,,,,,"37.1","78.1","2401","-1.7"
"Gonsolin, Tony",664062,2025,31,"36.0",157,9,38,24.2,11.5,"0.813","20","21","0","5.00",,"107","67","0","0","0","0",".241",".470",".354",".354","91.2","16.3",37.8,11.2,4.1,44.9,"81.195201042","95.140222083",30.3,43.8,40.3,"40.2","93.5","2236","16.1","88.1","2508","5.7",,,,,"16.9","81.7","2749","-12.4",,,,,,,,,"26.8","84.2","1511","-1.2",,,,
"Quantrill, Cal",615698,2025,30,"117.2",513,22,85,16.6,6.8,"0.858","79","81","0","6.04",,"321","161","0","0","18","5",".286",".512",".367",".367","90.4","16.9",39.4,12.4,5.2,44.3,"79.666849581","94.980472992",20.2,46.7,44.6,"20.4","93.6","2137","8.2","84.9","2441","-0.4","0.2","87.7","1713","10.3","11.8","79.9","2524","-6.9","16.6","93.8","2102","12.4","21.7","88.9","2306","8.4","21","86.3","1124","6",,,,
"Lynch IV, Daniel",663738,2025,28,"67.2",289,8,45,15.6,9,"0.743","23","24","0","3.06",,"208","90","21","2","30","6",".255",".411",".327",".330","88.6","10.4",28.3,8,6.1,42.5,"76.90873625","94.451533462",22.3,42.9,36.1,"22.7","94.1","2230","29.2","86.8","2290","3.6","19.2","86","1642","1.9","9.8","82.6","2257","-2.8","19","93.8","2097","8.3",,,,,,,,,,,,
"Wacha, Michael",608379,2025,33,"172.2",716,15,126,17.6,6.3,"0.685","74","74","0","3.86",,"403","249","0","0","20","11",".260",".416",".299",".317","87.5","17.7",36.7,7.4,4.8,34.6,"76.056574508","93.523519129",21.3,50.4,50.9,"29","93","2153","11.8","84.8","1956","4.1","25.4","79.8","1537","7.5","7.7","75.1","2260","-11.8","10.7","93.2","2046","15.1","15.4","88.1","2113","9.5",,,,,,,,
"Sánchez, Cristopher",650911,2025,28,"202.0",807,12,212,26.3,5.5,"0.596","56","58","0","2.50",,"507","384","0","0","11","4",".227",".338",".264",".271","89","3",27,5.7,4,39.8,"77.436793852","94.392001148",30.4,49.5,29.6,,,,"16.6","85.7","2088","-0.6","37.4","86.3","2043","-1.1",,,,,"46","95.4","2137","4.5",,,,,,,,,,,,
"Rasmussen, Drew",656876,2025,29,"150.0",585,18,127,21.7,6.3,"0.611","46","47","0","2.76",,"391","215","0","0","4","1",".237",".365",".269",".288","90.6","10.1",29.6,6.3,3.1,43.3,"80.436147524","94.708687282",22.2,48.6,54.9,"35.4","95.8","2481",,,,,"1.2","89.4","1097","4.9","4.3","80.5","2765","-11.6","22.8","95.4","2418","13.1","31.5","90.3","2704","3.9",,,,,"4.8","84.6","2704","-2.3"
"Ashby, Aaron",676879,2025,27,"66.2",270,3,76,28.1,8.9,"0.618","16","16","0","2.16",,"211","90","22","5","6","2",".222",".300",".279",".277","89.2","-0.1",29.1,3,3.6,40,"78.12069625","94.376961125",27,42,50.6,"3.2","96.6","2211","8.1","84.2","2661","-7","11.6","91.3","1904","3.6","26.4","82.2","2738","-17.2","50.6","97.5","2151","7.3",,,,,,,,,,,,
"Winans, Allan",642216,2025,29,"9.1",46,2,6,13,6.5,"0.981","9","11","0","8.68",,"26","14","0","0","2","1",".290",".484",".407",".375","91.4","12.8",31.4,11.4,8.6,57.1,"79.816638824","96.312707059",18.8,49.7,28.5,"14.6","89.7","2159",,,,,"32.7","82.8","2070","0.5","2.9","76","2314","-10.4","31","89.9","2187","5.8",,,,,,,,,"18.7","79.8","2780","-1.7"
"Woodruff, Brandon",605540,2025,32,"64.2",257,9,83,32.3,5.4,"0.573","23","26","0","3.20",,"177","115","0","0","3","1",".172",".291",".252",".231","87.9","24.6",28.8,7.1,2.6,35.9,"76.785361154","93.594377821",27.9,50.5,43.9,"30.7","93.1","2343",,,,,"17.6","83.6","1908","8.3","3.7","78.6","2549","-9.2","30.9","92.9","2289","13.8","15.8","89.5","2373","13",,,,,"1.2","80.7","2429","3"
"Jax, Griffin",643377,2025,30,"66.0",283,7,99,35,7.4,"0.692","31","33","0","4.23",,"187","180","7","0","9","6",".231",".356",".299",".283","89.2","6.7",38.5,9.3,4.3,44.1,"77.109701392","94.907304747",37.3,50.6,43.2,"17.8","97","2474",,,,,"22.3","92.3","1787","2.4","0.5","86","3067","-10.3","11.6","96.5","2452","10.4","4","93.4","2687","7.2",,,,,"43.7","87.8","3099","-2.9"
"DeSclafani, Anthony",543101,2025,35,"38.2",169,11,36,21.3,7.1,"0.848","22","23","0","5.12",,"104","67","4","3","7","1",".233",".417",".354",".314","89.9","15",31.9,8.6,5.2,43.1,"79.321170351","94.710647544",25.9,46.8,34.8,"16.7","93.9","2351","22.1","88.2","2305","4.9",,,,,"21","83.2","2356","-0.7","19.1","94.1","2194","9.9",,,,,"20.3","83.6","1290","0","0.8","81.8","2233","0.2"
"Stephenson, Robert",596112,2025,32,"10.0",42,1,10,23.8,7.1,"0.646","3","4","0","2.70",,"24","28","1","0","2","0",".219",".376",".273",".286","90","19.3",40.7,3.7,0,33.3,"81.750657857","93.761382222",38.3,55.1,48.7,"15.6","96.4","2493","7.5","86.2","2859","2.4",,,,,,,,,,,,,"68.7","87.4","2849","2.5","8.2","88.1","1706","11",,,,
"Yamamoto, Yoshinobu",808967,2025,26,"173.2",684,14,201,29.4,8.6,"0.540","48","53","0","2.49",,"484","327","0","0","10","0",".200",".299",".244",".258","88.3","7.7",28.3,5.7,4.8,39.7,"76.238509183","94.220626442",28.9,46.7,42.9,"35.6","95.4","2200","2.8","86.4","2782","0.8",,,,,"17.6","76.8","2761","-16.1","7.5","94.8","2235","11.9","11","91.1","2438","7.8","25.4","90.9","1427","2","0","84.2","2981","-8.7"
"Finnegan, Kyle",640448,2025,33,"57.0",229,4,55,24,7.9,"0.631","22","24","0","3.47",,"142","86","21","9","0","0",".227",".327",".273",".275","90.4","11.5",32.5,7.8,3.2,42.9,"80.162518158","94.625118344",24.6,50,50.4,"58.3","96.3","2239","4.6","84.3","2211","-1.4",,,,,,,,,,,,,,,,,"37.1","87.4","1026","3.6",,,,
"Daniel, Davis",669721,2025,28,"10.0",46,1,9,19.6,15.2,"0.814","6","6","0","5.40",,"25","13","0","0","0","0",".280",".524",".350",".394","92","15.1",44.8,13.8,0,44.8,"83.840199333","94.411884483",17.6,46.4,50.8,"50.8","89.8","2117","16.4","80","2321","0.2",,,,,,,,,,,,,,,,,"22.4","84.5","860","1.6","10.4","81","2297","5.9"
"Maton, Phil",664208,2025,32,"61.1",249,3,81,32.5,9.6,"0.590","19","21","0","2.79",,"181","153","29","7","10","3",".196",".279",".266",".264","84.8","12.2",38.7,3.6,8.8,30.7,"72.288009706","92.742270667",36.2,46.9,26.1,,,,,,,,,,,,"38.2","75.9","3181","-9.3","12.1","89.6","2334","5.9","36","90.6","2592","13.4",,,,,"13.7","83.6","2679","7.4"
"Jobe, Jackson",695549,2025,22,"49.0",218,7,39,17.9,12.4,"0.769","23","24","0","4.22",,"148","85","0","0","4","0",".244",".428",".337",".339","89.1","13.1",36,8.7,8,43.3,"77.682526351","94.535962568",24.7,43.9,43.2,"31.1","96.5","2384","30.6","88.9","2729","1.6","16.9","85.3","1829","6.9","8.1","81.5","2925","-10.4","13.1","95.2","2410","9.8",,,,,,,,,"0.2","83.8","2882","-5"
"Ryan, Joe",657746,2025,29,"171.0",689,26,194,28.2,5.7,"0.667","65","69","0","3.42",,"443","317","0","0","4","3",".212",".388",".290",".289","90.2","18.7",33.1,11.5,3.2,41.9,"79.815298733","94.608611131",26.1,49.7,25.3,"51.2","93.6","2292","9.3","87.8","2329","6.7",,,,,"3.9","79.2","2816","-9.8","11.2","93.3","2142","8.3",,,,,"11.3","87.6","2015","1.3","13.1","80.6","2786","0.1"
"Henry, Tommy",674072,2025,27,"6.2",26,3,8,30.8,3.8,"0.972","3","3","0","4.05",,"18","11","1","0","0","0",".300",".602",".407",".408","94.8","1.7",37.5,25,12.5,62.5,"82.7704625","99.373844667",28.8,48.6,44.4,"25.2","89","2120","21.5","85.1","2164","6.9","23.4","81.9","1281","3.8","28","77.7","2134","-10.6","1.9","87.2","1991","14",,,,,,,,,,,,
"Falter, Bailey",663559,2025,28,"125.1",518,19,81,15.6,8.9,"0.748","62","68","0","4.45",,"330","139","0","0","15","6",".267",".455",".324",".340","90.5","18.3",32.3,9.5,3.1,45.1,"79.793242435","94.949158316",18.1,47,55.1,"47","92.2","2118","18","85.1","2047","6.5",,,,,"13.6","78","1872","-2.1","13.7","92.1","2073","18.1",,,,,"7.7","85.3","933","10.5",,,,
"García, Yimi",554340,2025,34,"21.0",90,2,25,27.8,13.3,"0.555","9","10","0","3.86",,"64","46","5","1","2","2",".245",".419",".255",".339","91.1","13.8",38.5,9.6,1.9,40.4,"82.363757692","94.334438824",30.7,45.4,27.1,"44.3","96","2593","0.6","92","2714","8.5","5.6","89.5","1872","3.2","17.3","84.5","2857","-1.3","15","95.2","2414","6.8",,,,,,,,,"17.3","85.7","2778","7.1"
"Ureña, José",570632,2025,33,"55.0",245,8,34,13.9,9.4,"0.792","28","29","0","4.58",,"130","77","3","1","4","0",".297",".540",".342",".392","89.6","15.5",36.8,13,3.8,40,"78.45246044","94.656698297",19.8,48.2,29.5,"35.7","96.2","2179","25.7","87.6","2227","7.9","24.6","88.8","1856","8.6",,,,,"10.7","96.2","2122","7.2",,,,,"3.3","85","1320","8.7",,,,
"Campbell, Isaiah",663462,2025,27,"7.2",35,1,3,8.6,2.9,"0.974","6","6","0","7.04",,"18","11","0","0","1","0",".314",".398",".421",".332","87.4","3.8",33.3,3.3,3.3,30,"77.42417","92.73114",21,56.9,43.9,"18.3","96","2512","42.2","90.5","2680","4.7",,,,,"11.9","83.8","2909","-12.8","10.1","94.7","2532","9.4",,,,,,,,,"17.4","84.9","2798","-3.1"
"Mahle, Tyler",641816,2025,30,"86.2",346,5,66,19.1,8.4,"0.593","21","21","0","2.18",,"212","144","0","0","10","3",".256",".406",".265",".318","88.5","14.4",37.8,8,5.2,37.1,"77.65269832","93.80845964",23.2,49.9,41.1,"49.5","92","2333","10","83.4","2449","3",,,,,,,,,,,,,"12.7","85.4","2448","7.8","27.7","84.1","1733","6.8",,,,
"Singer, Brady",663903,2025,28,"169.2",716,19,163,22.8,8.4,"0.718","76","80","0","4.03",,"512","266","0","0","9","3",".247",".404",".313",".320","90.3","14.2",36.3,9.4,2.5,40.7,"79.955468025","94.544913495",24,44.4,25.1,"10.5","91.3","2442","30.1","82.6","2432","-0.9",,,,,,,,,"40.6","92.2","2362","10.2","9.7","87.4","2349","7.6",,,,,"9.1","81.6","2421","1.5"
"Scherzer, Max",453286,2025,40,"85.0",358,19,82,22.9,6.4,"0.810","49","49","0","5.19",,"228","145","0","0","3","0",".248",".471",".346",".330","88.3","21.5",38.2,12.4,5.2,38.2,"76.999474683","94.042422948",23.6,50.1,33.2,"48.5","93.6","2391","23.7","86.3","2404","3.9","14","84.9","1353","4.7","11.9","76.7","2689","-6.4",,,,,"1.9","88.1","2486","7.8",,,,,,,,
"Thompson, Ryan",657044,2025,33,"41.1",175,4,36,20.6,7.4,"0.707","18","21","0","3.92",,"111","73","24","8","19","5",".238",".380",".308",".298","89.9","7.8",30.6,8.1,2.4,40.3,"78.281544839","94.890948145",25.3,48.6,-9,"7.7","91.1","2185","40.6","78","2258","8.9",,,,,,,,,"51.4","89.7","2003","-7.1",,,,,"0.3","81.2","832","1.4",,,,
"Shuster, Jared",694363,2025,26,"15.2",82,0,12,14.6,6.1,"0.888","14","15","0","8.04",,"39","30","5","1","6","1",".291",".405",".379",".324","84.8","10.2",34.9,4.8,7.9,28.6,"71.530652258","93.068846935",23.8,53.9,31.6,"32.5","92.6","2182","26.1","86","2266","5.5","36.8","84.3","1798","0.2",,,,,"3.9","91.8","2078","7.9",,,,,,,,,"0.7","80.8","2149","-4"
"Kriske, Brooks",621139,2025,31,"18.0",88,1,18,20.5,17,"0.842","15","15","0","7.50",,"72","31","6","3","6","2",".260",".341",".366",".327","89.1","12.8",38.2,5.5,5.5,41.8,"78.25285037","94.253055926",23.6,38.8,45.7,"34.9","93.4","2278","1.8","84.2","2280","2.1",,,,,,,,,,,,,"9.7","86.3","2283","4.2","53.5","82.3","1061","0.2",,,,
"Lazar, Max",676661,2025,26,"41.1",170,7,26,15.3,7.1,"0.764","22","23","0","4.79",,"114","53","15","0","9","2",".309",".487",".329",".366","92.6","13.7",39.4,9.8,3,52.3,"82.993182615","96.089544154",20.3,45.8,53.1,"55.3","94.5","2499",,,,,,,,,"26.2","81.1","2487","-15.8",,,,,"15.3","88.3","2416","4.2","3.3","86.8","1232","6.6",,,,
"Burrows, Mike",681347,2025,25,"96.0",402,13,97,24.1,7.7,"0.700","42","43","0","3.94",,"259","177","0","0","8","4",".251",".417",".305",".322","89.2","13.8",33.1,10.8,4.1,42,"77.441745","94.693836269",27,48.7,47.7,"39.2","95.5","2306","19.5","87.3","2536","3","23.7","87.3","1510","7.9","11.9","78.5","2894","-16.2","5.6","95.7","2161","11.8",,,,,,,,,,,,
"Hernández, Daysbel",678226,2025,28,"37.0",163,3,33,20.2,17.8,"0.671","14","16","0","3.41",,"106","81","14","3","8","2",".205",".332",".310",".316","89.4","10.2",30.3,9.1,4,37.4,"79.245454898","94.012642887",29.2,43,40.8,"43.9","97.7","2316","56.1","88.3","2673","0.9",,,,,,,,,,,,,,,,,,,,,,,,
"Loáisiga, Jonathan",642528,2025,30,"29.2",135,7,25,18.5,7.4,"0.872","14","15","0","4.25",,"65","59","18","10","11","0",".240",".373",".367",".296","86.6","7.1",35.4,6.3,7.3,35.4,"73.595242766","93.795091915",26.5,53.3,44.7,"3","96.8","2383",,,,,"18.8","90.3","1804","6.5","16.7","86","2590","0.3","57.8","96.8","2249","6.9","3.6","93.1","2415","5.5",,,,,,,,
"Cruz, Omar",678316,2025,26,"3.2",18,0,5,27.8,16.7,"0.722","2","2","0","4.91",,"9","12","0","0","1","1",".202",".287",".332",".289","98.7","22",40,0,0,70,"91.54998","99.066032",37.5,39.5,49,"61.7","92.7","2357","1.2","86.7","2463","3.3","25.9","82.2","1716","7","11.1","76.6","2806","-19.8",,,,,,,,,,,,,,,,
"Tate, Dillon",622253,2025,31,"6.1",34,1,8,23.5,17.6,"0.885","3","3","0","4.26",,"28","10","1","0","5","0",".264",".460",".396",".389","85.3","16.7",42.1,10.5,5.3,26.3,"74.337925","92.536099474",20.4,38.8,20.6,"2.2","90.9","2110",,,,,"20.9","82.7","1358","-3.7",,,,,"33.8","92.1","1927","1.9",,,,,,,,,"43.2","79.3","2455","4.8"
"Sale, Chris",519242,2025,36,"125.2",510,11,165,32.4,6.3,"0.626","36","38","0","2.58",,"364","252","0","0","14","2",".207",".314",".278",".264","87.2","12",36.4,6.3,5.3,35.4,"75.455732933","93.5351905",30.1,48.9,8.3,"41.9","94.8","2266","47.3","79.1","2356","-2.9","7.3","86.6","1824","-0.6",,,,,"3.4","93.8","2098","1.6",,,,,,,,,,,,
"Mattson, Isaac",676755,2025,29,"47.2",198,4,45,22.7,9.6,"0.600","13","14","0","2.45",,"123","79","18","6","8","1",".210",".351",".264",".281","89.4","23.8",33.3,6.1,5.3,39.4,"79.401004615","93.900533953",23.2,51,49.4,"78.5","93.9","2372","8.9","85","2088","5.2","11.7","86","1720","8.7","0.9","78.8","2285","-7",,,,,,,,,,,,,,,,
"Pérez, Martín",527048,2025,34,"56.0",228,6,44,19.3,9.6,"0.628","22","23","0","3.54",,"168","69","0","0","3","1",".252",".479",".278",".352","88.2","15.1",33.1,15,5.6,39.4,"76.05609725","94.398870189",20.9,42.4,46.5,"3.5","89.7","2071",,,,,"28.8","82.3","1650","9.3","8.3","76.4","2443","-3.3","31.2","89.5","1987","9.6","28.2","86","2220","11.1",,,,,,,,
"Canning, Griffin",656288,2025,29,"76.1",327,8,70,21.4,10.4,"0.682","32","35","0","3.77",,"228","140","0","0","13","6",".254",".422",".303",".332","91.2","7.8",31.8,9.4,2.7,45.7,"81.002928257","95.23954656",25.5,45.8,42.3,"34.5","94.1","2148","31.5","87.7","2739","-4.4","23.2","89.5","1485","1.5","6.5","81.4","2508","-5.5","0.6","94.5","2205","15.5","3.8","89.6","2434","8.2",,,,,,,,
"Hollowell, Gavin",668970,2025,27,"9.1",43,1,10,23.3,16.3,"0.733","5","5","0","4.82",,"32","19","1","1","3","0",".249",".390",".333",".341","86.5","13.1",42.3,7.7,3.8,30.8,"76.264766923","92.421307692",26.7,43.6,10,"45.3","94.4","2718",,,,,,,,,,,,,"20.9","95.3","2625","2.2",,,,,,,,,"33.7","85.1","2547","2"
"Sims, Lucas",608371,2025,31,"12.1",72,2,13,18.1,19.4,"0.976","19","19","0","13.86",,"50","34","5","3","16","6",".244",".423",".433",".407","86.7","14.1",28.9,10.5,5.3,39.5,"73.662255789","94.073607027",35.3,36.6,40,"44.1","94.9","2508","2.2","86.5","3154","8.5",,,,,"4.3","82.2","3128","-7","3.2","95.2","2515","12.9","2.2","90.7","2625","9.8","0.4","86.2","2232","3.2","43.7","84.8","3072","3.8"
"Darvish, Yu",506433,2025,38,"72.0",296,14,68,23,6.4,"0.775","43","44","0","5.38",,"208","108","0","0","8","3",".221",".391",".334",".298","87.3","15.3",32.5,8.9,6.4,33,"76.396139307","93.193532836",23,47,30.7,"14.9","93.9","2358","15","85.7","2750","1.9","0.5","88.1","1778","7.4","16.7","71.7","2510","-13.5","21.2","93.4","2282","7","12.2","90.8","2522","10.7","10.6","86.4","1144","1.3","9","82.6","2742","2.5"
"Brubaker, JT",664141,2025,31,"28.2",117,0,22,18.8,10.3,"0.601","12","12","0","3.77",,"79","42","5","0","6","4",".256",".380",".271",".318","89.6","14.9",39,6.1,1.2,45.1,"79.064437805","94.418216667",23.9,46.5,46.4,"4.1","92.5","2260","24.5","86.3","2596","1.3","15.4","87.9","1900","4.8","10.2","81.6","2757","-6.8","45.8","93.5","2257","9.2",,,,,,,,,,,,
"Cavalli, Cade",676917,2025,26,"48.2",219,7,40,18.3,6.8,"0.797","23","28","0","4.25",,"131","91","0","0","5","0",".260",".386",".347",".315","87.7","3.8",29.7,4.4,7.6,41.8,"74.775958974","94.471469551",27.9,49.6,43.9,"29.6","97.1","2327",,,,,"13.6","89.8","1982","6.1","30.3","86.1","2328","-12.9","18.4","96.9","2246","7.8","8.1","93.5","2317","8.5",,,,,,,,
"Waddell, Brandon",663399,2025,31,"31.1",134,4,22,16.4,8.2,"0.744","12","12","0","3.45",,"77","47","7","1","0","0",".285",".480",".320",".361","89.7","14.8",34,10,5,40,"79.6929348","94.332121717",20.6,46.5,40.7,"22.7","90.7","2232","17.4","86.4","2313","4.8","14.6","83.5","1271","4.6",,,,,"21.7","91","2109","9.3",,,,,,,,,"23.6","78.8","2554","3.3"
"Rodriguez, Carlos",692230,2025,23,"9.2",50,1,11,22,18,"0.952","7","7","0","6.52",,"25","25","2","0","2","1",".215",".314",".414",".312","85.6","22.9",43.3,6.7,6.7,40,"73.198034","93.097263",32,46.6,37.2,"26","93.9","2267","18.8","80.1","2259","4.1","22.1","86.1","1693","5.5","6.7","75.7","2330","-9.6","5.8","94.3","2150","11.3","20.7","88.7","2194","7.9",,,,,,,,
"Miller, Bryce",682243,2025,26,"90.1",392,17,74,18.9,8.7,"0.816","57","57","0","5.68",,"211","154","0","0","13","6",".278",".460",".349",".352","92.4","16.8",34.3,9.3,2.5,48.6,"82.570913551","95.807492873",24.2,50.9,43.7,"40.9","94.8","2509","7.6","85.7","2555","1.3",,,,,"10.8","83.4","2357","-11","16.5","94.5","2471","13.4","1.2","91.2","2574","13.2","18.7","83.9","976","1.6","4.3","82.9","2352","-7.2"
"Fried, Max",608331,2025,31,"195.1",801,14,189,23.6,6.4,"0.615","62","73","0","2.86",,"516","338","0","0","12","4",".236",".355",".272",".288","87.2","6.9",29.6,6.9,6.2,37.2,"74.884362841","93.857707638",26.6,46.9,46,"12.4","95.8","2211","2","85.3","2538","0.1","11","85.2","1659","3.6","17.3","75.2","2920","-16.9","17.7","94","2132","4.3","28","93.6","2302","9",,,,,"11.5","81.5","2838","-3.7"
"Yarbrough, Ryan",642232,2025,33,"64.0",264,13,55,20.8,7.2,"0.737","31","31","0","4.36",,"181","112","8","0","6","1",".256",".415",".318",".319","86.1","15.5",39.9,6.9,6.4,34,"73.70416266","93.280751497",26.6,45.5,13,"13.8","88.1","1932",,,,,"20.6","77.9","1913","-2",,,,,"20.5","87","1835","4.9","25.9","83.2","2105","7.9",,,,,"19.4","71.8","2256","7.5"
"Murdock, Noah",668716,2025,26,"17.0",98,0,21,21.4,20.4,"0.943","25","25","0","13.24",,"86","38","6","1","12","3",".256",".382",".412",".358","88.3","11.5",38.2,7.3,5.5,40,"77.488891538","93.8654775",25.8,38.5,16.6,"0.3","93.3","2163",,,,,"3.8","91.7","2003","4.9",,,,,"53.5","94.7","2109","1.9","22.8","89.3","2366","4.6",,,,,"19.7","82.2","2620","2.4"
"Moreta, Dauri",664294,2025,29,"16.2",68,2,19,27.9,10.3,"0.738","6","8","0","3.24",,"48","37","10","3","7","2",".258",".436",".318",".331","89.6","22.3",40.5,9.5,2.4,31,"80.6390585","93.3826435",32.4,48.8,43.8,"42.5","94.6","2314","56.5","83.5","1990","1.5","1.1","86","1799","14.4",,,,,,,,,,,,,,,,,,,,
"Santillan, Tony",663574,2025,28,"73.2",301,7,75,24.9,9.6,"0.626","20","23","0","2.44",,"183","141","29","13","9","0",".247",".396",".280",".322","91.8","17.4",35.1,8.4,2.1,45.5,"81.403418298","95.576007872",27,49.7,26.2,"65","96.3","2347","13.4","86.5","2215","2.2","0.1","95.1","2389","10.3",,,,,,,,,,,,,,,,,,,,
"Snell, Blake",605483,2025,32,"61.1",254,3,72,28.3,10.2,"0.622","16","21","0","2.35",,"153","139","0","0","1","0",".226",".315",".278",".282","86.2","5.6",35.3,5.8,7.7,34,"73.401030133","93.530650537",35.6,47.3,55.8,"43.6","95.1","2453","11.1","88.2","2314","8.5","23.6","85.5","1793","9.9","21.7","80.6","2517","-6.7",,,,,,,,,,,,,,,,
"Miller, Erik",669062,2025,27,"30.0",128,0,22,17.2,15.6,"0.660","5","5","0","1.50",,"57","61","18","6","16","3",".255",".356",".297",".332","87.8","9.2",30.1,3.6,7.2,32.5,"77.48305225","93.1156705",30.7,47.3,32,"34.2","97.2","2313","22.2","86.3","2614","-1","25.7","87.1","1938","1.9",,,,,"17.8","97.2","2327","8.6",,,,,,,,,,,,
"Burns, Chase",695505,2025,22,"43.1",188,5,67,35.6,8.5,"0.714","22","25","0","4.57",,"98","114","1","0","8","2",".222",".370",".311",".291","90.2","15.3",36.2,9.5,6.7,45.7,"79.716816154","94.89525835",31.9,52.4,51.8,"57.9","98.7","2605","34.7","90.7","2819","1.2","5.6","91.2","1499","6.6","0.8","83.4","2638","-3.6","1","100.1","2386","14.8",,,,,,,,,,,,
"Knack, Landon",689017,2025,27,"42.1",185,10,42,22.7,10.3,"0.818","23","25","0","4.89",,"121","69","0","0","7","2",".266",".490",".350",".364","91.6","17.3",43.4,15.6,1.6,49.2,"81.05370082","95.808123361",21.6,45.5,54.3,"48.5","93.1","2402","11.9","85.3","2623","1","26.1","84.6","1627","8","13.5","80.2","2904","-15",,,,,,,,,,,,,,,,
"Nelson, Kyle",669459,2025,28,"2.0",11,1,2,18.2,36.4,"1.026","2","2","0","9.00",,"7","4","1","0","3","1",".126",".469",".437",".406","86.7","41.1",40,20,0,20,"79.88911","91.723846",26.7,34.1,43.8,"43.2","89.9","2183","54.5","84.2","2793","2.9",,,,,,,,,,,,,"2.3","88.5","2027","14.6",,,,,,,,
"Contreras, Luis",664351,2025,29,"12.0",54,2,13,24.1,14.8,"0.787","9","9","0","6.75",,"33","25","6","1","3","3",".195",".318",".345",".290","88.7","25.1",39.4,6.1,0,30.3,"79.851932353","93.014604545",32.3,44.2,47.6,"50.4","91.1","2544","19.6","85.5","2385","6.8","16.5","83.6","1559","8.2",,,,,"1.3","90.6","2380","13.5",,,,,,,,,"12.1","79.2","2476","2.8"
"Cortes, Nestor",641482,2025,30,"34.1",157,13,29,18.5,12.7,"0.959","24","24","0","6.29",,"110","53","0","0","8","3",".264",".558",".405",".392","92.5","18.4",33,15.1,2.8,46.2,"83.209040943","95.498235429",25,42.7,51.2,"38.1","90.1","2248",,,,,"13.9","82.2","1337","6.6",,,,,"0.2","90.7","2008","15.8","34.6","86.7","2327","11.2",,,,,"13.4","78.1","2523","2.8"
"Garcia, Rico",670329,2025,31,"34.1",142,5,38,26.8,7,"0.678","12","12","0","3.15",,"88","78","13","3","4","1",".228",".353",".292",".283","86.9","13",27.7,7.4,7.4,42.6,"73.883420638","94.043402366",30.7,50.5,49.4,"39.4","95.5","2495","19.1","87","2369","2.1","22","86.5","2290","14.4","19.5","85.3","2587","-9.9",,,,,,,,,,,,,,,,
"Gillaspie, Logan",670810,2025,28,"7.0",31,1,4,12.9,12.9,"0.772","2","2","0","2.57",,"16","9","5","4","2","0",".309",".496",".349",".403","92.1","6.2",50,4.5,0,45.5,"83.374281818","94.791150455",18.5,48.2,45.7,"39.3","94.7","2193","20.5","85.8","2366","1.1","14.3","87.9","1558","6.5","10.7","82.7","2145","-9.7","2.7","95.1","2047","10.8","10.7","91.5","2206","10.3",,,,,"1.8","82.9","2432","-1.7"
"Okert, Steven",595345,2025,33,"71.2",276,6,84,30.4,6.9,"0.528","24","25","0","3.01",,"156","159","38","9","19","5",".186",".315",".233",".250","88.4","25.3",29.2,7,5.3,32.7,"78.437956506","93.270206747",32.8,51.3,34.8,"41.2","92","2226","57.8","80.9","2484","7.2","0.1","85.9","2596","9.7",,,,,,,,,"0.9","91.4","2328","14.2",,,,,,,,
"Estévez, Carlos",608032,2025,32,"66.0",269,5,54,20.1,8.2,"0.591","18","22","0","2.45",,"167","85","11","6","1","0",".229",".393",".255",".297","89.1","23.4",35.4,10.6,2.6,38.1,"78.515485957","93.934951649",19,49.4,41.5,"53.5","95.9","2164","30.9","87.3","2244","3","15.6","87.9","1617","9.8",,,,,,,,,,,,,,,,,,,,
"Olson, Reese",681857,2025,25,"68.2",285,5,65,22.8,8.8,"0.645","24","24","0","3.15",,"194","131","0","0","12","4",".246",".380",".287",".311","91.5","12",36.8,7.4,0.5,44.7,"81.731139149","95.248943138",29.7,44.4,36.6,"18.4","94.3","2323","21.6","84.3","2842","-3.6","25.9","87.7","1960","0.3","5.5","79.7","2458","-12.7","28.2","94.4","2176","10.7",,,,,,,,,"0.4","82.5","2950","-2.6"
"Uribe, Abner",682842,2025,25,"75.1",298,4,90,30.2,9.1,"0.539","14","18","0","1.67",,"220","142","10","4","6","0",".202",".276",".247",".259","86.2","6.3",28.6,2.9,8.6,34.9,"73.561736941","93.438742544",32,45.7,38.3,"3.1","99.6","2378","46","87.3","2515","3.9",,,,,,,,,"50.9","98.7","2309","6.1",,,,,,,,,,,,
"France, J.P.",641585,2025,30,"4.0",16,0,5,31.3,12.5,"0.464","1","1","0","2.25",,"16","7","0","0","0","0",".232",".362",".220",".308","91.7","25.3",44.4,22.2,0,55.6,"83.547326","95.838113333",30,39.5,40.4,"34.2","92.5","2469",,,,,"5.3","85.3","2254","10","18.4","77.1","2591","-17.5","1.3","90.7","2306","12.6","39.5","85.5","2828","2.4",,,,,"1.3","80.8","2856","1.1"
"Williams, Gavin",668909,2025,25,"167.2",704,23,173,24.6,11.8,"0.671","57","62","0","3.06",,"465","305","0","0","16","5",".233",".396",".299",".319","90.4","9.8",35.3,9,3.1,44.3,"80.176453348","94.830091267",27.7,45.7,34.5,"37.4","96.6","2307",,,,,"0.1","87.6","1986","5","22","82","2454","-13.3","6.6","95.9","2060","9.7","14","91.8","2286","7.1",,,,,"19.9","86.5","2269","-1.2"
"Vásquez, Randy",681190,2025,26,"133.2",570,16,78,13.7,9.1,"0.706","57","59","0","3.84",,"365","142","0","0","22","9",".271",".471",".311",".353","89.1","17.2",34.2,10.9,3.7,39.3,"78.051658102","94.305900278",15.7,46.4,35.4,"20.9","93.4","2380","2.1","85.8","2761","5.7","6.9","86.9","2065","4.9","12.9","81.2","3059","-6.5","19.2","93.2","2337","11.3","25","90.2","2515","10.9",,,,,"13","82.1","2990","4.6"
"Peguero, Elvis",665625,2025,28,"9.1",47,1,8,17,12.8,"0.829","7","9","0","6.75",,"26","26","4","2","5","3",".261",".405",".369",".347","90.1","9",37.5,6.3,3.1,28.1,"81.710070625","93.671629688",31.8,47.1,21.2,,,,"49.7","88.1","2618","-2.8",,,,,,,,,"50.3","95.2","1888","3.4",,,,,,,,,,,,
"Gray, Sonny",543243,2025,35,"180.2",753,25,201,26.7,5,"0.726","86","93","1","4.28",,"511","280","0","0","13","8",".253",".411",".314",".307","88.9","11",34.8,9.8,3.5,40.7,"76.982367233","94.518739901",27.5,47.4,47.6,"22.3","91.7","2500","1.6","84.4","2620","-1","8.4","86.2","1860","6.9","18.4","80.2","2583","-13.8","17.4","92.4","2389","8.4","12.6","87.8","2680","2.2",,,,,"19.3","85.1","2661","-4.1"
"Allen, Logan",671106,2025,26,"156.2",676,18,122,18,9.2,"0.737","74","84","0","4.25",,"469","207","0","0","25","8",".250",".417",".323",".327","88.6","12.9",32.8,9.1,5.8,37.5,"77.201543485","94.148613721",20.6,44.3,36.3,"33.5","91.2","2227",,,,,"18.5","82.4","957","6",,,,,"13.2","89","1964","9.2","11.4","85.6","2271","6.3",,,,,"23.3","78","2299","0.7"
"Ragsdale, Carson",685068,2025,27,"5.0",25,1,4,16,4,"1.148","8","8","0","14.40",,"14","7","0","0","0","0",".277",".488",".486",".341","91.8","13.2",35,10,5,55,"81.146808","96.2255",16,52.6,44.5,"28.4","93.9","2270","7.4","89.2","2371","7.7",,,,,"31.6","81.3","2561","-12.9","23.2","92.4","2100","11.1",,,,,"9.5","88","1275","3.6",,,,
"Helsley, Ryan",664854,2025,30,"56.0",252,8,63,25,9.9,"0.784","28","32","0","4.50",,"143","130","1","1","6","1",".242",".386",".336",".307","91","11.4",37.4,7.4,2.5,41.7,"81.211436543","94.813928199",29.5,53,62.2,"45.5","99.3","2536","47.4","88.9","2400","0.3",,,,,"5.8","80.7","2514","-12.2",,,,,"1.3","93.5","2424","11.3",,,,,,,,
"Paddack, Chris",663978,2025,29,"158.0",670,31,112,16.7,5.5,"0.791","94","98","0","5.35",,"353","229","3","0","18","6",".278",".478",".336",".343","90.7","16.3",35.9,10.2,4.6,45.6,"79.944242314","95.130759451",20.7,51.3,47.5,"44.2","93.7","2241","9","85.6","1984","5.8","23.5","84.5","1808","4.6","11.9","78.2","2112","-13","4.4","93.5","2135","14.3","7","88.6","2031","10.3",,,,,,,,
"Gil, Luis",661563,2025,27,"57.0",244,5,41,16.8,13.5,"0.697","21","23","0","3.32",,"167","83","0","0","7","2",".259",".414",".311",".342","90.5","21.3",35.5,8.3,3.6,42.6,"80.108893882","94.765663491",21.5,44,34.8,"50.6","95.3","2468","25.8","86.7","2654","5.9","23.6","90.8","1732","4.8",,,,,,,,,,,,,,,,,,,,
"Ort, Kaleb",672391,2025,33,"46.0",194,8,49,25.3,13.9,"0.719","25","26","0","4.89",,"112","93","19","3","12","4",".191",".342",".316",".289","89.3","17.1",25.9,7.8,0.9,37.9,"78.636906379","94.296714914",29.2,46.4,41.7,"54.3","96.4","2445",,,,,"8.2","89.6","1971","7.5",,,,,,,,,"14.3","90.5","2312","10.3",,,,,"23.1","83.9","2481","-2.3"
"Mazur, Adam",800049,2025,24,"30.0",139,4,19,13.7,8.6,"0.755","16","21","0","4.80",,"84","41","0","0","4","0",".276",".459",".329",".349","87.5","12.1",34.6,8.4,4.7,31.8,"76.053010741","93.596534206",21.8,48.9,55,"23.7","94.8","2343","28.6","87","2496","1.9","8.4","89.3","1574","8.6","10.8","82.4","2511","-9.6","16.2","94.4","2329","13.2",,,,,,,,,"12.3","83.5","2610","-4.7"
"Gipson-Long, Sawyer",687830,2025,27,"31.1",133,8,26,19.5,4.5,"0.870","25","26","0","7.18",,"76","53","3","1","6","4",".300",".551",".362",".376","90.5","13.1",34.3,13.1,3,39.4,"79.2068812","95.157078485",24.4,51.4,29.3,"28.3","92.8","2296","21.4","82.3","2638","-1.4","21.2","84.2","1311","1.8",,,,,"18.4","91.1","2196","5","10.8","87.7","2523","7.8",,,,,,,,
"Hoeing, Bryan",663773,2025,28,"8.0",36,0,5,13.9,8.3,"0.739","3","3","0","3.38",,"17","8","6","1","4","0",".188",".250",".318",".231","89.3","4.4",17.9,0,7.1,35.7,"80.827425","93.094337143",15.9,48.1,31.7,"4.6","92.7","1955","9.9","82.5","2114","-2.4",,,,,,,,,"46.6","92.5","1837","4.3",,,,,"38.9","86.5","1152","1",,,,
"Roycroft, Chris",688297,2025,28,"20.2",101,2,15,14.9,11.9,"0.908","18","21","0","7.84",,"57","33","12","8","3","3",".270",".456",".383",".361","92.1","6.9",24.7,11,4.1,46.6,"81.821721389","95.860379859",21.4,47.5,17,"28.4","95.7","2196",,,,,,,,,,,,,"48.2","95.4","2135","3.7","23.4","88.4","2322","0.6",,,,,,,,
"Snider, Collin",676092,2025,29,"26.1",119,3,24,20.2,5,"0.875","16","20","0","5.47",,"64","51","9","4","5","1",".287",".501",".366",".361","90.3","13",35.6,12.6,3.4,47.1,"78.356503571","95.455914405",21.7,55.1,18.6,"31.4","92.4","2607",,,,,,,,,,,,,"4.4","93.1","2532","6.4","24.1","86.8","2709","-0.6",,,,,"28.5","82.4","2765","2.3"
"Cruz, Fernando",518585,2025,35,"48.0",200,5,72,36,12,"0.620","19","21","0","3.56",,"136","125","27","2","17","6",".202",".328",".281",".289","87.5","16.5",41.6,8.9,5,38.6,"75.3648042","93.7985887",46.5,42.9,48.5,"19.3","93.9","2269","5.9","82.4","2645","0.5",,,,,,,,,"14.3","93","2065","13.6",,,,,"60.5","80.6","841","0.1",,,,
"González, Wikelman",682790,2025,23,"20.1",87,1,25,28.7,13.8,"0.565","6","9","0","2.66",,"61","46","5","1","3","1",".246",".345",".260",".319","91.3","21.6",36,6,2,38,"83.7021356","93.739299184",32.3,43.8,27.5,"56","95.1","2411","5.2","84.1","2630","-0.5","15.5","88.9","1658","5.8",,,,,,,,,,,,,,,,,,,,
"Harris, Hayden",802686,2025,26,"2.2",12,0,0,0,16.7,"0.817","1","1","0","3.38",,"6","1","0","0","0","0",".401",".599",".367",".473","89.9","6.4",60,10,10,40,"80.65758","94.38604",3.7,54,16.9,"84","91.9","2161",,,,,,,,,,,,,,,,,,,,,"4","87.5","1688","6.3","12","81.8","2256","7.6"
"Díaz, Edwin",621242,2025,31,"66.1",258,4,98,38,8.1,"0.502","12","14","0","1.63",,"167","187","15","6","2","0",".170",".257",".234",".245","88.5","11.3",32.8,4.6,6.9,39.7,"77.057612969","94.369810156",41.5,47.6,19.3,"52.6","97.2","2327","47.3","89.1","2260","3.8","0.1","94.5","1637","7.5",,,,,,,,,,,,,,,,,,,,
"Bautista, Félix",642585,2025,30,"34.2",142,3,50,35.2,16.2,"0.519","10","10","0","2.60",,"88","86","2","0","1","0",".154",".269",".246",".262","87.9","9.4",30.4,8.7,5.8,42,"75.427552286","94.303268696",35.7,45.1,65.9,,,,"9.3","85.5","2453","0.9",,,,,,,,,"61.8","97.2","2393","20.6","0.3","92.6","2318","14.5","28.6","88.9","1050","10.5",,,,
"Scott, Tayler",605463,2025,33,"27.1",134,6,24,17.9,13.4,"0.988","24","25","0","7.90",,"88","56","10","3","12","4",".267",".487",".415",".381","89","10",37.4,11,7.7,44,"76.901443182","94.95786023",27.7,43.1,12.9,"47.8","92","2084","6.5","86.3","2832","0.5",,,,,,,,,"2.8","91.7","2191","3.3",,,,,"28.9","83.9","1410","-4.4","14","82.7","2813","-1.1"
"Ellard, Fraser",686642,2025,27,"17.0",74,1,22,29.7,25.7,"0.600","8","9","0","4.24",,"49","36","8","1","14","6",".202",".343",".303",".358","90","12.5",31.3,6.3,9.4,43.8,"77.840253125","95.577287188",34.1,41.9,27.6,"51.4","94.9","2536","26.1","85.1","2357","-2","7.3","89.9","1688","2.7",,,,,"14.6","93.7","2395","6.3","0.6","89.9","2327","4.3",,,,,,,,
"Akin, Keegan",669211,2025,30,"63.1",268,10,59,22,12.3,"0.729","24","28","0","3.41",,"154","118","37","8","12","2",".240",".430",".318",".332","89.4","16.7",36.6,9.7,2.3,41.7,"78.311395747","94.332622312",25.6,51.2,38.4,"51.3","93.7","2371","28.7","85.6","2582","2.9","19.9","86.6","2067","9",,,,,,,,,,,,,,,,,,,,
"Bummer, Aaron",607481,2025,31,"54.1",236,3,51,21.6,7.6,"0.712","23","27","0","3.81",,"197","77","30","16","17","9",".268",".370",".310",".318","89.7","2.9",33.3,3.2,4.5,39.1,"79.893937922","94.157028693",22.9,43.1,10.7,"12.6","91.6","2280",,,,,,,,,"35","81","2371","-8.4","34.8","90.8","2147","1.2",,,,,,,,,"17.7","81.2","2431","-0.4"
"Agnos, Zach",688642,2025,24,"31.1",137,5,19,13.9,11.7,"0.833","23","25","0","6.61",,"54","62","9","1","13","8",".282",".525",".357",".382","89.6","14.9",31.4,12.7,6.9,44.1,"78.4800142","94.796081919",29.4,48.4,40.1,"29.4","95.8","2364",,,,,,,,,,,,,,,,,"33.4","92.7","2324","7.3","20.5","86.7","1429","2","16.7","84.9","2649","-4.7"
"Allard, Kolby",663465,2025,27,"65.0",266,5,42,15.8,5.3,"0.684","19","22","0","2.63",,"178","79","5","5","3","1",".243",".383",".293",".285","88.2","17.8",34.4,5.7,5.7,35.9,"77.493502039","93.650984049",19.6,49.5,46.1,"37.9","90.1","2030",,,,,"20","81.4","1547","6.3","13.2","72.1","1882","-13.1","9.6","90.5","2004","12.9","19.3","84.9","2039","6.7",,,,,,,,
"Mercado, Michael",675650,2025,26,"3.0",20,1,4,20,20,"1.217","5","5","0","15.00",,"11","8","0","0","0","0",".335",".599",".505",".443","98.7","6.9",66.7,8.3,8.3,58.3,"92.969728333","98.727571818",21.1,44.7,35.8,"55.3","97","2368",,,,,,,,,"15.3","83.7","2572","-12.7",,,,,"24.7","88.4","2336","1.5","4.7","90.8","1392","1.8",,,,
"Schlittler, Cam",693645,2025,24,"73.0",304,8,84,27.6,10.2,"0.646","24","24","0","2.96",,"196","133","0","0","11","1",".232",".376",".291",".313","89","14.5",41.3,8.2,3.3,40.2,"78.249297826","94.098445683",26.1,50.1,41.9,"54.7","98","2436",,,,,,,,,"14.9","83.3","2606","-12.6","7.2","97.5","2285","12.5","20.8","91.9","2516","4.8",,,,,"2.4","87.9","2446","7.9"
"Coulombe, Danny",543056,2025,35,"43.0",176,3,43,24.4,10.2,"0.574","11","11","0","2.30",,"99","89","32","6","13","3",".243",".369",".261",".306","87.5","17.2",31.3,5.2,6.1,38.3,"76.015655893","93.564165804",27.7,50.6,57.2,"19.1","90.3","2424",,,,,,,,,"2.9","78.6","2716","-16.8","19.6","90.2","2305","13.2","40.3","85.2","2619","2.6",,,,,"18.1","80.7","2608","-5.1"
"Houser, Adrian",605288,2025,32,"125.0",518,10,92,17.8,7.3,"0.710","46","49","0","3.31",,"296","153","0","0","7","1",".257",".380",".312",".312","90.2","9.3",30.3,6.1,4.2,47.6,"79.183997937","95.051249788",18.1,49.6,36.5,"11.7","95.2","2301","15.4","88.1","2432","4.5","15.3","85.8","1613","4.6","11.7","81.7","1965","-12.1","45.9","94.4","2202","7",,,,,,,,,,,,
"Zerpa, Angel",672582,2025,25,"64.2",275,7,58,21.1,8,"0.758","30","30","0","4.18",,"235","67","39","12","31","7",".248",".393",".330",".310","89.5","0",30.6,8.3,7.8,43,"78.207393191","94.766879415",16.4,43.3,29.5,"19.8","96.2","2000","31.9","85.1","2609","-6.9","3.6","90.8","1623","5.2",,,,,"44.6","96.6","2063","3.8",,,,,,,,,,,,
"Maldonado, Anthony",687424,2025,27,"6.0",33,3,7,21.2,15.2,"1.241","8","8","0","12.00",,"18","16","3","1","1","0",".292",".558",".505",".399","94.9","18.6",57.1,23.8,0,61.9,"87.251362727","96.950589048",30.4,43.4,35.3,"48.1","92.5","2338","51.9","83.9","2635","0.9",,,,,,,,,,,,,,,,,,,,,,,,
"Gray, Jon",592351,2025,33,"14.0",63,5,12,19,9.5,"0.912","12","12","0","7.71",,"30","21","3","1","6","0",".270",".552",".385",".379","91.6","25.1",44.4,17.8,2.2,46.7,"82.226158261","95.202374444",21,50,28.1,"47.1","94.8","2008","42.4","87.3","2394","2.6","7.6","88.3","1465","4.3","2.9","77.3","2476","-8.7",,,,,,,,,,,,,,,,
"Skubal, Tarik",669373,2025,28,"195.1",748,18,241,32.2,4.4,"0.559","48","55","1","2.21",,"442","465","0","0","12","4",".208",".339",".245",".258","86.1","12.7",35.6,8.1,6.2,33,"73.770997639","93.244404688",32.5,54.8,49.4,"29.5","97.6","2354","12.5","90","2233","4.8","31.4","88","1837","6.5","2.8","81.2","2505","-5.4","23.7","97.3","2249","13.6",,,,,"0.1","89.3","941","5.9",,,,
"Sabrowski, Erik",681870,2025,27,"29.1",121,2,42,34.7,17.4,"0.561","6","8","0","1.84",,"73","75","16","1","22","4",".158",".274",".271",".286","89.7","24.8",38.2,3.6,7.3,41.8,"79.735872593","94.370352075",38.1,47.5,48.2,"68","93.9","2634","16.9","87.1","2578","5.9",,,,,"15.1","80.3","2686","-14",,,,,,,,,,,,,,,,
"Boushley, Caleb",676961,2025,31,"43.1",193,5,41,21.2,7.3,"0.821","29","33","0","6.02",,"142","59","10","1","12","5",".310",".481",".356",".367","90.8","11.9",41.9,11.8,4.4,50,"80.443002059","95.271632148",20.8,42.2,43.2,"19.5","91.9","2385","13.1","83.8","2496","1","13.2","85","1811","6.6","7.3","75.9","2482","-11.2","27.8","92.2","2240","10.2","19.1","89.6","2399","11.5",,,,,,,,
"Schmidt, Clarke",657376,2025,29,"78.2",316,9,73,23.1,9.5,"0.627","29","29","0","3.32",,"207","139","0","0","8","3",".200",".338",".277",".273","88.1","19.6",32.5,6.6,6.1,35.4,"77.140581038","93.721791185",26.6,47.6,35.2,"8.2","94.2","2615","12.9","85.3","3037","4.5",,,,,"18.2","85","3112","-13.8","8.2","92.6","2603","4","40.5","92.2","2745","9.5",,,,,"12.2","83.1","3144","-1.3"
"Garabito, Gerson",642520,2025,29,"8.0",41,1,8,19.5,2.4,"0.965","8","12","0","9.00",,"28","16","2","0","0","0",".319",".481",".421",".370","86.5","6.7",46.7,6.7,0,33.3,"74.663765333","93.185293667",31.6,47.1,43.5,"20.7","93.2","2390","22.3","88.8","2531","5.3","15.7","86.8","1879","6.6","24","82","2585","-3.4","17.4","92.9","2374","7",,,,,,,,,,,,
"Walter, Brandon",687888,2025,28,"53.2",212,10,52,24.5,1.9,"0.673","20","20","0","3.35",,"136","92","0","0","1","0",".239",".387",".288",".282","86.2","12",30.7,7.2,5.2,38.6,"73.587650789","93.449561854",24.6,50.5,26.9,"19.3","91.8","2179",,,,,"18.3","80.9","2077","0.1",,,,,"12.5","91.5","2105","5.2","27.4","88.2","2303","6.8",,,,,"22.5","79.5","2555","-2.4"
"Kimbrel, Craig",518886,2025,37,"12.0",49,2,17,34.7,14.3,"0.728","3","4","0","2.25",,"36","24","1","0","5","0",".222",".361",".326",".313","86.8","19.6",32,8,4,36,"74.174413077","94.0352872",29.8,40.9,23.3,"64.8","93.5","2295",,,,,"5.2","88","1787","2.2","19.1","84","2657","-7.5",,,,,,,,,,,,,"10.9","84.9","2693","-0.2"
"Sanders, Cam",676742,2025,28,"6.2",34,2,4,11.8,14.7,"0.964","6","6","0","8.10",,"23","15","3","3","5","2",".329",".617",".414",".445","88.4","26.5",44,12,4,36,"77.805746923","94.063444",27.7,44.2,35.3,"52.4","95.7","2535","25.2","86.8","2665","1.7","12.2","91.3","1660","0.5",,,,,,,,,,,,,,,,,"10.2","83","2854","-5.1"
"Lee, Chase",695445,2025,26,"37.1",148,7,36,24.3,6.1,"0.769","17","17","0","4.10",,"118","49","16","5","1","0",".272",".499",".322",".346","90.7","14.7",43.6,13.9,3,40.6,"80.353166863","94.948634455",21.1,44.3,-4.1,"26.8","89.2","2461",,,,,"6","85.8","1622","-4.8",,,,,"32.3","89","2395","-1.9",,,,,,,,,"34.8","79.9","2974","5.1"
"Sheehan, Emmet",686218,2025,25,"73.1",291,7,89,30.6,7.6,"0.568","23","29","0","2.82",,"161","168","1","0","6","3",".207",".338",".251",".270","89.3","20.1",37.6,10.1,3.9,41.6,"78.513132472","94.324085281",32.9,50.4,34.7,"46.8","95.6","2444","30.4","87.8","2352","3.9","16.7","86.2","1141","0.7","6.1","77.9","2638","-13.8",,,,,,,,,,,,,,,,
"Lawrence, Casey",596271,2025,37,"17.2",80,2,7,8.8,1.3,"0.844","8","15","0","4.08",,"52","17","0","0","0","0",".359",".589",".361",".421","89.3","15.1",42.3,12.7,4.2,43.7,"77.453816389","94.830128169",14.2,46,19.6,"6.9","87.9","2158","6.5","78.4","2587","5.8","21.4","80.6","1838","0.7","0.7","75.4","2594","-4.8","39.9","87.5","2089","4.5","1.8","82.9","2270","7.2",,,,,"22.8","77.7","2620","4.5"
"Veneziano, Anthony",685107,2025,27,"25.0",117,4,25,21.4,9.4,"0.838","13","13","0","4.68",,"76","51","24","7","15","3",".284",".463",".359",".358","91.3","9.5",32.9,11.4,3.8,46.8,"79.680534359","95.724240649",24.3,48.7,34.8,"30.5","94","2298","23.9","87.1","2366","2.9","7.1","87","1670","6",,,,,"11.6","92.7","2330","9.9",,,,,,,,,"27","82.7","2436","0.5"
"Puk, A.J.",640462,2025,30,"8.0",35,2,12,34.3,5.7,"0.845","3","3","0","3.38",,"23","21","2","2","0","0",".200",".328",".360",".267","86.7","19.3",40,5,5,25,"77.192733","92.4729705",32.5,53.2,26.5,"62.2","96.4","2300","36.5","85.4","2297","-1.7",,,,,,,,,"1.3","95.9","2094","6",,,,,,,,,,,,
"McKenzie, Triston",663474,2025,27,"5.2",30,1,4,13.3,23.3,"1.012","7","7","0","11.12",,"12","8","0","0","2","0",".322",".570",".430",".481","93.4","20.7",52.6,21.1,0,47.4,"84.38792","96.313027895",21.2,42.3,49.2,"80.5","93.7","2347","6.5","86.1","2046","6.4",,,,,"13","79.5","2303","-8.9",,,,,,,,,,,,,,,,
"Anderson, Shaun",641312,2025,30,"11.1",56,6,11,19.6,5.4,"1.147","13","13","0","10.32",,"36","24","4","2","5","3",".284",".550",".483",".371","91.2","19",31,16.7,4.8,38.1,"82.422255238","94.446098049",23.8,48.4,44.9,"28.2","92.3","2499","31","88.3","2614","4.4","22.2","85.7","1416","5.3",,,,,"2.8","93","2412","13.2",,,,,,,,,"15.7","82.3","2757","0.7"
"Peralta, Sammy",671111,2025,27,"10.2",52,0,8,15.4,11.5,"0.794","9","12","0","7.59",,"28","15","2","0","0","0",".268",".362",".325",".288","89.9","20.3",23.7,2.6,5.3,44.7,"77.709348421","95.355567568",22.1,50.3,16.2,"7.2","88.9","2201","48.4","80.9","2466","4.5","10.5","84.1","1993","0.7",,,,,"33.3","89","2178","4.5",,,,,,,,,"0.7","79.5","2608","3.9"
"Seymour, Carson",693313,2025,26,"36.0",156,9,26,16.7,8.3,"0.818","19","21","0","4.75",,"113","49","0","0","4","1",".280",".510",".352",".368","91.4","6.6",33.6,15.5,5.2,44.8,"80.393910702","95.602991228",21.8,43.6,41.7,"22.1","96.8","2319","19.6","87","2070","-5.4",,,,,"6.1","85.4","1970","-8.8","42.2","96.1","2250","6","10","93.5","2363","7.2",,,,,,,,
"Mena, Cristian",691441,2025,22,"6.2",26,1,8,30.8,11.5,"0.492","1","1","0","1.35",,"12","13","3","0","0","0",".214",".293",".226",".275","86.8","4.7",33.3,6.7,13.3,46.7,"74.67341625","94.214864",30.4,46,46.9,"29","95.3","2370",,,,,"15","91.5","2057","6.3","33","88.2","2488","-1.2","12","94.4","2329","11",,,,,,,,,"11","87.1","2543","7.2"
"Wrobleski, Justin",680736,2025,24,"66.2",280,6,76,27.1,6.1,"0.686","32","34","0","4.32",,"179","112","6","0","5","2",".244",".356",".299",".288","92","6.9",30.4,3.8,3.3,47.8,"81.742858778","95.696025111",24.6,50.6,36.7,"28.6","96","2422","24.8","87.8","2440","0.1","3.3","88.1","1321","1","8.6","81.4","2402","-8.9","20.6","95","2130","10.6","14.1","92.1","2444","8.6",,,,,,,,
"Bradish, Kyle",680694,2025,28,"32.0",126,3,47,37.3,7.9,"0.566","9","9","0","2.53",,"92","66","0","0","0","0",".212",".332",".255",".273","89.8","20.3",45.6,8.8,2.9,38.2,"79.437979706","94.417301029",34.8,45.3,56.3,"22.3","94.4","2420","31.8","87","2589","0.1",,,,,"13","84","2596","-12.2","33","94.8","2162","14.1",,,,,,,,,,,,
"Eovaldi, Nathan",543135,2025,35,"130.0",496,10,129,26,4.2,"0.546","25","28","1","1.73",,"312","239","0","0","5","0",".221",".358",".240",".273","88.6","9.5",31.4,7.4,4.4,38.5,"77.481805","93.954033855",27.7,50.7,32.5,"22.5","94.1","2228","1.2","85.7","2112","3.6",,,,,"19.8","75.8","1913","-8.4","5.1","93.3","2137","9.6","20.1","90.5","2301","11.5","31.4","87.6","1512","0.2",,,,
"Warren, Will",701542,2025,26,"162.1",711,22,171,24.1,9.1,"0.738","80","90","0","4.44",,"535","259","0","0","24","7",".255",".420",".321",".330","91","12.2",36,10.9,4.9,45.3,"80.374098233","95.303643801",24.6,42.8,27.3,"41.6","93.3","2573",,,,,"9.8","87","1723","0.6","7","80.2","2867","-11.1","21","93.2","2430","4.2",,,,,,,,,"20.6","82.7","3024","0.2"
"Roupp, Landen",694738,2025,26,"106.2",476,11,102,21.4,9.5,"0.740","45","55","0","3.80",,"355","174","0","0","21","10",".251",".399",".325",".319","88.4","9.8",36.5,8.9,6.7,36.5,"76.827210559","94.175041433",25.2,43.8,23.1,"0.7","93.1","2101",,,,,"17.1","86.6","1828","-2.3","35.7","76.7","3029","-6.6","39.9","92.8","2101","3","6.7","90.3","2324","8.2",,,,,,,,
"Anderson, Ian",666120,2025,27,"9.1",51,2,8,15.7,13.7,"1.039","12","13","0","11.57",,"27","19","0","0","5","4",".290",".427",".444",".357","88.3","13.4",36.1,8.3,8.3,41.7,"74.938236471","94.911152647",22.6,45.8,63.3,"51.7","93.7","1950",,,,,"34.5","88.2","1496","9.6","13.8","80.9","2297","-5.4",,,,,,,,,,,,,,,,
"McGee, Easton",668834,2025,27,"14.2",62,1,13,21,8.1,"0.716","9","9","0","5.52",,"40","20","1","0","0","0",".269",".420",".305",".318","91.5","6.7",36.4,9.1,2.3,47.7,"81.390828636","95.271675682",19.2,53.8,24.8,"20.2","93","2500",,,,,"1.8","87.3","2081","3.9","30","79.8","2333","-9.2","31.8","93.5","2378","7.6","13","87.8","2379","9",,,,,"3.1","82.2","2393","3.3"
"Peralta, Luis",678821,2025,24,"19.0",101,6,16,15.8,17.8,"1.043","20","22","0","9.47",,"67","29","10","3","13","7",".307",".555",".444",".433","93.8","16.1",43.1,9.2,0,50.8,"84.544119375","96.375325156",20.8,42,26.5,"70.6","94.6","2233",,,,,"2.3","86.7","1719","10.8","27.1","81.6","2319","-2",,,,,,,,,,,,,,,,
"Rogers, Trevor",669432,2025,27,"109.2",423,6,103,24.3,6.9,"0.503","22","23","0","1.81",,"250","204","0","0","7","1",".227",".367",".226",".286","89.7","13.1",31.5,7.6,5.2,48.4,"77.857441469","95.210002667",25.6,52.9,22.1,"40.7","93.1","2411","12","81.2","2191","3.4","25","86.2","1478","0.6",,,,,"15.1","92.8","2342","8",,,,,,,,,"7.3","78.2","2050","8"
"Pepiot, Ryan",686752,2025,27,"167.2",679,26,167,24.6,9,"0.701","72","77","0","3.86",,"385","303","0","0","10","2",".227",".387",".306",".307","90.1","15.9",36.6,9.7,4.7,42.5,"79.1526625","94.907501",26,50.1,41.3,"45.1","95.2","2413","17.2","89","2591","8.7","25","86.8","2506","2.1","3.3","80.8","2947","-11.1","2.4","94.9","2391","15.3","7","91.5","2516","13.7",,,,,,,,
"Dobbins, Hunter",690928,2025,25,"61.0",256,6,45,17.6,6.6,"0.714","28","30","0","4.13",,"169","81","0","0","8","5",".245",".414",".310",".311","89.3","9.5",31.8,6.8,4.2,41.7,"77.906045053","94.643822789",21.9,46.5,49.2,"40.5","95.5","2371","27.3","87.6","2568","1",,,,,"12","78.7","2482","-11.5","1.4","95","2242","10",,,,,"8.7","90.5","1462","5.1","10.1","81.2","2535","1"
"Boyle, Joe",671212,2025,25,"52.0",226,6,58,25.7,12.4,"0.701","27","33","0","4.67",,"160","101","0","0","10","4",".221",".366",".312",".309","91.1","15.1",29.2,10.2,2.2,46,"80.542818261","95.211971825",29,43.9,32.1,"48.5","98.5","2579","35.1","90.8","2612","2.2",,,,,,,,,,,,,,,,,"16.3","93","1988","2.9","0.1","82.5","2564","-0.5"
"Brash, Matt",666374,2025,27,"47.1",199,4,58,29.1,9,"0.652","13","15","0","2.47",,"156","100","11","1","5","0",".225",".331",".288",".281","86.9","6.3",31.4,5.8,7.4,30.6,"75.095696034","93.324825862",30.9,42.1,29.3,"4.9","95.8","2239","60.6","86","2951","-0.9","11.9","90","1723","-3.3","0.7","83.8","2992","-8.4","21.9","96.4","2254","7.8",,,,,,,,,,,,